year,university,paper_count,weighted_count
2016,近畿大学,0,0.0
2017,近畿大学,0,0.0
2018,近畿大学,0,0.0
2019,近畿大学,0,0.0
2020,近畿大学,1,3.2
2021,近畿大学,0,0.0
2022,近畿大学,0,0.0
2023,近畿大学,0,0.0
2024,近畿大学,0,0.0
2025,近畿大学,4,5.2
2016,大阪大学,0,0.0
2017,大阪大学,0,0.0
2018,大阪大学,0,0.0
2019,大阪大学,0,0.0
2020,大阪大学,0,0.0
2021,大阪大学,3,8.899999999999999
2022,大阪大学,2,12.1
2023,大阪大学,1,5.5
2024,大阪大学,3,52.9
2025,大阪大学,0,0.0
2016,東北大学,0,0.0
2017,東北大学,0,0.0
2018,東北大学,0,0.0
2019,東北大学,0,0.0
2020,東北大学,1,3.0
2021,東北大学,2,8.899999999999999
2022,東北大学,1,6.6
2023,東北大学,1,4.0
2024,東北大学,0,0.0
2025,東北大学,1,6.3
2016,東京大学,0,0.0
2017,東京大学,0,0.0
2018,東京大学,0,0.0
2019,東京大学,0,0.0
2020,東京大学,1,2.9
2021,東京大学,1,5.7
2022,東京大学,2,3.6
2023,東京大学,0,0.0
2024,東京大学,3,12.9
2025,東京大学,4,10.9
2016,島根大学,0,0.0
2017,島根大学,0,0.0
2018,島根大学,0,0.0
2019,島根大学,0,0.0
2020,島根大学,0,0.0
2021,島根大学,0,0.0
2022,島根大学,1,5.5
2023,島根大学,1,5.5
2024,島根大学,0,0.0
2025,島根大学,0,0.0
