,,,,,,,出力日時,2026/2/17 17:26,出力端末名,,発行者,,,,,
,日付,2025/8/31,,,,,,,,,,,,,,
,表示条件,"1か月報告,病棟別",,,,,,,,,,,,,,
,,,,,,,,,,,,,,,,
,,,,,,,,,,,,,,,,
病棟,定床,当月(8月),,,当日,,,,,,,当月累計,,,,
,,"利用
病床数","病床
利用率","平均
入院日数","病床
利用率","在院
患者数",入院,退院,転入,転出,空床,"在院
患者数",入院,退院,転入,転出
,,,,,,,,,,,,,,,,
SCU病棟,9,8.9,98.60%,8.5,88.90%,8,0,0,0,1,1,275,28,2,4,31
３階病棟,36,28.6,79.40%,7.2,77.80%,28,2,1,1,0,8,886,93,90,30,33
４階病棟,45,43,95.60%,23.6,93.30%,42,0,0,0,0,3,1334,53,56,4,0
５階病棟,50,45.4,90.80%,54.2,92.00%,46,0,0,0,0,4,1408,11,26,14,1
６階病棟,49,44.7,91.20%,42.6,95.90%,47,0,0,0,0,2,1385,20,30,14,1
ｱﾙﾎﾞｰｽ２F,54,52.8,97.80%,52.8,100.00%,54,0,0,0,0,0,1637,32,30,0,0
ｱﾙﾎﾞｰｽ３F,36,35.9,99.60%,49.4,100.00%,36,0,0,0,0,0,1112,23,22,0,0
ｱﾙﾎﾞｰｽﾕﾆｯﾄ,10,9.9,98.70%,61.2,90.00%,9,0,0,0,0,1,306,5,5,0,0
合計,289,269.1,93.10%,25.4,93.40%,270,2,1,1,1,19,8343,265,261,66,66
