フォーマット,病棟別人数分布表(条件指定)
対象日,2025年10月 1日(水)～2025年10月31日(金)
選択病室,

,評価方法,日付,1,2,3,4,5,6,7,8,9,10,11,12,13,14,15,16,17,18,19,20,21,22,23,24,25,26,27,28,29,30,31,延べ,平均,
６階病棟,Ⅰ,該当人数,0,0,0,0,0,1,1,2,1,1,1,1,1,1,4,3,3,3,,3,3,3,4,4,4,4,3,3,3,3,1,61,2.0,
６階病棟,Ⅰ,対象人数,14,16,15,15,15,15,14,14,14,15,15,15,15,14,16,16,16,16,,16,16,16,16,16,16,16,15,15,14,14,15,455,14.7,
６階病棟,Ⅰ,割合(%),0.0,0.0,0.0,0.0,0.0,6.6,7.1,14.2,7.1,6.6,6.6,6.6,6.6,7.1,25.0,18.7,18.7,18.7,,18.7,18.7,18.7,25.0,25.0,25.0,25.0,20.0,20.0,21.4,21.4,6.6,13.4,12.7,
６階病棟,Ⅱ,該当人数,0,0,0,0,0,1,1,2,1,1,1,1,1,1,4,3,3,3,3,3,3,3,4,4,4,4,3,3,3,3,1,64,2.1,
６階病棟,Ⅱ,対象人数,14,16,15,15,15,15,14,14,14,15,15,15,15,14,16,16,16,16,16,16,16,16,16,16,16,16,15,15,14,14,15,471,15.2,
６階病棟,Ⅱ,割合(%),0.0,0.0,0.0,0.0,0.0,6.6,7.1,14.2,7.1,6.6,6.6,6.6,6.6,7.1,25.0,18.7,18.7,18.7,18.7,18.7,18.7,18.7,25.0,25.0,25.0,25.0,20.0,20.0,21.4,21.4,6.6,13.5,13.3,
６階病棟,割合の差(%),割合の差(%),0.0,0.0,0.0,0.0,0.0,0.0,0.0,0.0,0.0,0.0,0.0,0.0,0.0,0.0,0.0,0.0,0.0,0.0,-,0.0,0.0,0.0,0.0,0.0,0.0,0.0,0.0,0.0,0.0,0.0,0.0,0.1,0.0,
総計,Ⅰ,該当人数,0,0,0,0,0,1,1,2,1,1,1,1,1,1,4,3,3,3,0,3,3,3,4,4,4,4,3,3,3,3,1,61,2.0,
総計,Ⅰ,対象人数,14,16,15,15,15,15,14,14,14,15,15,15,15,14,16,16,16,16,0,16,16,16,16,16,16,16,15,15,14,14,15,455,14.7,
総計,Ⅰ,割合(%),0.0,0.0,0.0,0.0,0.0,6.6,7.1,14.2,7.1,6.6,6.6,6.6,6.6,7.1,25.0,18.7,18.7,18.7,0.0,18.7,18.7,18.7,25.0,25.0,25.0,25.0,20.0,20.0,21.4,21.4,6.6,13.4,12.7,
総計,Ⅱ,該当人数,0,0,0,0,0,1,1,2,1,1,1,1,1,1,4,3,3,3,3,3,3,3,4,4,4,4,3,3,3,3,1,64,2.1,
総計,Ⅱ,対象人数,14,16,15,15,15,15,14,14,14,15,15,15,15,14,16,16,16,16,16,16,16,16,16,16,16,16,15,15,14,14,15,471,15.2,
総計,Ⅱ,割合(%),0.0,0.0,0.0,0.0,0.0,6.6,7.1,14.2,7.1,6.6,6.6,6.6,6.6,7.1,25.0,18.7,18.7,18.7,18.7,18.7,18.7,18.7,25.0,25.0,25.0,25.0,20.0,20.0,21.4,21.4,6.6,13.5,13.3,
総計,割合の差(%),割合の差(%),0.0,0.0,0.0,0.0,0.0,0.0,0.0,0.0,0.0,0.0,0.0,0.0,0.0,0.0,0.0,0.0,0.0,0.0,18.7,0.0,0.0,0.0,0.0,0.0,0.0,0.0,0.0,0.0,0.0,0.0,0.0,0.1,0.6,
