service_area,schedule_month,scheduled_date,movement_type,form,count,person_name,time_text,transport,place,note,sheet_name,source_row,source_side,match_status,matched_user_id,matched_segment_start,matched_segment_end,match_delta_days
2F,2025-04,2025-04-01,floor_out,ショート,,鎌塚 保太朗,,,書類上,22,R7.4月,5,right,matched_boundary_only_name_mismatch,00028837,2025-04-01,2025-04-02,1
2F,2025-04,2025-04-02,floor_in,ショート,1,掘田 益男,AM,迎,自宅,8,R7.4月,14,left,not_matched_name_unknown,,,,
2F,2025-04,2025-04-02,floor_in,入所,,鎌塚 保太朗,,,書類上,15,R7.4月,15,left,not_matched_name_unknown,,,,
2F,2025-04,2025-04-10,floor_in,入所,1,関川 浩,10:30,,併設病院,13,R7.4月,77,left,not_matched_name_unknown,,,,
2F,2025-04,2025-04-18,floor_out,入所,1,竹内 健次,10:00,,ユニット,0,R7.4月,141,right,matched_within_tolerance,00135831,2025-04-01,2025-04-17,-1
2F,2025-04,2025-04-19,floor_in,ショート,1,杉浦 好枝,10:30,,自宅,20,R7.4月,151,left,not_matched_name_unknown,,,,
2F,2025-05,2025-05-08,floor_out,ショート,,新井 幸子,,,書類上,,R7.5月,63,right,not_matched_boundary_mismatch,00092936,2025-04-16,2025-04-19,-19
2F,2025-05,2025-05-09,floor_in,入所,,新井 幸子,,,書類上,,R7.5月,70,left,not_matched_boundary_mismatch,00092936,2025-04-30,2025-05-31,-9
2F,2025-05,2025-05-17,floor_in,ショート,1,礒田 カヅ子,10:30,,自宅,23,R7.5月,134,left,not_matched_name_unknown,,,,
2F,2025-05,2025-05-19,floor_out,ショート,1,礒田 カヅ子,10:00,,自宅,23,R7.5月,149,right,not_matched_name_unknown,,,,
2F,2025-05,2025-05-20,floor_out,ショート,,逸見 弘久,,,書類上,8,R7.5月,158,right,not_matched_boundary_mismatch,00093421,2025-04-01,2025-04-19,-31
2F,2025-05,2025-05-21,floor_in,入所,,逸見 弘久,,,書類上,8,R7.5月,165,left,not_matched_boundary_mismatch,00093421,2025-04-24,2025-09-18,-27
2F,2025-05,2025-05-26,floor_in,ショート,1,斉藤 敏彦,10:30,,自宅,21,R7.5月,205,left,not_matched_name_unknown,,,,
2F,2025-05,2025-05-27,floor_in,ショート,1,グエンティ キムホン,15:00,,自宅,20,R7.5月,214,left,not_matched_name_unknown,,,,
2F,2025-05,2025-05-28,floor_out,ショート,1,斉藤 敏彦,AM,送,自宅,21,R7.5月,222,right,not_matched_name_unknown,,,,
2F,2025-05,2025-05-30,floor_out,ショート,1,グエンティ キムホン,AM,送,自宅,20,R7.5月,238,right,not_matched_name_unknown,,,,
2F,2025-06,2025-06-08,floor_out,ショート,1,浅野 セツ,,,書類上,6,R7.6月,61,right,not_matched_boundary_mismatch,00050567,2025-06-06,2025-12-19,194
2F,2025-06,2025-06-09,floor_in,入所,1,浅野 セツ,,,書類上,6,R7.6月,70,left,not_matched_boundary_mismatch,00050567,2025-06-06,2025-12-19,-3
2F,2025-06,2025-06-11,floor_in,ショート,1,掘田 益男,AM,迎,自宅,0,R7.6月,85,left,not_matched_name_unknown,,,,
2F,2025-06,2025-06-22,floor_out,ショート,1,横澤 英子,,,3F,2,R7.6月,174,right,matched_within_tolerance,00107995,2025-06-20,2025-06-21,-1
2F,2025-07,2025-07-01,floor_out,入所,1,横澤 勝彦,,,ユニット,13,R7.7月,5,right,matched_within_tolerance,00134007,2025-04-01,2025-06-30,-1
2F,2025-07,2025-07-14,floor_out,ショート,,矢内 照子,,,書類上,7,R7.7月,110,right,not_matched_boundary_mismatch,00051294,2025-04-01,2025-06-14,-30
2F,2025-07,2025-07-15,floor_in,入所,,矢内 照子,10:30,,書類上,7,R7.7月,117,left,not_matched_boundary_mismatch,00051294,2025-06-21,2025-12-26,-24
2F,2025-08,2025-08-01,floor_out,ショート,1,掘田 益男,AM,送,自宅,22,R7.8月,5,right,not_matched_name_unknown,,,,
2F,2025-08,2025-08-01,floor_out,入所,1,市村 祐子,,,ユニット,2,R7.8月,6,right,matched_within_tolerance,00048877,2025-04-01,2025-07-31,-1
2F,2025-08,2025-08-08,floor_in,ショート,1,高橋 洋,10:30,,自宅,22,R7.8月,62,left,not_matched_name_unknown,,,,
2F,2025-08,2025-08-10,floor_in,,,23,,,,,R7.8月,77,left,not_matched_name_unknown,,,,
2F,2025-08,2025-08-10,floor_out,ショート,1,高橋 洋,10:00,,自宅,23,R7.8月,77,right,not_matched_name_unknown,,,,
2F,2025-08,2025-08-19,floor_out,入所,1,関川 浩,10:00,,自宅,0,R7.8月,149,right,not_matched_name_unknown,,,,
2F,2025-08,2025-08-20,floor_in,入所,1,片柳 恵子,10:30,,自宅,20,R7.8月,158,left,not_matched_name_unknown,,,,
2F,2025-08,2025-08-27,floor_in,ショート,1,掘田 益男,AM,迎,自宅,22,R7.8月,213,left,matched_boundary_only_name_mismatch,00092183,2025-08-27,2025-09-02,0
2F,2025-09,2025-09-12,floor_in,転床,1,小林 壮吉,,,3階,22,R7.9月,94,left,not_matched_name_unknown,,,,
2F,2025-09,2025-09-17,floor_in,ショート,1,関川 浩,AM,迎,自宅,0,R7.9月,134,left,not_matched_name_unknown,,,,
2F,2025-09,2025-09-22,floor_out,ショート,1,関川 浩,AM,送,自宅,0,R7.9月,173,right,not_matched_name_unknown,,,,
2F,2025-09,2025-09-26,floor_out,入所,1,片柳 恵子,10:00,,自宅,20,R7.9月,206,right,not_matched_name_unknown,,,,
2F,2025-10,2025-10-09,floor_in,ショート,1,斉藤 文子,,,3階,11,R7.10月,70,left,not_matched_name_unknown,,,,
2F,2025-10,2025-10-10,floor_out,ショート,1,斉藤 文子,,,3階,11,R7.10月,77,right,not_matched_name_unknown,,,,
2F,2025-10,2025-10-14,floor_in,ショート,1,関川 浩,AM,迎,自宅,22,R7.10月,110,left,not_matched_name_unknown,,,,
2F,2025-10,2025-10-20,floor_out,ショート,1,長谷川 浩子,,,書類上,2,R7.10月,157,right,not_matched_boundary_mismatch,00121152,2025-08-22,2025-09-25,-25
2F,2025-10,2025-10-21,floor_out,ショート,1,関川 浩,AM,送,自宅,22,R7.10月,165,right,not_matched_name_unknown,,,,
2F,2025-10,2025-10-21,floor_out,ショート,1,山岸 君代,AM,,3階,18,R7.10月,166,right,matched_within_tolerance,00137071,2025-10-13,2025-10-20,-1
2F,2025-10,2025-10-21,floor_in,入所,1,長谷川 浩子,,,書類上,18,R7.10月,167,left,not_matched_boundary_mismatch,00121152,2025-10-01,2026-04-09,-20
2F,2025-10,2025-10-29,floor_out,入所,1,小林 喜久恵,10:00,,自宅,20,R7.10月,229,right,not_matched_name_unknown,,,,
2F,2025-11,2025-11-05,floor_in,入所,1,町田 紀己子,10:30,,併設病院,23,R7.11月,38,left,not_matched_name_unknown,,,,
2F,2025-11,2025-11-11,floor_in,ショート,1,関川 浩,AM,迎,自宅,8,R7.11月,86,left,not_matched_name_unknown,,,,
2F,2025-11,2025-11-13,floor_out,ショート,,岩澤 秀子,,,,書類上,R7.11月,103,right,not_matched_boundary_mismatch,00147744,2025-10-09,2025-10-23,-21
2F,2025-11,2025-11-14,floor_in,入所,,岩澤 秀子,,,,書類上,R7.11月,110,left,not_matched_boundary_mismatch,00147744,2025-11-04,2026-02-12,-10
2F,2025-11,2025-11-15,floor_out,ショート,1,関川 浩,AM,送,自宅,22,R7.11月,120,right,not_matched_name_unknown,,,,
2F,2025-11,2025-11-19,floor_out,入所,1,宇野 隆夫,19:00,,併設Hsp,0,R7.11月,151,right,matched_within_tolerance,00100042,2025-04-01,2025-11-18,-1
2F,2025-11,2025-11-23,floor_out,入所,1,島 菊江,10:00,,自宅,3,R7.11月,182,right,not_matched_name_unknown,,,,
2F,2025-11,2025-11-28,floor_in,ショート,1,掘田 益男,AM,迎,自宅,22,R7.11月,221,left,not_matched_name_unknown,,,,
2F,2025-12,2025-12-03,floor_in,ショート,1,斉藤 時子,11:00,,自宅,15,R7.12月,21,left,not_matched_name_unknown,,,,
2F,2025-12,2025-12-03,floor_out,ショート,1,掘田 益男,AM,送,自宅,22,R7.12月,21,right,matched_boundary_only_name_mismatch,00092183,2025-11-28,2025-12-03,0
2F,2025-12,2025-12-08,floor_out,ショート,,斉藤 時子,,,書類上,18,R7.12月,61,right,matched_boundary_only_name_mismatch,00159362,2025-11-15,2025-12-09,1
2F,2025-12,2025-12-09,floor_in,入所,,斉藤 時子,,,書類上,18,R7.12月,70,left,not_matched_name_unknown,,,,
2F,2025-12,2025-12-10,floor_out,入所,1,横堀 誓一,21:55,,併設病院,22,R7.12月,79,right,matched_within_tolerance,00159362,2025-11-15,2025-12-09,-1
2F,2025-12,2025-12-12,floor_out,転床,1,内山 美津子,,,3階-308,23,R7.12月,94,right,matched_within_tolerance,00165904,2025-11-26,2025-12-11,-1
2F,2025-12,2025-12-13,floor_in,ショート,1,関川 浩,AM,迎,自宅,8,R7.12月,102,left,not_matched_name_unknown,,,,
2F,2025-12,2025-12-16,floor_out,ショート,1,関川 浩,AM,送,自宅,8,R7.12月,125,right,not_matched_name_unknown,,,,
2F,2025-12,2025-12-17,floor_out,ショート,,中澤 正雄,,,書類上,8,R7.12月,133,right,not_matched_boundary_mismatch,00069873,2025-04-19,2025-11-24,-23
2F,2025-12,2025-12-18,floor_in,入所,,中澤 正雄,,,書類上,8,R7.12月,143,left,not_matched_boundary_mismatch,00069873,2025-12-01,2026-02-22,-17
2F,2025-12,2025-12-23,floor_in,入所,1,黒沢 まさ子,15:00,,福島病院,23,R7.12月,183,left,not_matched_name_unknown,,,,
2F,2025-12,2025-12-29,floor_in,入所,1,高柳 洋子,10:30,,自宅,18,R7.12月,229,left,matched_boundary_only_name_mismatch,00082424,2025-12-29,2026-04-02,0
2F,2025-12,2025-12-31,floor_out,入所,1,小林 荘吉,10:00,,自宅,22,R7.12月,245,right,matched_boundary_only_name_mismatch,00028545,2025-09-12,2025-12-31,0
2F,2026-01,2026-01-10,floor_in,ショート,1,小林 荘吉,AM,迎,自宅,22,R8.1月,78,left,not_matched_name_unknown,,,,
2F,2026-01,2026-01-10,floor_in,ショート,1,関川 浩,AM,迎,自宅,22,R8.1月,79,left,not_matched_name_unknown,,,,
2F,2026-01,2026-01-15,floor_out,ショート,1,関川 浩,AM,送,自宅,22,R8.1月,117,right,not_matched_name_unknown,,,,
2F,2026-01,2026-01-16,floor_out,入所,1,斉藤 時子,10:00,,自宅,6,R8.1月,126,right,not_matched_name_unknown,,,,
2F,2026-01,2026-01-24,floor_out,ショート,1,小林 荘吉,AM,送,自宅,22,R8.1月,192,right,not_matched_name_unknown,,,,
2F,2026-01,2026-01-28,floor_in,ショート,1,斉藤 時子,AM,迎,自宅,7,R8.1月,221,left,not_matched_name_unknown,,,,
2F,2026-01,2026-01-31,floor_in,入所,1,小林 荘吉,14:45,,自宅,22,R8.1月,245,left,not_matched_name_unknown,,,,
2F,2026-01,2026-01-31,floor_out,転床,1,栗原 俊夫,,,3階,22,R8.1月,247,right,matched_within_tolerance,00132208,2026-01-26,2026-01-30,-1
2F,2026-02,2026-02-10,floor_out,ショート,1,斉藤 時子,AM,送,自宅,7,R8.2月,77,right,not_matched_name_unknown,,,,
2F,2026-02,2026-02-10,floor_out,ショート,,杉浦 好江,,,書類上,7,R8.2月,78,right,not_matched_boundary_mismatch,00155370,2025-09-20,2026-01-17,-24
2F,2026-02,2026-02-10,floor_out,転床,1,山岸 君代,,,3階,1,R8.2月,80,right,matched_within_tolerance,00137071,2026-02-04,2026-02-09,-1
2F,2026-02,2026-02-11,floor_in,入所,,杉浦 好江,,,書類上,7,R8.2月,85,left,not_matched_boundary_mismatch,00155370,2026-01-24,2026-05-31,-18
2F,2026-02,2026-02-14,floor_in,ショート,1,関川 浩,AM,迎,自宅,8,R8.2月,109,left,not_matched_name_unknown,,,,
2F,2026-02,2026-02-16,floor_in,ショート,1,掘田 益男,AM,迎,自宅,21,R8.2月,125,left,not_matched_name_unknown,,,,
2F,2026-02,2026-02-16,floor_out,ショート,1,関川 浩,AM,送,自宅,8,R8.2月,125,right,not_matched_name_unknown,,,,
2F,2026-02,2026-02-21,floor_out,ショート,1,掘田 益夫,AM,送,自宅,21,R8.2月,167,right,not_matched_name_unknown,,,,
2F,2026-03,2026-03-02,floor_in,ショート,1,髙柳 テル子,AM,迎,自宅,3,R8.3月,13,left,not_matched_name_unknown,,,,
2F,2026-03,2026-03-04,floor_out,ショート,1,髙柳 テル子,AM,送,自宅,3,R8.3月,30,right,not_matched_name_unknown,,,,
2F,2026-03,2026-03-14,floor_in,ショート,1,掘田 益男,AM,迎,自宅,8,R8.3月,110,left,not_matched_name_unknown,,,,
2F,2026-03,2026-03-14,floor_out,ショート,1,久保田 益夫,AM,送,ユニット,8,R8.3月,110,right,matched_within_tolerance,00120484,2026-02-16,2026-03-13,-1
2F,2026-03,2026-03-19,floor_out,ショート,1,掘田 益男,AM,送,自宅,8,R8.3月,151,right,not_matched_name_unknown,,,,
2F,2026-03,2026-03-24,floor_out,入所,1,島 菊江,10:00,,自宅,1,R8.3月,190,right,not_matched_name_unknown,,,,
2F,2026-04,2026-04-02,floor_out,入所,1,高柳 洋子,10:00,,自宅,18,R8.4月,13,right,not_matched_name_unknown,,,,
2F,2026-04,2026-04-06,floor_in,ショート,1,高柳 洋子,10:30,,自宅,18,R8.4月,45,left,matched_boundary_only_name_mismatch,00082424,2026-04-06,2026-04-30,0
2F,2026-04,2026-04-07,floor_out,ショート,1,堀田 益夫,AM,送,自宅,16,R8.4月,53,right,not_matched_name_unknown,,,,
2F,2026-04,2026-04-21,floor_out,入所,1,町田 紀己子,10:00,,自宅,3,R8.4月,165,right,not_matched_name_unknown,,,,
2F,2026-04,2026-04-24,floor_in,ショート,1,町田 紀己子,AM,迎,自宅,3,R8.4月,189,left,not_matched_name_unknown,,,,
2F,2026-04,2026-04-24,floor_out,転棟,1,吉永 昌代,PM,,3階,2,R8.4月,191,right,matched_within_tolerance,00060895,2026-03-11,2026-04-23,-1
2F,2026-04,2026-04-28,floor_out,ショート,1,町田 紀己子,10:00,,ユニット,3,R8.4月,221,right,matched_boundary_only_name_mismatch,00157418,2026-04-24,2026-04-27,-1
2F,2026-04,2026-04-30,floor_out,ショート,1,高柳 洋子,10:00,,自宅,18,R8.4月,237,right,not_matched_name_unknown,,,,
2F,2026-05,2026-05-07,floor_in,入所,1,高柳 洋子,10:30,,自宅,18,R8.5月,54,left,not_matched_name_unknown,,,,
2F,2026-05,2026-05-20,floor_out,ショート,1,掘田 益男,AM,送,自宅,8,R8.5月,158,right,not_matched_name_unknown,,,,
2F,2026-05,2026-05-22,floor_out,ショート,,木暮 禮子,,,書類上,2,R8.5月,174,right,not_matched_boundary_mismatch,00142443,2026-04-27,2026-05-31,9
2F,2026-05,2026-05-22,floor_out,ショート,,中野 るみ子,,,書類上,3,R8.5月,175,right,not_matched_boundary_mismatch,00074049,2026-05-18,2026-05-31,9
2F,2026-05,2026-05-23,floor_in,入所,,木暮 禮子,,,書類上,2,R8.5月,183,left,not_matched_boundary_mismatch,00142443,2026-04-27,2026-05-31,-26
2F,2026-05,2026-05-23,floor_in,入所,,中野 るみ子,,,書類上,3,R8.5月,184,left,not_matched_boundary_mismatch,00074049,2026-05-18,2026-05-31,-5
2F,2026-05,2026-05-25,floor_in,入所,1,平井 恵子,10:30,,医師会HP,10,R8.5月,198,left,not_matched_name_unknown,,,,
2F,2026-05,2026-05-30,floor_out,入所,1,島田 芳一,AM,,3階,13,R8.5月,237,right,matched_within_tolerance,00021571,2025-12-25,2026-05-29,-1
