user_id,next_expected_admission_date,days_until_expected_admission,followup_priority,followup_category,followup_reason,latest_discharge_date,latest_admission_date,latest_floor,latest_admission_type,total_episodes,average_readmission_interval_days,average_stay_days
00028837,2026-06-16,16,低,今後30日以内,平均41日周期の想定再利用日まで16日,2026-05-06,2026-05-01,2F,,10,41,5
00046976,2026-06-02,2,高,今後30日以内,平均24日周期の想定再利用日まで2日,2026-05-09,2026-04-18,ユニット,,12,24,13
00050154,2026-06-23,23,低,今後30日以内,平均26日周期の想定再利用日まで23日,2026-05-28,2026-05-26,3F,,15,26,3
00052434,2026-06-17,17,低,今後30日以内,平均30日周期の想定再利用日まで17日,2026-05-18,2026-05-15,2F,,13,30,4
00060950,2026-06-11,11,中,今後30日以内,平均28日周期の想定再利用日まで11日,2026-05-14,2026-05-11,2F,,13,28,5
00083160,2026-05-25,-6,高,直近超過1-59日,平均12日周期の想定再利用日を6日超過,2026-05-13,2026-04-27,3F,,25,12,6
00092183,2026-06-16,16,低,今後30日以内,平均27日周期の想定再利用日まで16日,2026-05-20,2026-05-16,2F,,14,27,6
00092936,2026-06-07,7,高,今後30日以内,平均22日周期の想定再利用日まで7日,2026-05-16,2026-05-12,2F,,15,22,7
00096864,2026-06-13,13,中,今後30日以内,平均24日周期の想定再利用日まで13日,2026-05-20,2026-05-14,3F,,14,24,8
00100859,2026-05-16,-15,高,直近超過1-59日,平均44日周期の想定再利用日を15日超過,2026-04-02,2026-01-22,3F,,7,44,16
00107616,2026-06-12,12,中,今後30日以内,平均24日周期の想定再利用日まで12日,2026-05-19,2026-05-16,2F,,15,24,6
00112713,2026-04-23,-38,高,直近超過1-59日,平均30日周期の想定再利用日を38日超過,2026-03-24,2025-12-23,2F,,2,30,94
00125158,2026-06-03,3,高,今後30日以内,平均5日周期の想定再利用日まで3日,2026-05-29,2026-02-21,2F,,7,5,65
00134391,2026-04-24,-37,高,直近超過1-59日,平均2日周期の想定再利用日を37日超過,2026-04-22,2026-04-18,2F,,2,2,72
00135729,2026-05-27,-4,高,直近超過1-59日,平均13日周期の想定再利用日を4日超過,2026-05-14,2026-05-11,ユニット,,12,13,7
00141394,2026-06-08,8,中,今後30日以内,平均14日周期の想定再利用日まで8日,2026-05-25,2026-05-23,ユニット,,25,14,4
00141884,2026-06-03,3,高,今後30日以内,平均9日周期の想定再利用日まで3日,2026-05-25,2026-05-22,3F,,7,9,6
00142228,2026-06-04,4,高,今後30日以内,平均6日周期の想定再利用日まで4日,2026-05-29,2026-05-27,3F,,13,6,46
00149052,2026-06-12,12,中,今後30日以内,平均28日周期の想定再利用日まで12日,2026-05-15,2026-05-13,2F,,14,28,3
00154234,2026-06-28,28,低,今後30日以内,平均37日周期の想定再利用日まで28日,2026-05-22,2026-05-19,2F,,8,37,8
00154374,2026-06-12,12,中,今後30日以内,平均27日周期の想定再利用日まで12日,2026-05-16,2026-05-14,2F,,15,27,3
00154494,2026-05-22,-9,高,直近超過1-59日,平均101日周期の想定再利用日を9日超過,2026-02-10,2026-02-04,2F,,2,101,6
00154926,2026-05-01,-30,高,直近超過1-59日,平均62日周期の想定再利用日を30日超過,2026-02-28,2025-12-01,2F,,2,62,106
00164377,2026-04-06,-55,高,直近超過1-59日,平均2日周期の想定再利用日を55日超過,2026-04-04,2026-03-24,2F,,2,2,54
