snapshot_date,floor,resident_count,occupied_bed_count,capacity,utilization_rate
2025-04-01,2F,51,51,54,0.9444
2025-04-01,3F,36,36,36,1.0
2025-04-01,ユニット,10,10,10,1.0
2025-04-02,2F,53,52,54,0.9815
2025-04-02,3F,36,36,36,1.0
2025-04-02,ユニット,9,9,10,0.9
2025-04-03,2F,53,53,54,0.9815
2025-04-03,3F,36,36,36,1.0
2025-04-03,ユニット,9,9,10,0.9
2025-04-04,2F,55,54,54,1.0185
2025-04-04,3F,37,36,36,1.0278
2025-04-04,ユニット,9,9,10,0.9
2025-04-05,2F,54,54,54,1.0
2025-04-05,3F,36,36,36,1.0
2025-04-05,ユニット,9,9,10,0.9
2025-04-06,2F,54,54,54,1.0
2025-04-06,3F,36,36,36,1.0
2025-04-06,ユニット,9,9,10,0.9
2025-04-07,2F,54,54,54,1.0
2025-04-07,3F,37,36,36,1.0278
2025-04-07,ユニット,9,9,10,0.9
2025-04-08,2F,54,54,54,1.0
2025-04-08,3F,36,36,36,1.0
2025-04-08,ユニット,10,10,10,1.0
2025-04-09,2F,56,54,54,1.037
2025-04-09,3F,36,36,36,1.0
2025-04-09,ユニット,10,10,10,1.0
2025-04-10,2F,54,53,54,1.0
2025-04-10,3F,36,36,36,1.0
2025-04-10,ユニット,10,10,10,1.0
2025-04-11,2F,54,53,54,1.0
2025-04-11,3F,37,36,36,1.0278
2025-04-11,ユニット,10,10,10,1.0
2025-04-12,2F,56,54,54,1.037
2025-04-12,3F,37,36,36,1.0278
2025-04-12,ユニット,10,10,10,1.0
2025-04-13,2F,52,52,54,0.963
2025-04-13,3F,36,36,36,1.0
2025-04-13,ユニット,10,10,10,1.0
2025-04-14,2F,53,52,54,0.9815
2025-04-14,3F,37,36,36,1.0278
2025-04-14,ユニット,10,10,10,1.0
2025-04-15,2F,54,53,54,1.0
2025-04-15,3F,37,36,36,1.0278
2025-04-15,ユニット,10,10,10,1.0
2025-04-16,2F,55,54,54,1.0185
2025-04-16,3F,37,36,36,1.0278
2025-04-16,ユニット,10,10,10,1.0
2025-04-17,2F,55,54,54,1.0185
2025-04-17,3F,36,36,36,1.0
2025-04-17,ユニット,11,10,10,1.1
2025-04-18,2F,56,54,54,1.037
2025-04-18,3F,37,36,36,1.0278
2025-04-18,ユニット,11,10,10,1.1
2025-04-19,2F,56,54,54,1.037
2025-04-19,3F,36,36,36,1.0
2025-04-19,ユニット,10,10,10,1.0
2025-04-20,2F,54,54,54,1.0
2025-04-20,3F,36,36,36,1.0
2025-04-20,ユニット,9,9,10,0.9
2025-04-21,2F,54,54,54,1.0
2025-04-21,3F,37,35,36,1.0278
2025-04-21,ユニット,9,9,10,0.9
2025-04-22,2F,54,53,54,1.0
2025-04-22,3F,34,34,36,0.9444
2025-04-22,ユニット,9,9,10,0.9
2025-04-23,2F,52,51,54,0.963
2025-04-23,3F,34,34,36,0.9444
2025-04-23,ユニット,9,9,10,0.9
2025-04-24,2F,53,52,54,0.9815
2025-04-24,3F,35,34,36,0.9722
2025-04-24,ユニット,9,9,10,0.9
2025-04-25,2F,51,51,54,0.9444
2025-04-25,3F,37,35,36,1.0278
2025-04-25,ユニット,9,9,10,0.9
2025-04-26,2F,53,52,54,0.9815
2025-04-26,3F,35,35,36,0.9722
2025-04-26,ユニット,9,9,10,0.9
2025-04-27,2F,52,52,54,0.963
2025-04-27,3F,35,35,36,0.9722
2025-04-27,ユニット,9,9,10,0.9
2025-04-28,2F,53,52,54,0.9815
2025-04-28,3F,37,36,36,1.0278
2025-04-28,ユニット,9,9,10,0.9
2025-04-29,2F,51,51,54,0.9444
2025-04-29,3F,36,36,36,1.0
2025-04-29,ユニット,9,9,10,0.9
2025-04-30,2F,52,51,54,0.963
2025-04-30,3F,36,36,36,1.0
2025-04-30,ユニット,9,9,10,0.9
2025-05-01,2F,52,52,54,0.963
2025-05-01,3F,37,36,36,1.0278
2025-05-01,ユニット,10,10,10,1.0
2025-05-02,2F,54,54,54,1.0
2025-05-02,3F,38,36,36,1.0556
2025-05-02,ユニット,10,10,10,1.0
2025-05-03,2F,54,54,54,1.0
2025-05-03,3F,36,36,36,1.0
2025-05-03,ユニット,10,10,10,1.0
2025-05-04,2F,54,54,54,1.0
2025-05-04,3F,36,36,36,1.0
2025-05-04,ユニット,10,10,10,1.0
2025-05-05,2F,54,54,54,1.0
2025-05-05,3F,35,35,36,0.9722
2025-05-05,ユニット,10,10,10,1.0
2025-05-06,2F,54,54,54,1.0
2025-05-06,3F,35,35,36,0.9722
2025-05-06,ユニット,10,10,10,1.0
2025-05-07,2F,54,53,54,1.0
2025-05-07,3F,38,36,36,1.0556
2025-05-07,ユニット,10,10,10,1.0
2025-05-08,2F,54,53,54,1.0
2025-05-08,3F,35,35,36,0.9722
2025-05-08,ユニット,11,10,10,1.1
2025-05-09,2F,54,54,54,1.0
2025-05-09,3F,37,36,36,1.0278
2025-05-09,ユニット,10,10,10,1.0
2025-05-10,2F,53,53,54,0.9815
2025-05-10,3F,36,36,36,1.0
2025-05-10,ユニット,10,10,10,1.0
2025-05-11,2F,51,51,54,0.9444
2025-05-11,3F,36,36,36,1.0
2025-05-11,ユニット,9,9,10,0.9
2025-05-12,2F,53,53,54,0.9815
2025-05-12,3F,37,36,36,1.0278
2025-05-12,ユニット,10,10,10,1.0
2025-05-13,2F,55,54,54,1.0185
2025-05-13,3F,36,36,36,1.0
2025-05-13,ユニット,9,9,10,0.9
2025-05-14,2F,54,53,54,1.0
2025-05-14,3F,37,35,36,1.0278
2025-05-14,ユニット,10,10,10,1.0
2025-05-15,2F,53,53,54,0.9815
2025-05-15,3F,35,35,36,0.9722
2025-05-15,ユニット,11,10,10,1.1
2025-05-16,2F,52,52,54,0.963
2025-05-16,3F,36,35,36,1.0
2025-05-16,ユニット,11,10,10,1.1
2025-05-17,2F,54,53,54,1.0
2025-05-17,3F,34,34,36,0.9444
2025-05-17,ユニット,10,10,10,1.0
2025-05-18,2F,53,53,54,0.9815
2025-05-18,3F,34,34,36,0.9444
2025-05-18,ユニット,10,10,10,1.0
2025-05-19,2F,55,54,54,1.0185
2025-05-19,3F,36,35,36,1.0
2025-05-19,ユニット,10,10,10,1.0
2025-05-20,2F,55,54,54,1.0185
2025-05-20,3F,35,35,36,0.9722
2025-05-20,ユニット,10,10,10,1.0
2025-05-21,2F,54,54,54,1.0
2025-05-21,3F,36,35,36,1.0
2025-05-21,ユニット,10,10,10,1.0
2025-05-22,2F,55,54,54,1.0185
2025-05-22,3F,36,36,36,1.0
2025-05-22,ユニット,10,10,10,1.0
2025-05-23,2F,54,53,54,1.0
2025-05-23,3F,37,36,36,1.0278
2025-05-23,ユニット,10,10,10,1.0
2025-05-24,2F,55,53,54,1.0185
2025-05-24,3F,38,36,36,1.0556
2025-05-24,ユニット,10,10,10,1.0
2025-05-25,2F,52,52,54,0.963
2025-05-25,3F,36,36,36,1.0
2025-05-25,ユニット,10,10,10,1.0
2025-05-26,2F,54,53,54,1.0
2025-05-26,3F,37,36,36,1.0278
2025-05-26,ユニット,9,9,10,0.9
2025-05-27,2F,54,54,54,1.0
2025-05-27,3F,37,36,36,1.0278
2025-05-27,ユニット,9,9,10,0.9
2025-05-28,2F,55,53,54,1.0185
2025-05-28,3F,36,36,36,1.0
2025-05-28,ユニット,9,9,10,0.9
2025-05-29,2F,52,52,54,0.963
2025-05-29,3F,37,36,36,1.0278
2025-05-29,ユニット,9,9,10,0.9
2025-05-30,2F,52,52,54,0.963
2025-05-30,3F,36,36,36,1.0
2025-05-30,ユニット,8,8,10,0.8
2025-05-31,2F,52,51,54,0.963
2025-05-31,3F,37,36,36,1.0278
2025-05-31,ユニット,10,10,10,1.0
2025-06-01,2F,50,50,54,0.9259
2025-06-01,3F,36,36,36,1.0
2025-06-01,ユニット,10,10,10,1.0
2025-06-02,2F,53,52,54,0.9815
2025-06-02,3F,37,36,36,1.0278
2025-06-02,ユニット,10,10,10,1.0
2025-06-03,2F,51,51,54,0.9444
2025-06-03,3F,36,36,36,1.0
2025-06-03,ユニット,10,10,10,1.0
2025-06-04,2F,51,51,54,0.9444
2025-06-04,3F,36,36,36,1.0
2025-06-04,ユニット,10,10,10,1.0
2025-06-05,2F,51,50,54,0.9444
2025-06-05,3F,36,35,36,1.0
2025-06-05,ユニット,10,10,10,1.0
2025-06-06,2F,53,52,54,0.9815
2025-06-06,3F,36,36,36,1.0
2025-06-06,ユニット,9,9,10,0.9
2025-06-07,2F,54,52,54,1.0
2025-06-07,3F,35,35,36,0.9722
2025-06-07,ユニット,9,9,10,0.9
2025-06-08,2F,51,51,54,0.9444
2025-06-08,3F,35,35,36,0.9722
2025-06-08,ユニット,9,9,10,0.9
2025-06-09,2F,52,51,54,0.963
2025-06-09,3F,38,35,36,1.0556
2025-06-09,ユニット,10,10,10,1.0
2025-06-10,2F,52,51,54,0.963
2025-06-10,3F,35,35,36,0.9722
2025-06-10,ユニット,10,10,10,1.0
2025-06-11,2F,52,51,54,0.963
2025-06-11,3F,36,36,36,1.0
2025-06-11,ユニット,10,10,10,1.0
2025-06-12,2F,51,51,54,0.9444
2025-06-12,3F,34,34,36,0.9444
2025-06-12,ユニット,10,10,10,1.0
2025-06-13,2F,52,50,54,0.963
2025-06-13,3F,34,34,36,0.9444
2025-06-13,ユニット,9,9,10,0.9
2025-06-14,2F,53,52,54,0.9815
2025-06-14,3F,33,33,36,0.9167
2025-06-14,ユニット,10,10,10,1.0
2025-06-15,2F,52,52,54,0.963
2025-06-15,3F,33,33,36,0.9167
2025-06-15,ユニット,10,10,10,1.0
2025-06-16,2F,55,53,54,1.0185
2025-06-16,3F,36,35,36,1.0
2025-06-16,ユニット,10,10,10,1.0
2025-06-17,2F,53,52,54,0.9815
2025-06-17,3F,34,34,36,0.9444
2025-06-17,ユニット,9,9,10,0.9
2025-06-18,2F,53,52,54,0.9815
2025-06-18,3F,37,36,36,1.0278
2025-06-18,ユニット,9,9,10,0.9
2025-06-19,2F,54,52,54,1.0
2025-06-19,3F,36,36,36,1.0
2025-06-19,ユニット,10,10,10,1.0
2025-06-20,2F,54,53,54,1.0
2025-06-20,3F,37,36,36,1.0278
2025-06-20,ユニット,10,10,10,1.0
2025-06-21,2F,54,53,54,1.0
2025-06-21,3F,36,36,36,1.0
2025-06-21,ユニット,10,10,10,1.0
2025-06-22,2F,53,53,54,0.9815
2025-06-22,3F,36,36,36,1.0
2025-06-22,ユニット,10,10,10,1.0
2025-06-23,2F,55,53,54,1.0185
2025-06-23,3F,38,36,36,1.0556
2025-06-23,ユニット,11,10,10,1.1
2025-06-24,2F,54,54,54,1.0
2025-06-24,3F,36,35,36,1.0
2025-06-24,ユニット,10,10,10,1.0
2025-06-25,2F,54,54,54,1.0
2025-06-25,3F,36,35,36,1.0
2025-06-25,ユニット,11,10,10,1.1
2025-06-26,2F,55,53,54,1.0185
2025-06-26,3F,34,34,36,0.9444
2025-06-26,ユニット,10,10,10,1.0
2025-06-27,2F,52,52,54,0.963
2025-06-27,3F,36,35,36,1.0
2025-06-27,ユニット,10,10,10,1.0
2025-06-28,2F,53,52,54,0.9815
2025-06-28,3F,35,35,36,0.9722
2025-06-28,ユニット,11,10,10,1.1
2025-06-29,2F,52,52,54,0.963
2025-06-29,3F,35,35,36,0.9722
2025-06-29,ユニット,10,10,10,1.0
2025-06-30,2F,53,53,54,0.9815
2025-06-30,3F,35,35,36,0.9722
2025-06-30,ユニット,10,10,10,1.0
2025-07-01,2F,53,53,54,0.9815
2025-07-01,3F,35,35,36,0.9722
2025-07-01,ユニット,10,10,10,1.0
2025-07-02,2F,55,53,54,1.0185
2025-07-02,3F,36,36,36,1.0
2025-07-02,ユニット,10,10,10,1.0
2025-07-03,2F,53,53,54,0.9815
2025-07-03,3F,36,36,36,1.0
2025-07-03,ユニット,10,10,10,1.0
2025-07-04,2F,54,53,54,1.0
2025-07-04,3F,36,36,36,1.0
2025-07-04,ユニット,10,10,10,1.0
2025-07-05,2F,54,53,54,1.0
2025-07-05,3F,36,35,36,1.0
2025-07-05,ユニット,10,10,10,1.0
2025-07-06,2F,53,53,54,0.9815
2025-07-06,3F,35,35,36,0.9722
2025-07-06,ユニット,10,10,10,1.0
2025-07-07,2F,54,53,54,1.0
2025-07-07,3F,37,36,36,1.0278
2025-07-07,ユニット,10,10,10,1.0
2025-07-08,2F,52,52,54,0.963
2025-07-08,3F,35,35,36,0.9722
2025-07-08,ユニット,10,10,10,1.0
2025-07-09,2F,52,51,54,0.963
2025-07-09,3F,36,34,36,1.0
2025-07-09,ユニット,10,10,10,1.0
2025-07-10,2F,52,50,54,0.963
2025-07-10,3F,37,36,36,1.0278
2025-07-10,ユニット,10,10,10,1.0
2025-07-11,2F,49,49,54,0.9074
2025-07-11,3F,35,35,36,0.9722
2025-07-11,ユニット,10,10,10,1.0
2025-07-12,2F,51,50,54,0.9444
2025-07-12,3F,36,35,36,1.0
2025-07-12,ユニット,9,9,10,0.9
2025-07-13,2F,49,49,54,0.9074
2025-07-13,3F,35,35,36,0.9722
2025-07-13,ユニット,9,9,10,0.9
2025-07-14,2F,52,51,54,0.963
2025-07-14,3F,38,36,36,1.0556
2025-07-14,ユニット,10,9,10,1.0
2025-07-15,2F,51,51,54,0.9444
2025-07-15,3F,33,33,36,0.9167
2025-07-15,ユニット,9,9,10,0.9
2025-07-16,2F,54,53,54,1.0
2025-07-16,3F,34,34,36,0.9444
2025-07-16,ユニット,9,9,10,0.9
2025-07-17,2F,54,53,54,1.0
2025-07-17,3F,36,35,36,1.0
2025-07-17,ユニット,9,9,10,0.9
2025-07-18,2F,54,53,54,1.0
2025-07-18,3F,36,35,36,1.0
2025-07-18,ユニット,9,9,10,0.9
2025-07-19,2F,55,53,54,1.0185
2025-07-19,3F,37,35,36,1.0278
2025-07-19,ユニット,8,8,10,0.8
2025-07-20,2F,53,53,54,0.9815
2025-07-20,3F,34,34,36,0.9444
2025-07-20,ユニット,9,9,10,0.9
2025-07-21,2F,54,53,54,1.0
2025-07-21,3F,35,35,36,0.9722
2025-07-21,ユニット,9,9,10,0.9
2025-07-22,2F,54,52,54,1.0
2025-07-22,3F,37,35,36,1.0278
2025-07-22,ユニット,9,9,10,0.9
2025-07-23,2F,54,53,54,1.0
2025-07-23,3F,35,35,36,0.9722
2025-07-23,ユニット,9,9,10,0.9
2025-07-24,2F,52,52,54,0.963
2025-07-24,3F,36,36,36,1.0
2025-07-24,ユニット,9,9,10,0.9
2025-07-25,2F,53,52,54,0.9815
2025-07-25,3F,36,36,36,1.0
2025-07-25,ユニット,10,9,10,1.0
2025-07-26,2F,54,53,54,1.0
2025-07-26,3F,35,35,36,0.9722
2025-07-26,ユニット,9,9,10,0.9
2025-07-27,2F,53,53,54,0.9815
2025-07-27,3F,34,34,36,0.9444
2025-07-27,ユニット,9,9,10,0.9
2025-07-28,2F,54,53,54,1.0
2025-07-28,3F,34,34,36,0.9444
2025-07-28,ユニット,9,9,10,0.9
2025-07-29,2F,53,53,54,0.9815
2025-07-29,3F,36,36,36,1.0
2025-07-29,ユニット,9,9,10,0.9
2025-07-30,2F,53,53,54,0.9815
2025-07-30,3F,35,35,36,0.9722
2025-07-30,ユニット,9,9,10,0.9
2025-07-31,2F,53,53,54,0.9815
2025-07-31,3F,35,35,36,0.9722
2025-07-31,ユニット,9,9,10,0.9
2025-08-01,2F,52,52,54,0.963
2025-08-01,3F,36,36,36,1.0
2025-08-01,ユニット,10,10,10,1.0
2025-08-02,2F,52,52,54,0.963
2025-08-02,3F,36,36,36,1.0
2025-08-02,ユニット,10,10,10,1.0
2025-08-03,2F,52,52,54,0.963
2025-08-03,3F,36,36,36,1.0
2025-08-03,ユニット,10,10,10,1.0
2025-08-04,2F,51,51,54,0.9444
2025-08-04,3F,38,36,36,1.0556
2025-08-04,ユニット,10,10,10,1.0
2025-08-05,2F,53,53,54,0.9815
2025-08-05,3F,36,36,36,1.0
2025-08-05,ユニット,10,10,10,1.0
2025-08-06,2F,54,54,54,1.0
2025-08-06,3F,36,36,36,1.0
2025-08-06,ユニット,10,10,10,1.0
2025-08-07,2F,55,54,54,1.0185
2025-08-07,3F,37,36,36,1.0278
2025-08-07,ユニット,10,10,10,1.0
2025-08-08,2F,56,54,54,1.037
2025-08-08,3F,36,36,36,1.0
2025-08-08,ユニット,10,10,10,1.0
2025-08-09,2F,56,54,54,1.037
2025-08-09,3F,39,36,36,1.0833
2025-08-09,ユニット,10,10,10,1.0
2025-08-10,2F,54,54,54,1.0
2025-08-10,3F,36,36,36,1.0
2025-08-10,ユニット,10,10,10,1.0
2025-08-11,2F,54,53,54,1.0
2025-08-11,3F,37,36,36,1.0278
2025-08-11,ユニット,10,10,10,1.0
2025-08-12,2F,53,53,54,0.9815
2025-08-12,3F,36,36,36,1.0
2025-08-12,ユニット,11,10,10,1.1
2025-08-13,2F,52,52,54,0.963
2025-08-13,3F,38,36,36,1.0556
2025-08-13,ユニット,10,10,10,1.0
2025-08-14,2F,54,53,54,1.0
2025-08-14,3F,37,36,36,1.0278
2025-08-14,ユニット,11,10,10,1.1
2025-08-15,2F,55,53,54,1.0185
2025-08-15,3F,36,36,36,1.0
2025-08-15,ユニット,10,10,10,1.0
2025-08-16,2F,55,53,54,1.0185
2025-08-16,3F,37,36,36,1.0278
2025-08-16,ユニット,9,9,10,0.9
2025-08-17,2F,53,53,54,0.9815
2025-08-17,3F,35,35,36,0.9722
2025-08-17,ユニット,10,10,10,1.0
2025-08-18,2F,55,53,54,1.0185
2025-08-18,3F,37,36,36,1.0278
2025-08-18,ユニット,10,10,10,1.0
2025-08-19,2F,55,53,54,1.0185
2025-08-19,3F,36,36,36,1.0
2025-08-19,ユニット,10,10,10,1.0
2025-08-20,2F,56,54,54,1.037
2025-08-20,3F,38,36,36,1.0556
2025-08-20,ユニット,11,10,10,1.1
2025-08-21,2F,53,53,54,0.9815
2025-08-21,3F,36,36,36,1.0
2025-08-21,ユニット,10,10,10,1.0
2025-08-22,2F,54,53,54,1.0
2025-08-22,3F,37,36,36,1.0278
2025-08-22,ユニット,10,10,10,1.0
2025-08-23,2F,54,53,54,1.0
2025-08-23,3F,37,36,36,1.0278
2025-08-23,ユニット,10,10,10,1.0
2025-08-24,2F,53,53,54,0.9815
2025-08-24,3F,36,36,36,1.0
2025-08-24,ユニット,10,10,10,1.0
2025-08-25,2F,53,53,54,0.9815
2025-08-25,3F,36,36,36,1.0
2025-08-25,ユニット,10,10,10,1.0
2025-08-26,2F,53,53,54,0.9815
2025-08-26,3F,36,36,36,1.0
2025-08-26,ユニット,10,10,10,1.0
2025-08-27,2F,54,53,54,1.0
2025-08-27,3F,37,36,36,1.0278
2025-08-27,ユニット,10,10,10,1.0
2025-08-28,2F,53,53,54,0.9815
2025-08-28,3F,36,36,36,1.0
2025-08-28,ユニット,10,10,10,1.0
2025-08-29,2F,54,53,54,1.0
2025-08-29,3F,38,36,36,1.0556
2025-08-29,ユニット,10,9,10,1.0
2025-08-30,2F,54,54,54,1.0
2025-08-30,3F,36,36,36,1.0
2025-08-30,ユニット,9,9,10,0.9
2025-08-31,2F,54,54,54,1.0
2025-08-31,3F,36,36,36,1.0
2025-08-31,ユニット,9,9,10,0.9
2025-09-01,2F,54,53,54,1.0
2025-09-01,3F,36,36,36,1.0
2025-09-01,ユニット,9,9,10,0.9
2025-09-02,2F,54,54,54,1.0
2025-09-02,3F,35,35,36,0.9722
2025-09-02,ユニット,9,9,10,0.9
2025-09-03,2F,53,53,54,0.9815
2025-09-03,3F,35,35,36,0.9722
2025-09-03,ユニット,9,9,10,0.9
2025-09-04,2F,54,53,54,1.0
2025-09-04,3F,36,36,36,1.0
2025-09-04,ユニット,9,9,10,0.9
2025-09-05,2F,54,53,54,1.0
2025-09-05,3F,38,36,36,1.0556
2025-09-05,ユニット,10,10,10,1.0
2025-09-06,2F,54,53,54,1.0
2025-09-06,3F,37,36,36,1.0278
2025-09-06,ユニット,10,10,10,1.0
2025-09-07,2F,53,53,54,0.9815
2025-09-07,3F,35,35,36,0.9722
2025-09-07,ユニット,10,10,10,1.0
2025-09-08,2F,53,53,54,0.9815
2025-09-08,3F,35,35,36,0.9722
2025-09-08,ユニット,10,10,10,1.0
2025-09-09,2F,55,54,54,1.0185
2025-09-09,3F,35,35,36,0.9722
2025-09-09,ユニット,10,10,10,1.0
2025-09-10,2F,54,54,54,1.0
2025-09-10,3F,35,35,36,0.9722
2025-09-10,ユニット,10,10,10,1.0
2025-09-11,2F,54,53,54,1.0
2025-09-11,3F,36,36,36,1.0
2025-09-11,ユニット,10,10,10,1.0
2025-09-12,2F,54,53,54,1.0
2025-09-12,3F,35,35,36,0.9722
2025-09-12,ユニット,10,10,10,1.0
2025-09-13,2F,54,52,54,1.0
2025-09-13,3F,37,36,36,1.0278
2025-09-13,ユニット,10,10,10,1.0
2025-09-14,2F,52,52,54,0.963
2025-09-14,3F,35,35,36,0.9722
2025-09-14,ユニット,10,10,10,1.0
2025-09-15,2F,53,51,54,0.9815
2025-09-15,3F,35,35,36,0.9722
2025-09-15,ユニット,10,10,10,1.0
2025-09-16,2F,54,51,54,1.0
2025-09-16,3F,35,35,36,0.9722
2025-09-16,ユニット,11,10,10,1.1
2025-09-17,2F,54,53,54,1.0
2025-09-17,3F,36,36,36,1.0
2025-09-17,ユニット,10,10,10,1.0
2025-09-18,2F,54,54,54,1.0
2025-09-18,3F,35,35,36,0.9722
2025-09-18,ユニット,10,10,10,1.0
2025-09-19,2F,54,53,54,1.0
2025-09-19,3F,35,35,36,0.9722
2025-09-19,ユニット,9,9,10,0.9
2025-09-20,2F,54,53,54,1.0
2025-09-20,3F,38,36,36,1.0556
2025-09-20,ユニット,10,10,10,1.0
2025-09-21,2F,53,53,54,0.9815
2025-09-21,3F,36,36,36,1.0
2025-09-21,ユニット,10,10,10,1.0
2025-09-22,2F,54,53,54,1.0
2025-09-22,3F,36,36,36,1.0
2025-09-22,ユニット,10,10,10,1.0
2025-09-23,2F,53,53,54,0.9815
2025-09-23,3F,36,36,36,1.0
2025-09-23,ユニット,9,9,10,0.9
2025-09-24,2F,52,52,54,0.963
2025-09-24,3F,37,36,36,1.0278
2025-09-24,ユニット,9,9,10,0.9
2025-09-25,2F,52,50,54,0.963
2025-09-25,3F,36,36,36,1.0
2025-09-25,ユニット,9,9,10,0.9
2025-09-26,2F,53,51,54,0.9815
2025-09-26,3F,36,36,36,1.0
2025-09-26,ユニット,9,9,10,0.9
2025-09-27,2F,52,52,54,0.963
2025-09-27,3F,37,36,36,1.0278
2025-09-27,ユニット,10,10,10,1.0
2025-09-28,2F,52,52,54,0.963
2025-09-28,3F,36,36,36,1.0
2025-09-28,ユニット,9,9,10,0.9
2025-09-29,2F,54,53,54,1.0
2025-09-29,3F,37,36,36,1.0278
2025-09-29,ユニット,10,9,10,1.0
2025-09-30,2F,53,53,54,0.9815
2025-09-30,3F,36,36,36,1.0
2025-09-30,ユニット,9,9,10,0.9
2025-10-01,2F,53,53,54,0.9815
2025-10-01,3F,36,36,36,1.0
2025-10-01,ユニット,10,10,10,1.0
2025-10-02,2F,55,53,54,1.0185
2025-10-02,3F,36,36,36,1.0
2025-10-02,ユニット,10,10,10,1.0
2025-10-03,2F,54,53,54,1.0
2025-10-03,3F,36,36,36,1.0
2025-10-03,ユニット,10,10,10,1.0
2025-10-04,2F,53,53,54,0.9815
2025-10-04,3F,38,36,36,1.0556
2025-10-04,ユニット,10,10,10,1.0
2025-10-05,2F,52,52,54,0.963
2025-10-05,3F,36,36,36,1.0
2025-10-05,ユニット,10,10,10,1.0
2025-10-06,2F,53,52,54,0.9815
2025-10-06,3F,36,36,36,1.0
2025-10-06,ユニット,10,10,10,1.0
2025-10-07,2F,55,54,54,1.0185
2025-10-07,3F,36,36,36,1.0
2025-10-07,ユニット,10,10,10,1.0
2025-10-08,2F,54,54,54,1.0
2025-10-08,3F,36,36,36,1.0
2025-10-08,ユニット,10,10,10,1.0
2025-10-09,2F,54,53,54,1.0
2025-10-09,3F,36,36,36,1.0
2025-10-09,ユニット,10,10,10,1.0
2025-10-10,2F,53,52,54,0.9815
2025-10-10,3F,37,36,36,1.0278
2025-10-10,ユニット,10,10,10,1.0
2025-10-11,2F,54,53,54,1.0
2025-10-11,3F,36,36,36,1.0
2025-10-11,ユニット,10,10,10,1.0
2025-10-12,2F,52,52,54,0.963
2025-10-12,3F,36,36,36,1.0
2025-10-12,ユニット,10,10,10,1.0
2025-10-13,2F,55,54,54,1.0185
2025-10-13,3F,36,36,36,1.0
2025-10-13,ユニット,10,10,10,1.0
2025-10-14,2F,55,53,54,1.0185
2025-10-14,3F,38,36,36,1.0556
2025-10-14,ユニット,11,10,10,1.1
2025-10-15,2F,53,53,54,0.9815
2025-10-15,3F,35,35,36,0.9722
2025-10-15,ユニット,10,10,10,1.0
2025-10-16,2F,52,52,54,0.963
2025-10-16,3F,35,35,36,0.9722
2025-10-16,ユニット,9,9,10,0.9
2025-10-17,2F,52,51,54,0.963
2025-10-17,3F,35,35,36,0.9722
2025-10-17,ユニット,8,8,10,0.8
2025-10-18,2F,53,53,54,0.9815
2025-10-18,3F,34,34,36,0.9444
2025-10-18,ユニット,9,9,10,0.9
2025-10-19,2F,53,53,54,0.9815
2025-10-19,3F,34,34,36,0.9444
2025-10-19,ユニット,10,10,10,1.0
2025-10-20,2F,52,52,54,0.963
2025-10-20,3F,34,34,36,0.9444
2025-10-20,ユニット,11,10,10,1.1
2025-10-21,2F,52,52,54,0.963
2025-10-21,3F,35,34,36,0.9722
2025-10-21,ユニット,10,10,10,1.0
2025-10-22,2F,51,51,54,0.9444
2025-10-22,3F,34,34,36,0.9444
2025-10-22,ユニット,10,10,10,1.0
2025-10-23,2F,52,52,54,0.963
2025-10-23,3F,34,34,36,0.9444
2025-10-23,ユニット,10,10,10,1.0
2025-10-24,2F,53,53,54,0.9815
2025-10-24,3F,34,34,36,0.9444
2025-10-24,ユニット,10,10,10,1.0
2025-10-25,2F,53,52,54,0.9815
2025-10-25,3F,34,34,36,0.9444
2025-10-25,ユニット,9,9,10,0.9
2025-10-26,2F,52,52,54,0.963
2025-10-26,3F,34,34,36,0.9444
2025-10-26,ユニット,9,9,10,0.9
2025-10-27,2F,54,52,54,1.0
2025-10-27,3F,34,34,36,0.9444
2025-10-27,ユニット,9,9,10,0.9
2025-10-28,2F,51,51,54,0.9444
2025-10-28,3F,33,33,36,0.9167
2025-10-28,ユニット,10,10,10,1.0
2025-10-29,2F,52,52,54,0.963
2025-10-29,3F,33,33,36,0.9167
2025-10-29,ユニット,11,10,10,1.1
2025-10-30,2F,52,52,54,0.963
2025-10-30,3F,33,33,36,0.9167
2025-10-30,ユニット,9,9,10,0.9
2025-10-31,2F,52,52,54,0.963
2025-10-31,3F,33,33,36,0.9167
2025-10-31,ユニット,9,9,10,0.9
2025-11-01,2F,53,52,54,0.9815
2025-11-01,3F,34,34,36,0.9444
2025-11-01,ユニット,9,9,10,0.9
2025-11-02,2F,52,52,54,0.963
2025-11-02,3F,33,33,36,0.9167
2025-11-02,ユニット,9,9,10,0.9
2025-11-03,2F,51,51,54,0.9444
2025-11-03,3F,34,34,36,0.9444
2025-11-03,ユニット,8,8,10,0.8
2025-11-04,2F,51,51,54,0.9444
2025-11-04,3F,35,34,36,0.9722
2025-11-04,ユニット,7,7,10,0.7
2025-11-05,2F,52,51,54,0.963
2025-11-05,3F,35,35,36,0.9722
2025-11-05,ユニット,7,7,10,0.7
2025-11-06,2F,52,52,54,0.963
2025-11-06,3F,36,36,36,1.0
2025-11-06,ユニット,7,7,10,0.7
2025-11-07,2F,52,52,54,0.963
2025-11-07,3F,36,36,36,1.0
2025-11-07,ユニット,7,7,10,0.7
2025-11-08,2F,54,52,54,1.0
2025-11-08,3F,36,36,36,1.0
2025-11-08,ユニット,8,8,10,0.8
2025-11-09,2F,53,53,54,0.9815
2025-11-09,3F,35,35,36,0.9722
2025-11-09,ユニット,8,8,10,0.8
2025-11-10,2F,53,52,54,0.9815
2025-11-10,3F,37,36,36,1.0278
2025-11-10,ユニット,8,8,10,0.8
2025-11-11,2F,54,53,54,1.0
2025-11-11,3F,36,36,36,1.0
2025-11-11,ユニット,7,7,10,0.7
2025-11-12,2F,55,54,54,1.0185
2025-11-12,3F,35,35,36,0.9722
2025-11-12,ユニット,7,7,10,0.7
2025-11-13,2F,53,53,54,0.9815
2025-11-13,3F,36,36,36,1.0
2025-11-13,ユニット,8,8,10,0.8
2025-11-14,2F,52,51,54,0.963
2025-11-14,3F,37,36,36,1.0278
2025-11-14,ユニット,8,8,10,0.8
2025-11-15,2F,53,51,54,0.9815
2025-11-15,3F,35,35,36,0.9722
2025-11-15,ユニット,8,8,10,0.8
2025-11-16,2F,49,49,54,0.9074
2025-11-16,3F,35,35,36,0.9722
2025-11-16,ユニット,8,8,10,0.8
2025-11-17,2F,52,52,54,0.963
2025-11-17,3F,37,36,36,1.0278
2025-11-17,ユニット,9,9,10,0.9
2025-11-18,2F,53,53,54,0.9815
2025-11-18,3F,35,35,36,0.9722
2025-11-18,ユニット,9,9,10,0.9
2025-11-19,2F,52,52,54,0.963
2025-11-19,3F,34,33,36,0.9444
2025-11-19,ユニット,10,10,10,1.0
2025-11-20,2F,51,50,54,0.9444
2025-11-20,3F,33,33,36,0.9167
2025-11-20,ユニット,9,9,10,0.9
2025-11-21,2F,51,51,54,0.9444
2025-11-21,3F,36,36,36,1.0
2025-11-21,ユニット,10,9,10,1.0
2025-11-22,2F,53,52,54,0.9815
2025-11-22,3F,36,35,36,1.0
2025-11-22,ユニット,9,9,10,0.9
2025-11-23,2F,51,50,54,0.9444
2025-11-23,3F,35,35,36,0.9722
2025-11-23,ユニット,9,9,10,0.9
2025-11-24,2F,50,50,54,0.9259
2025-11-24,3F,35,35,36,0.9722
2025-11-24,ユニット,9,9,10,0.9
2025-11-25,2F,48,48,54,0.8889
2025-11-25,3F,36,35,36,1.0
2025-11-25,ユニット,9,9,10,0.9
2025-11-26,2F,51,50,54,0.9444
2025-11-26,3F,35,35,36,0.9722
2025-11-26,ユニット,9,9,10,0.9
2025-11-27,2F,50,50,54,0.9259
2025-11-27,3F,36,36,36,1.0
2025-11-27,ユニット,9,9,10,0.9
2025-11-28,2F,52,51,54,0.963
2025-11-28,3F,35,35,36,0.9722
2025-11-28,ユニット,10,10,10,1.0
2025-11-29,2F,51,51,54,0.9444
2025-11-29,3F,34,34,36,0.9444
2025-11-29,ユニット,9,9,10,0.9
2025-11-30,2F,49,49,54,0.9074
2025-11-30,3F,34,34,36,0.9444
2025-11-30,ユニット,9,9,10,0.9
2025-12-01,2F,52,51,54,0.963
2025-12-01,3F,35,35,36,0.9722
2025-12-01,ユニット,9,9,10,0.9
2025-12-02,2F,51,51,54,0.9444
2025-12-02,3F,35,35,36,0.9722
2025-12-02,ユニット,9,9,10,0.9
2025-12-03,2F,53,53,54,0.9815
2025-12-03,3F,36,36,36,1.0
2025-12-03,ユニット,8,8,10,0.8
2025-12-04,2F,52,52,54,0.963
2025-12-04,3F,36,36,36,1.0
2025-12-04,ユニット,9,9,10,0.9
2025-12-05,2F,53,53,54,0.9815
2025-12-05,3F,35,35,36,0.9722
2025-12-05,ユニット,9,9,10,0.9
2025-12-06,2F,52,51,54,0.963
2025-12-06,3F,36,36,36,1.0
2025-12-06,ユニット,10,10,10,1.0
2025-12-07,2F,50,50,54,0.9259
2025-12-07,3F,35,35,36,0.9722
2025-12-07,ユニット,10,10,10,1.0
2025-12-08,2F,50,50,54,0.9259
2025-12-08,3F,35,35,36,0.9722
2025-12-08,ユニット,10,10,10,1.0
2025-12-09,2F,51,51,54,0.9444
2025-12-09,3F,35,35,36,0.9722
2025-12-09,ユニット,9,9,10,0.9
2025-12-10,2F,52,51,54,0.963
2025-12-10,3F,35,34,36,0.9722
2025-12-10,ユニット,10,9,10,1.0
2025-12-11,2F,53,51,54,0.9815
2025-12-11,3F,35,35,36,0.9722
2025-12-11,ユニット,9,9,10,0.9
2025-12-12,2F,50,50,54,0.9259
2025-12-12,3F,36,35,36,1.0
2025-12-12,ユニット,9,9,10,0.9
2025-12-13,2F,52,50,54,0.963
2025-12-13,3F,35,35,36,0.9722
2025-12-13,ユニット,10,10,10,1.0
2025-12-14,2F,48,48,54,0.8889
2025-12-14,3F,35,35,36,0.9722
2025-12-14,ユニット,10,10,10,1.0
2025-12-15,2F,51,49,54,0.9444
2025-12-15,3F,37,35,36,1.0278
2025-12-15,ユニット,10,10,10,1.0
2025-12-16,2F,51,49,54,0.9444
2025-12-16,3F,34,34,36,0.9444
2025-12-16,ユニット,10,10,10,1.0
2025-12-17,2F,51,51,54,0.9444
2025-12-17,3F,35,35,36,0.9722
2025-12-17,ユニット,10,10,10,1.0
2025-12-18,2F,53,52,54,0.9815
2025-12-18,3F,36,35,36,1.0
2025-12-18,ユニット,11,10,10,1.1
2025-12-19,2F,52,52,54,0.963
2025-12-19,3F,36,35,36,1.0
2025-12-19,ユニット,10,10,10,1.0
2025-12-20,2F,52,50,54,0.963
2025-12-20,3F,35,35,36,0.9722
2025-12-20,ユニット,11,10,10,1.1
2025-12-21,2F,50,50,54,0.9259
2025-12-21,3F,35,35,36,0.9722
2025-12-21,ユニット,10,10,10,1.0
2025-12-22,2F,52,52,54,0.963
2025-12-22,3F,37,36,36,1.0278
2025-12-22,ユニット,10,10,10,1.0
2025-12-23,2F,54,53,54,1.0
2025-12-23,3F,36,36,36,1.0
2025-12-23,ユニット,10,10,10,1.0
2025-12-24,2F,53,53,54,0.9815
2025-12-24,3F,36,36,36,1.0
2025-12-24,ユニット,10,10,10,1.0
2025-12-25,2F,55,54,54,1.0185
2025-12-25,3F,37,36,36,1.0278
2025-12-25,ユニット,10,10,10,1.0
2025-12-26,2F,54,54,54,1.0
2025-12-26,3F,36,36,36,1.0
2025-12-26,ユニット,10,10,10,1.0
2025-12-27,2F,52,51,54,0.963
2025-12-27,3F,36,36,36,1.0
2025-12-27,ユニット,10,10,10,1.0
2025-12-28,2F,49,49,54,0.9074
2025-12-28,3F,35,35,36,0.9722
2025-12-28,ユニット,10,10,10,1.0
2025-12-29,2F,50,50,54,0.9259
2025-12-29,3F,36,36,36,1.0
2025-12-29,ユニット,10,10,10,1.0
2025-12-30,2F,50,50,54,0.9259
2025-12-30,3F,36,36,36,1.0
2025-12-30,ユニット,10,10,10,1.0
2025-12-31,2F,50,50,54,0.9259
2025-12-31,3F,36,36,36,1.0
2025-12-31,ユニット,10,10,10,1.0
2026-01-01,2F,49,49,54,0.9074
2026-01-01,3F,36,36,36,1.0
2026-01-01,ユニット,9,9,10,0.9
2026-01-02,2F,49,49,54,0.9074
2026-01-02,3F,36,36,36,1.0
2026-01-02,ユニット,9,9,10,0.9
2026-01-03,2F,49,49,54,0.9074
2026-01-03,3F,36,36,36,1.0
2026-01-03,ユニット,9,9,10,0.9
2026-01-04,2F,49,49,54,0.9074
2026-01-04,3F,36,36,36,1.0
2026-01-04,ユニット,9,9,10,0.9
2026-01-05,2F,50,50,54,0.9259
2026-01-05,3F,36,36,36,1.0
2026-01-05,ユニット,10,10,10,1.0
2026-01-06,2F,51,51,54,0.9444
2026-01-06,3F,36,36,36,1.0
2026-01-06,ユニット,10,10,10,1.0
2026-01-07,2F,51,51,54,0.9444
2026-01-07,3F,37,36,36,1.0278
2026-01-07,ユニット,10,10,10,1.0
2026-01-08,2F,53,52,54,0.9815
2026-01-08,3F,36,36,36,1.0
2026-01-08,ユニット,10,10,10,1.0
2026-01-09,2F,52,52,54,0.963
2026-01-09,3F,36,36,36,1.0
2026-01-09,ユニット,10,10,10,1.0
2026-01-10,2F,54,52,54,1.0
2026-01-10,3F,36,36,36,1.0
2026-01-10,ユニット,12,10,10,1.2
2026-01-11,2F,52,52,54,0.963
2026-01-11,3F,36,36,36,1.0
2026-01-11,ユニット,10,10,10,1.0
2026-01-12,2F,53,53,54,0.9815
2026-01-12,3F,35,35,36,0.9722
2026-01-12,ユニット,10,10,10,1.0
2026-01-13,2F,55,53,54,1.0185
2026-01-13,3F,36,36,36,1.0
2026-01-13,ユニット,9,9,10,0.9
2026-01-14,2F,54,54,54,1.0
2026-01-14,3F,36,35,36,1.0
2026-01-14,ユニット,9,9,10,0.9
2026-01-15,2F,55,53,54,1.0185
2026-01-15,3F,35,35,36,0.9722
2026-01-15,ユニット,10,10,10,1.0
2026-01-16,2F,54,54,54,1.0
2026-01-16,3F,35,35,36,0.9722
2026-01-16,ユニット,10,10,10,1.0
2026-01-17,2F,55,54,54,1.0185
2026-01-17,3F,35,35,36,0.9722
2026-01-17,ユニット,10,10,10,1.0
2026-01-18,2F,51,51,54,0.9444
2026-01-18,3F,35,35,36,0.9722
2026-01-18,ユニット,10,10,10,1.0
2026-01-19,2F,52,52,54,0.963
2026-01-19,3F,35,34,36,0.9722
2026-01-19,ユニット,10,10,10,1.0
2026-01-20,2F,52,51,54,0.963
2026-01-20,3F,34,34,36,0.9444
2026-01-20,ユニット,10,10,10,1.0
2026-01-21,2F,55,53,54,1.0185
2026-01-21,3F,35,34,36,0.9722
2026-01-21,ユニット,10,10,10,1.0
2026-01-22,2F,54,53,54,1.0
2026-01-22,3F,35,35,36,0.9722
2026-01-22,ユニット,9,9,10,0.9
2026-01-23,2F,53,53,54,0.9815
2026-01-23,3F,35,35,36,0.9722
2026-01-23,ユニット,10,10,10,1.0
2026-01-24,2F,56,53,54,1.037
2026-01-24,3F,36,35,36,1.0
2026-01-24,ユニット,10,10,10,1.0
2026-01-25,2F,52,52,54,0.963
2026-01-25,3F,35,35,36,0.9722
2026-01-25,ユニット,10,10,10,1.0
2026-01-26,2F,55,54,54,1.0185
2026-01-26,3F,35,35,36,0.9722
2026-01-26,ユニット,10,10,10,1.0
2026-01-27,2F,54,54,54,1.0
2026-01-27,3F,36,35,36,1.0
2026-01-27,ユニット,10,10,10,1.0
2026-01-28,2F,55,54,54,1.0185
2026-01-28,3F,36,36,36,1.0
2026-01-28,ユニット,10,10,10,1.0
2026-01-29,2F,55,54,54,1.0185
2026-01-29,3F,36,36,36,1.0
2026-01-29,ユニット,11,10,10,1.1
2026-01-30,2F,55,54,54,1.0185
2026-01-30,3F,36,36,36,1.0
2026-01-30,ユニット,10,10,10,1.0
2026-01-31,2F,54,54,54,1.0
2026-01-31,3F,37,36,36,1.0278
2026-01-31,ユニット,10,10,10,1.0
2026-02-01,2F,51,51,54,0.9444
2026-02-01,3F,36,36,36,1.0
2026-02-01,ユニット,10,10,10,1.0
2026-02-02,2F,53,52,54,0.9815
2026-02-02,3F,37,36,36,1.0278
2026-02-02,ユニット,10,10,10,1.0
2026-02-03,2F,54,54,54,1.0
2026-02-03,3F,36,36,36,1.0
2026-02-03,ユニット,9,9,10,0.9
2026-02-04,2F,56,54,54,1.037
2026-02-04,3F,36,36,36,1.0
2026-02-04,ユニット,10,10,10,1.0
2026-02-05,2F,56,54,54,1.037
2026-02-05,3F,36,36,36,1.0
2026-02-05,ユニット,10,10,10,1.0
2026-02-06,2F,54,54,54,1.0
2026-02-06,3F,37,36,36,1.0278
2026-02-06,ユニット,10,10,10,1.0
2026-02-07,2F,56,54,54,1.037
2026-02-07,3F,36,36,36,1.0
2026-02-07,ユニット,10,10,10,1.0
2026-02-08,2F,53,53,54,0.9815
2026-02-08,3F,36,36,36,1.0
2026-02-08,ユニット,10,10,10,1.0
2026-02-09,2F,55,54,54,1.0185
2026-02-09,3F,36,36,36,1.0
2026-02-09,ユニット,10,10,10,1.0
2026-02-10,2F,56,54,54,1.037
2026-02-10,3F,38,36,36,1.0556
2026-02-10,ユニット,10,10,10,1.0
2026-02-11,2F,54,54,54,1.0
2026-02-11,3F,36,36,36,1.0
2026-02-11,ユニット,10,10,10,1.0
2026-02-12,2F,56,54,54,1.037
2026-02-12,3F,34,34,36,0.9444
2026-02-12,ユニット,11,10,10,1.1
2026-02-13,2F,56,54,54,1.037
2026-02-13,3F,34,34,36,0.9444
2026-02-13,ユニット,9,9,10,0.9
2026-02-14,2F,56,54,54,1.037
2026-02-14,3F,34,34,36,0.9444
2026-02-14,ユニット,10,10,10,1.0
2026-02-15,2F,53,53,54,0.9815
2026-02-15,3F,34,34,36,0.9444
2026-02-15,ユニット,10,10,10,1.0
2026-02-16,2F,57,54,54,1.0556
2026-02-16,3F,34,34,36,0.9444
2026-02-16,ユニット,10,10,10,1.0
2026-02-17,2F,56,54,54,1.037
2026-02-17,3F,33,33,36,0.9167
2026-02-17,ユニット,10,10,10,1.0
2026-02-18,2F,54,54,54,1.0
2026-02-18,3F,33,33,36,0.9167
2026-02-18,ユニット,10,10,10,1.0
2026-02-19,2F,55,54,54,1.0185
2026-02-19,3F,33,33,36,0.9167
2026-02-19,ユニット,9,9,10,0.9
2026-02-20,2F,55,53,54,1.0185
2026-02-20,3F,33,33,36,0.9167
2026-02-20,ユニット,9,9,10,0.9
2026-02-21,2F,55,52,54,1.0185
2026-02-21,3F,33,33,36,0.9167
2026-02-21,ユニット,10,10,10,1.0
2026-02-22,2F,52,52,54,0.963
2026-02-22,3F,33,33,36,0.9167
2026-02-22,ユニット,10,10,10,1.0
2026-02-23,2F,52,52,54,0.963
2026-02-23,3F,33,33,36,0.9167
2026-02-23,ユニット,10,10,10,1.0
2026-02-24,2F,54,53,54,1.0
2026-02-24,3F,34,34,36,0.9444
2026-02-24,ユニット,10,10,10,1.0
2026-02-25,2F,53,53,54,0.9815
2026-02-25,3F,35,35,36,0.9722
2026-02-25,ユニット,10,10,10,1.0
2026-02-26,2F,55,54,54,1.0185
2026-02-26,3F,36,36,36,1.0
2026-02-26,ユニット,10,10,10,1.0
2026-02-27,2F,55,54,54,1.0185
2026-02-27,3F,37,36,36,1.0278
2026-02-27,ユニット,10,10,10,1.0
2026-02-28,2F,55,54,54,1.0185
2026-02-28,3F,35,35,36,0.9722
2026-02-28,ユニット,10,10,10,1.0
2026-03-01,2F,52,52,54,0.963
2026-03-01,3F,35,35,36,0.9722
2026-03-01,ユニット,9,9,10,0.9
2026-03-02,2F,53,53,54,0.9815
2026-03-02,3F,36,35,36,1.0
2026-03-02,ユニット,9,9,10,0.9
2026-03-03,2F,54,54,54,1.0
2026-03-03,3F,36,35,36,1.0
2026-03-03,ユニット,10,10,10,1.0
2026-03-04,2F,54,53,54,1.0
2026-03-04,3F,35,35,36,0.9722
2026-03-04,ユニット,10,10,10,1.0
2026-03-05,2F,54,54,54,1.0
2026-03-05,3F,35,35,36,0.9722
2026-03-05,ユニット,10,10,10,1.0
2026-03-06,2F,54,54,54,1.0
2026-03-06,3F,36,36,36,1.0
2026-03-06,ユニット,10,10,10,1.0
2026-03-07,2F,54,53,54,1.0
2026-03-07,3F,37,36,36,1.0278
2026-03-07,ユニット,10,10,10,1.0
2026-03-08,2F,51,51,54,0.9444
2026-03-08,3F,36,36,36,1.0
2026-03-08,ユニット,10,10,10,1.0
2026-03-09,2F,54,53,54,1.0
2026-03-09,3F,36,36,36,1.0
2026-03-09,ユニット,11,10,10,1.1
2026-03-10,2F,54,53,54,1.0
2026-03-10,3F,36,36,36,1.0
2026-03-10,ユニット,10,10,10,1.0
2026-03-11,2F,54,54,54,1.0
2026-03-11,3F,35,35,36,0.9722
2026-03-11,ユニット,10,10,10,1.0
2026-03-12,2F,55,54,54,1.0185
2026-03-12,3F,36,36,36,1.0
2026-03-12,ユニット,11,10,10,1.1
2026-03-13,2F,53,53,54,0.9815
2026-03-13,3F,35,35,36,0.9722
2026-03-13,ユニット,10,10,10,1.0
2026-03-14,2F,54,53,54,1.0
2026-03-14,3F,36,35,36,1.0
2026-03-14,ユニット,11,10,10,1.1
2026-03-15,2F,53,53,54,0.9815
2026-03-15,3F,35,35,36,0.9722
2026-03-15,ユニット,10,10,10,1.0
2026-03-16,2F,54,53,54,1.0
2026-03-16,3F,35,35,36,0.9722
2026-03-16,ユニット,10,10,10,1.0
2026-03-17,2F,52,51,54,0.963
2026-03-17,3F,35,35,36,0.9722
2026-03-17,ユニット,10,10,10,1.0
2026-03-18,2F,51,51,54,0.9444
2026-03-18,3F,36,36,36,1.0
2026-03-18,ユニット,10,10,10,1.0
2026-03-19,2F,54,52,54,1.0
2026-03-19,3F,38,36,36,1.0556
2026-03-19,ユニット,10,10,10,1.0
2026-03-20,2F,51,51,54,0.9444
2026-03-20,3F,36,36,36,1.0
2026-03-20,ユニット,10,10,10,1.0
2026-03-21,2F,53,53,54,0.9815
2026-03-21,3F,36,35,36,1.0
2026-03-21,ユニット,10,10,10,1.0
2026-03-22,2F,54,53,54,1.0
2026-03-22,3F,35,35,36,0.9722
2026-03-22,ユニット,10,10,10,1.0
2026-03-23,2F,54,53,54,1.0
2026-03-23,3F,36,35,36,1.0
2026-03-23,ユニット,11,10,10,1.1
2026-03-24,2F,54,54,54,1.0
2026-03-24,3F,35,35,36,0.9722
2026-03-24,ユニット,10,10,10,1.0
2026-03-25,2F,52,52,54,0.963
2026-03-25,3F,35,35,36,0.9722
2026-03-25,ユニット,10,10,10,1.0
2026-03-26,2F,52,52,54,0.963
2026-03-26,3F,34,34,36,0.9444
2026-03-26,ユニット,11,10,10,1.1
2026-03-27,2F,52,52,54,0.963
2026-03-27,3F,34,34,36,0.9444
2026-03-27,ユニット,10,10,10,1.0
2026-03-28,2F,53,53,54,0.9815
2026-03-28,3F,33,33,36,0.9167
2026-03-28,ユニット,10,10,10,1.0
2026-03-29,2F,53,53,54,0.9815
2026-03-29,3F,33,33,36,0.9167
2026-03-29,ユニット,10,10,10,1.0
2026-03-30,2F,54,53,54,1.0
2026-03-30,3F,33,33,36,0.9167
2026-03-30,ユニット,10,10,10,1.0
2026-03-31,2F,53,53,54,0.9815
2026-03-31,3F,32,32,36,0.8889
2026-03-31,ユニット,10,10,10,1.0
2026-04-01,2F,52,52,54,0.963
2026-04-01,3F,33,33,36,0.9167
2026-04-01,ユニット,10,10,10,1.0
2026-04-02,2F,53,53,54,0.9815
2026-04-02,3F,34,34,36,0.9444
2026-04-02,ユニット,9,9,10,0.9
2026-04-03,2F,53,52,54,0.9815
2026-04-03,3F,33,33,36,0.9167
2026-04-03,ユニット,9,9,10,0.9
2026-04-04,2F,54,53,54,1.0
2026-04-04,3F,33,33,36,0.9167
2026-04-04,ユニット,9,9,10,0.9
2026-04-05,2F,52,52,54,0.963
2026-04-05,3F,33,33,36,0.9167
2026-04-05,ユニット,9,9,10,0.9
2026-04-06,2F,53,53,54,0.9815
2026-04-06,3F,36,35,36,1.0
2026-04-06,ユニット,9,9,10,0.9
2026-04-07,2F,53,53,54,0.9815
2026-04-07,3F,35,35,36,0.9722
2026-04-07,ユニット,9,9,10,0.9
2026-04-08,2F,52,51,54,0.963
2026-04-08,3F,35,35,36,0.9722
2026-04-08,ユニット,9,9,10,0.9
2026-04-09,2F,54,52,54,1.0
2026-04-09,3F,35,35,36,0.9722
2026-04-09,ユニット,9,9,10,0.9
2026-04-10,2F,52,51,54,0.963
2026-04-10,3F,34,34,36,0.9444
2026-04-10,ユニット,10,10,10,1.0
2026-04-11,2F,51,51,54,0.9444
2026-04-11,3F,35,34,36,0.9722
2026-04-11,ユニット,10,10,10,1.0
2026-04-12,2F,49,49,54,0.9074
2026-04-12,3F,34,33,36,0.9444
2026-04-12,ユニット,10,10,10,1.0
2026-04-13,2F,51,50,54,0.9444
2026-04-13,3F,34,34,36,0.9444
2026-04-13,ユニット,10,10,10,1.0
2026-04-14,2F,50,50,54,0.9259
2026-04-14,3F,33,33,36,0.9167
2026-04-14,ユニット,9,9,10,0.9
2026-04-15,2F,51,51,54,0.9444
2026-04-15,3F,34,34,36,0.9444
2026-04-15,ユニット,10,10,10,1.0
2026-04-16,2F,54,52,54,1.0
2026-04-16,3F,33,33,36,0.9167
2026-04-16,ユニット,9,9,10,0.9
2026-04-17,2F,54,53,54,1.0
2026-04-17,3F,32,32,36,0.8889
2026-04-17,ユニット,9,9,10,0.9
2026-04-18,2F,54,54,54,1.0
2026-04-18,3F,32,32,36,0.8889
2026-04-18,ユニット,10,10,10,1.0
2026-04-19,2F,54,54,54,1.0
2026-04-19,3F,32,32,36,0.8889
2026-04-19,ユニット,10,10,10,1.0
2026-04-20,2F,54,54,54,1.0
2026-04-20,3F,33,33,36,0.9167
2026-04-20,ユニット,11,10,10,1.1
2026-04-21,2F,55,53,54,1.0185
2026-04-21,3F,34,34,36,0.9444
2026-04-21,ユニット,10,10,10,1.0
2026-04-22,2F,55,54,54,1.0185
2026-04-22,3F,34,34,36,0.9444
2026-04-22,ユニット,10,10,10,1.0
2026-04-23,2F,55,54,54,1.0185
2026-04-23,3F,34,34,36,0.9444
2026-04-23,ユニット,10,10,10,1.0
2026-04-24,2F,54,53,54,1.0
2026-04-24,3F,35,35,36,0.9722
2026-04-24,ユニット,9,9,10,0.9
2026-04-25,2F,53,53,54,0.9815
2026-04-25,3F,35,35,36,0.9722
2026-04-25,ユニット,9,9,10,0.9
2026-04-26,2F,52,52,54,0.963
2026-04-26,3F,35,35,36,0.9722
2026-04-26,ユニット,9,9,10,0.9
2026-04-27,2F,54,54,54,1.0
2026-04-27,3F,36,36,36,1.0
2026-04-27,ユニット,10,10,10,1.0
2026-04-28,2F,54,54,54,1.0
2026-04-28,3F,35,35,36,0.9722
2026-04-28,ユニット,11,10,10,1.1
2026-04-29,2F,54,54,54,1.0
2026-04-29,3F,35,35,36,0.9722
2026-04-29,ユニット,10,10,10,1.0
2026-04-30,2F,56,54,54,1.037
2026-04-30,3F,36,35,36,1.0
2026-04-30,ユニット,10,10,10,1.0
2026-05-01,2F,55,54,54,1.0185
2026-05-01,3F,36,36,36,1.0
2026-05-01,ユニット,10,10,10,1.0
2026-05-02,2F,53,53,54,0.9815
2026-05-02,3F,36,36,36,1.0
2026-05-02,ユニット,10,10,10,1.0
2026-05-03,2F,52,52,54,0.963
2026-05-03,3F,36,36,36,1.0
2026-05-03,ユニット,10,10,10,1.0
2026-05-04,2F,52,52,54,0.963
2026-05-04,3F,36,36,36,1.0
2026-05-04,ユニット,10,10,10,1.0
2026-05-05,2F,52,52,54,0.963
2026-05-05,3F,35,35,36,0.9722
2026-05-05,ユニット,10,10,10,1.0
2026-05-06,2F,52,52,54,0.963
2026-05-06,3F,35,35,36,0.9722
2026-05-06,ユニット,11,10,10,1.1
2026-05-07,2F,53,52,54,0.9815
2026-05-07,3F,35,35,36,0.9722
2026-05-07,ユニット,10,10,10,1.0
2026-05-08,2F,53,52,54,0.9815
2026-05-08,3F,34,34,36,0.9444
2026-05-08,ユニット,12,10,10,1.2
2026-05-09,2F,53,52,54,0.9815
2026-05-09,3F,33,33,36,0.9167
2026-05-09,ユニット,10,10,10,1.0
2026-05-10,2F,51,51,54,0.9444
2026-05-10,3F,33,33,36,0.9167
2026-05-10,ユニット,9,9,10,0.9
2026-05-11,2F,53,52,54,0.9815
2026-05-11,3F,34,34,36,0.9444
2026-05-11,ユニット,10,10,10,1.0
2026-05-12,2F,53,53,54,0.9815
2026-05-12,3F,34,34,36,0.9444
2026-05-12,ユニット,10,10,10,1.0
2026-05-13,2F,54,53,54,1.0
2026-05-13,3F,35,34,36,0.9722
2026-05-13,ユニット,10,10,10,1.0
2026-05-14,2F,55,53,54,1.0185
2026-05-14,3F,35,34,36,0.9722
2026-05-14,ユニット,10,10,10,1.0
2026-05-15,2F,54,53,54,1.0
2026-05-15,3F,36,35,36,1.0
2026-05-15,ユニット,10,10,10,1.0
2026-05-16,2F,53,51,54,0.9815
2026-05-16,3F,35,35,36,0.9722
2026-05-16,ユニット,10,10,10,1.0
2026-05-17,2F,50,50,54,0.9259
2026-05-17,3F,35,35,36,0.9722
2026-05-17,ユニット,10,10,10,1.0
2026-05-18,2F,53,52,54,0.9815
2026-05-18,3F,35,35,36,0.9722
2026-05-18,ユニット,10,10,10,1.0
2026-05-19,2F,53,52,54,0.9815
2026-05-19,3F,35,35,36,0.9722
2026-05-19,ユニット,10,10,10,1.0
2026-05-20,2F,53,52,54,0.9815
2026-05-20,3F,34,33,36,0.9444
2026-05-20,ユニット,9,9,10,0.9
2026-05-21,2F,51,51,54,0.9444
2026-05-21,3F,33,33,36,0.9167
2026-05-21,ユニット,8,8,10,0.8
2026-05-22,2F,51,51,54,0.9444
2026-05-22,3F,34,34,36,0.9444
2026-05-22,ユニット,10,10,10,1.0
2026-05-23,2F,52,52,54,0.963
2026-05-23,3F,33,33,36,0.9167
2026-05-23,ユニット,9,9,10,0.9
2026-05-24,2F,52,52,54,0.963
2026-05-24,3F,33,33,36,0.9167
2026-05-24,ユニット,10,10,10,1.0
2026-05-25,2F,54,54,54,1.0
2026-05-25,3F,32,32,36,0.8889
2026-05-25,ユニット,10,9,10,1.0
2026-05-26,2F,54,54,54,1.0
2026-05-26,3F,33,33,36,0.9167
2026-05-26,ユニット,8,8,10,0.8
2026-05-27,2F,54,53,54,1.0
2026-05-27,3F,34,34,36,0.9444
2026-05-27,ユニット,8,8,10,0.8
2026-05-28,2F,53,53,54,0.9815
2026-05-28,3F,34,34,36,0.9444
2026-05-28,ユニット,8,8,10,0.8
2026-05-29,2F,53,53,54,0.9815
2026-05-29,3F,34,34,36,0.9444
2026-05-29,ユニット,8,8,10,0.8
2026-05-30,2F,52,52,54,0.963
2026-05-30,3F,34,34,36,0.9444
2026-05-30,ユニット,10,10,10,1.0
2026-05-31,2F,52,52,54,0.963
2026-05-31,3F,34,34,36,0.9444
2026-05-31,ユニット,10,10,10,1.0
