user_id,exclusion_reason,exclusion_detail,latest_discharge_date,latest_admission_date,latest_floor,latest_admission_type,discharge_destination,discharge_reason,total_episodes
00002999,施設退所,特養アミーキ / 施設退所,2025-09-25,2025-05-17,2F,,特養アミーキ,施設退所,3
00014287,死亡退院,死亡 / 死亡退所,2025-07-09,2025-04-24,2F,,死亡,死亡退所,2
00023273,施設退所,住宅型有料「東ライフライン」 / 施設退所,2025-07-09,2025-04-11,2F,,住宅型有料「東ライフライン」,施設退所,1
00023757,死亡退院,死亡 / 死亡退所,2026-05-22,2021-10-20,ユニット,,死亡,死亡退所,1
00027925,施設退所,介護付有料 / 施設退所,2026-03-14,2026-01-14,3F,,介護付有料,施設退所,3
00054821,施設退所,住宅型有料 / 施設退所,2026-03-21,2025-09-13,3F,,住宅型有料,施設退所,3
00057874,死亡退院,死亡 / 死亡退所,2025-07-02,2025-07-01,2F,,死亡,死亡退所,1
00072267,死亡退院,死亡 / 死亡退所,2025-09-06,2024-03-30,3F,,死亡,死亡退所,1
00074478,施設退所,特養「小泉の杜」 / 施設退所,2026-03-17,2025-02-28,2F,,特養「小泉の杜」,施設退所,1
00082806,施設退所,住宅型有料「つつじが岡」 / 施設退所,2026-01-15,2025-11-01,2F,,住宅型有料「つつじが岡」,施設退所,2
00089244,死亡退院,死亡 / 死亡退所,2025-10-14,2025-06-18,3F,,死亡,死亡退所,4
00090744,死亡退院,死亡 / 死亡退所,2025-06-21,2024-12-18,3F,,死亡,死亡退所,1
00092160,施設退所,GH,2025-12-10,2025-01-18,3F,,GH,不明,1
00095547,施設退所,特養「ゆたか」 / 施設退所,2025-09-01,2025-06-02,2F,,特養「ゆたか」,施設退所,1
00097034,施設退所,特養 / 施設退所,2026-01-12,2025-05-12,3F,,特養,施設退所,3
00099724,死亡退院,死亡 / 死亡退所,2025-09-11,2025-02-13,3F,,死亡,死亡退所,1
00100621,施設退所,住宅型有料「笑ふく」 / 施設退所,2025-06-04,2024-01-22,3F,,住宅型有料「笑ふく」,施設退所,1
00101111,死亡退院,死亡 / 死亡退所,2026-03-10,2025-07-07,3F,,死亡,死亡退所,4
00103812,施設退所,「住宅型有料」WILL / 施設退所,2025-07-14,2023-12-20,3F,,「住宅型有料」WILL,施設退所,1
00106631,施設退所,サ高住「こうばやしの家」 / 施設退所,2025-06-06,2024-08-26,3F,,サ高住「こうばやしの家」,施設退所,1
00112027,死亡退院,死亡 / 死亡退所,2026-03-22,2025-12-19,3F,,死亡,死亡退所,7
00115009,施設退所,住宅型有料 / 施設退所,2025-11-19,2025-07-23,3F,,住宅型有料,施設退所,1
00115453,施設退所,特養「あいの詩」 / 施設退所,2025-06-26,2025-06-14,2F,,特養「あいの詩」,施設退所,4
00135831,死亡退院,死亡 / 死亡退所,2025-06-24,2025-05-26,2F,,死亡,死亡退所,3
00136653,死亡退院,死亡 / 死亡退所,2026-04-07,2026-02-23,2F,,死亡,死亡退所,2
00141670,施設退所,住宅型有料「優楽舎」 / 施設退所,2025-10-27,2025-09-12,3F,,住宅型有料「優楽舎」,施設退所,6
00142422,死亡退院,死亡 / 死亡退所,2025-05-14,2024-10-16,3F,,死亡,死亡退所,1
00145297,施設退所,退所後は恵風荘入所 / 施設退所,2025-04-18,2024-11-21,3F,,退所後は恵風荘入所,施設退所,1
00145768,施設退所,サ高住「パルクフローラ」 / 施設退所,2025-04-22,2025-01-08,2F,,サ高住「パルクフローラ」,施設退所,1
00147502,死亡退院,死亡 / 死亡退所,2026-02-11,2026-01-13,3F,,死亡,死亡退所,1
00153629,死亡退院,死亡 / 死亡退所,2026-02-11,2026-01-27,3F,,死亡,死亡退所,2
00155411,施設退所,サ高住「うしいけ」 / 施設退所,2025-11-12,2024-12-17,2F,,サ高住「うしいけ」,施設退所,1
00155895,施設退所,特養「いずみ」 / 施設退所,2025-07-22,2025-05-08,2F,,特養「いずみ」,施設退所,1
00156186,施設退所,有料「ちょうめい」 / 施設退所,2025-07-14,2024-06-14,ユニット,,有料「ちょうめい」,施設退所,1
00159533,施設退所,有料「上泉」 / 施設退所,2025-05-31,2024-11-26,2F,,有料「上泉」,施設退所,1
00159813,死亡退院,死亡 / 死亡退所,2025-09-26,2024-10-30,2F,,死亡,死亡退所,1
00160221,施設退所,住宅型有料「ナーシングホームあい想」 / 施設退所,2025-07-08,2025-03-25,2F,,住宅型有料「ナーシングホームあい想」,施設退所,1
00161371,施設退所,サ高住「くれよん」 / 施設退所,2025-09-23,2025-07-08,2F,,サ高住「くれよん」,施設退所,1
00161856,施設退所,住宅型有料「はなわホーム」 / 施設退所,2025-08-29,2025-03-10,2F,,住宅型有料「はなわホーム」,施設退所,1
00162975,施設退所,住宅型有料 / 施設退所,2026-02-09,2025-05-16,ユニット,,住宅型有料,施設退所,1
00163013,施設退所,住宅型有料「つつじヶ丘」 / 施設退所,2025-06-24,2025-06-20,3F,,住宅型有料「つつじヶ丘」,施設退所,1
00165136,施設退所,住宅型有料 / 施設退所,2026-05-14,2026-01-15,2F,,住宅型有料,施設退所,1
