episode_id,user_id,admission_date,source_type,source_name,discharge_destination,discharge_reason,memo
E_00140931_20250122,00140931,2025-01-22,不明,,不明,不明,
E_00100042_20250217,00100042,2025-02-17,不明,,併設Hsp,病院退所,
E_00135831_20230921,00135831,2023-09-21,不明,,ユニット,施設内移動,
E_00134007_20240701,00134007,2024-07-01,不明,,ユニット,施設内移動,
E_00159813_20241030,00159813,2024-10-30,不明,,死亡,死亡退所,
E_00115453_20250325,00115453,2025-03-25,不明,,自宅,自宅退所,
E_00059692_20250203,00059692,2025-02-03,不明,,自宅,自宅退所,
E_00124842_20250324,00124842,2025-03-24,不明,,自宅,自宅退所,
E_00048877_20230510,00048877,2023-05-10,不明,,ユニット,施設内移動,
E_00162004_20250307,00162004,2025-03-07,不明,,不明,不明,
E_00159533_20241126,00159533,2024-11-26,不明,,有料「上泉」,施設退所,
E_00020430_20231030,00020430,2023-10-30,不明,,自宅,自宅退所,
E_00151132_20250326,00151132,2025-03-26,不明,,自宅,自宅退所,
E_00121152_20250317,00121152,2025-03-17,不明,,自宅,自宅退所,
E_00051294_20241219,00051294,2024-12-19,不明,,自宅,自宅退所,
E_00129630_20250320,00129630,2025-03-20,不明,,自宅,自宅退所,
E_00002999_20241026,00002999,2024-10-26,不明,,自宅,自宅退所,
E_00133246_20240824,00133246,2024-08-24,不明,,自宅,自宅退所,
E_00161856_20250310,00161856,2025-03-10,不明,,住宅型有料「はなわホーム」,施設退所,
E_00074478_20250228,00074478,2025-02-28,不明,,特養「小泉の杜」,施設退所,
E_00028837_20250327,00028837,2025-03-27,不明,,自宅,自宅退所,
E_00103521_20250401,00103521,2025-04-01,不明,,自宅,自宅退所,
E_00148879_20250318,00148879,2025-03-18,不明,,自宅,自宅退所,
E_00106970_20250313,00106970,2025-03-13,不明,,石井病院,病院退所,
E_00146793_20241228,00146793,2024-12-28,不明,,自宅,自宅退所,
E_00155335_20250214,00155335,2025-02-14,不明,,自宅,自宅退所,
E_00082392_20250225,00082392,2025-02-25,不明,,自宅,自宅退所,
E_00155370_20250118,00155370,2025-01-18,不明,,自宅,自宅退所,
E_00145768_20250108,00145768,2025-01-08,不明,,サ高住「パルクフローラ」,施設退所,
E_00093421_20241017,00093421,2024-10-17,不明,,自宅,自宅退所,
E_00118090_20250218,00118090,2025-02-18,不明,,自宅,自宅退所,
E_00155411_20241217,00155411,2024-12-17,不明,,サ高住「うしいけ」,施設退所,
E_00061228_20250318,00061228,2025-03-18,不明,,自宅,自宅退所,
E_00155078_20250108,00155078,2025-01-08,不明,,自宅,自宅退所,
E_00162164_20250319,00162164,2025-03-19,不明,,不明,不明,
E_00042757_20250303,00042757,2025-03-03,不明,,自宅,自宅退所,
E_00150575_20250324,00150575,2025-03-24,不明,,自宅,自宅退所,
E_00145557_20250227,00145557,2025-02-27,不明,,アミーキ,不明,
E_00014287_20250329,00014287,2025-03-29,不明,,自宅,自宅退所,
E_00144692_20241119,00144692,2024-11-19,不明,,自宅,自宅退所,
E_00078507_20250222,00078507,2025-02-22,不明,,自宅,自宅退所,
E_00103789_20250114,00103789,2025-01-14,不明,,自宅,自宅退所,
E_00042165_20250110,00042165,2025-01-10,不明,,自宅,自宅退所,
E_00125158_20250208,00125158,2025-02-08,不明,,自宅,自宅退所,
E_00159362_20250305,00159362,2025-03-05,不明,,自宅,自宅退所,
E_00146240_20250228,00146240,2025-02-28,不明,,自宅,自宅退所,
E_00069873_20250322,00069873,2025-03-22,不明,,自宅,自宅退所,
E_00120863_20240830,00120863,2024-08-30,不明,,不明,不明,
E_00150658_20250328,00150658,2025-03-28,不明,,自宅,自宅退所,
E_00160221_20250325,00160221,2025-03-25,不明,,住宅型有料「ナーシングホームあい想」,施設退所,
E_00105798_20241119,00105798,2024-11-19,不明,,自宅,自宅退所,
E_00130963_20250318,00130963,2025-03-18,不明,,自宅,自宅退所,
E_00143303_20240816,00143303,2024-08-16,不明,,自宅,自宅退所,
E_00155782_20241228,00155782,2024-12-28,不明,,恵風荘,不明,
E_00116523_20250120,00116523,2025-01-20,不明,,自宅,自宅退所,
E_00107995_20250328,00107995,2025-03-28,不明,,自宅,自宅退所,
E_00097889_20241029,00097889,2024-10-29,不明,,不明,不明,
E_00099724_20250213,00099724,2025-02-13,不明,,死亡,死亡退所,
E_00112027_20241021,00112027,2024-10-21,不明,,自宅,自宅退所,
E_00106631_20240826,00106631,2024-08-26,不明,,サ高住「こうばやしの家」,施設退所,
E_00161316_20250306,00161316,2025-03-06,不明,,小泉の杜,不明,
E_00072267_20240330,00072267,2024-03-30,不明,,死亡,死亡退所,
E_00132374_20241101,00132374,2024-11-01,不明,,アミーキ,不明,
E_00066541_20241116,00066541,2024-11-16,不明,,不明,不明,
E_00138385_20240115,00138385,2024-01-15,不明,,自宅,自宅退所,
E_00132208_20250108,00132208,2025-01-08,不明,,自宅,自宅退所,
E_00127244_20241019,00127244,2024-10-19,不明,,自宅,自宅退所,
E_00145297_20241121,00145297,2024-11-21,不明,,退所後は恵風荘入所,施設退所,
E_00104919_20240827,00104919,2024-08-27,不明,,不明,不明,
E_00100621_20240122,00100621,2024-01-22,不明,,住宅型有料「笑ふく」,施設退所,
E_00103812_20231220,00103812,2023-12-20,不明,,「住宅型有料」WILL,施設退所,
E_00113600_20240117,00113600,2024-01-17,不明,,自宅,自宅退所,
E_00089244_20241114,00089244,2024-11-14,不明,,自宅,自宅退所,
E_00157857_20250111,00157857,2025-01-11,不明,,あずまライフライン,不明,
E_00142228_20240815,00142228,2024-08-15,不明,,自宅,自宅退所,
E_00054284_20250212,00054284,2025-02-12,不明,,伊勢崎佐波医師会病院,病院退所,
E_00132185_20240718,00132185,2024-07-18,不明,,自宅,自宅退所,
E_00142422_20241016,00142422,2024-10-16,不明,,死亡,死亡退所,
E_00100859_20250327,00100859,2025-03-27,不明,,自宅,自宅退所,
E_00092160_20250118,00092160,2025-01-18,不明,,GH,不明,
E_00076641_20240819,00076641,2024-08-19,不明,,不明,不明,
E_00027925_20250219,00027925,2025-02-19,不明,,自宅,自宅退所,
E_00054821_20250322,00054821,2025-03-22,不明,,自宅,自宅退所,
E_00090744_20241218,00090744,2024-12-18,不明,,死亡,死亡退所,
E_00101111_20241212,00101111,2024-12-12,不明,,自宅,自宅退所,
E_00097034_20241216,00097034,2024-12-16,不明,,自宅,自宅退所,
E_00059906_20250226,00059906,2025-02-26,不明,,自宅,自宅退所,
E_00046976_20250329,00046976,2025-03-29,不明,,自宅,自宅退所,
E_00134463_20241126,00134463,2024-11-26,不明,,自宅,自宅退所,
E_00129553_20240803,00129553,2024-08-03,不明,,3F,施設内移動,
E_00023757_20211020,00023757,2021-10-20,不明,,死亡,死亡退所,
E_00156186_20240614,00156186,2024-06-14,不明,,有料「ちょうめい」,施設退所,
E_00146569_20231015,00146569,2023-10-15,不明,,不明,不明,
E_00094866_20250220,00094866,2025-02-20,不明,,石井病院,病院退所,
E_00144252_20241206,00144252,2024-12-06,不明,,自宅,自宅退所,
E_00148041_20240419,00148041,2024-04-19,不明,,自宅,自宅退所,
E_00094530_20241117,00094530,2024-11-17,不明,,自宅,自宅退所,
E_00108449_20250402,00108449,2025-04-02,不明,,自宅,自宅退所,
E_00092183_20250402,00092183,2025-04-02,不明,,自宅,自宅退所,
E_00162164_20250402,00162164,2025-04-02,不明,,不明,不明,
E_00096466_20250402,00096466,2025-04-02,不明,,自宅,自宅退所,
E_00074049_20250403,00074049,2025-04-03,不明,,自宅,自宅退所,
E_00147744_20250404,00147744,2025-04-04,不明,,自宅,自宅退所,
E_00114754_20250404,00114754,2025-04-04,不明,,自宅,自宅退所,
E_00145463_20250404,00145463,2025-04-04,不明,,自宅,自宅退所,
E_00102827_20250404,00102827,2025-04-04,不明,,自宅,自宅退所,
E_00083160_20250407,00083160,2025-04-07,不明,,自宅,自宅退所,
E_00122276_20250408,00122276,2025-04-08,不明,,自宅,自宅退所,
E_00154078_20250409,00154078,2025-04-09,不明,,自宅,自宅退所,
E_00154374_20250409,00154374,2025-04-09,不明,,自宅,自宅退所,
E_00134783_20250410,00134783,2025-04-10,不明,,不明,不明,
E_00023273_20250411,00023273,2025-04-11,不明,,住宅型有料「東ライフライン」,施設退所,
E_00150658_20250411,00150658,2025-04-11,不明,,自宅,自宅退所,
E_00107995_20250411,00107995,2025-04-11,不明,,自宅,自宅退所,
E_00096466_20250411,00096466,2025-04-11,不明,,自宅,自宅退所,
E_00107616_20250412,00107616,2025-04-12,不明,,自宅,自宅退所,
E_00141394_20250412,00141394,2025-04-12,不明,,自宅,自宅退所,
E_00121839_20250412,00121839,2025-04-12,不明,,自宅,自宅退所,
E_00060337_20250412,00060337,2025-04-12,不明,,自宅,自宅退所,
E_00096864_20250412,00096864,2025-04-12,不明,,自宅,自宅退所,
E_00149052_20250414,00149052,2025-04-14,不明,,自宅,自宅退所,
E_00121152_20250414,00121152,2025-04-14,不明,,自宅,自宅退所,
E_00097034_20250414,00097034,2025-04-14,不明,,自宅,自宅退所,
E_00148879_20250415,00148879,2025-04-15,不明,,自宅,自宅退所,
E_00144692_20250415,00144692,2025-04-15,不明,,自宅,自宅退所,
E_00028545_20250415,00028545,2025-04-15,不明,,自宅,自宅退所,
E_00092936_20250416,00092936,2025-04-16,不明,,自宅,自宅退所,
E_00052434_20250416,00052434,2025-04-16,不明,,自宅,自宅退所,
E_00102827_20250416,00102827,2025-04-16,不明,,自宅,自宅退所,
E_00074049_20250417,00074049,2025-04-17,不明,,自宅,自宅退所,
E_00145463_20250417,00145463,2025-04-17,不明,,自宅,自宅退所,
E_00055487_20250417,00055487,2025-04-17,不明,,自宅,自宅退所,
E_00050154_20250418,00050154,2025-04-18,不明,,自宅,自宅退所,
E_00002999_20250418,00002999,2025-04-18,不明,,自宅,自宅退所,
E_00028837_20250418,00028837,2025-04-18,不明,,自宅,自宅退所,
E_00141670_20250418,00141670,2025-04-18,不明,,自宅,自宅退所,
E_00135831_20250418,00135831,2025-04-18,不明,,2F,施設内移動,
E_00069873_20250419,00069873,2025-04-19,不明,,自宅,自宅退所,
E_00114754_20250419,00114754,2025-04-19,不明,,自宅,自宅退所,
E_00155370_20250419,00155370,2025-04-19,不明,,自宅,自宅退所,
E_00083160_20250421,00083160,2025-04-21,不明,,自宅,自宅退所,
E_00096466_20250421,00096466,2025-04-21,不明,,自宅,自宅退所,
E_00151132_20250422,00151132,2025-04-22,不明,,自宅,自宅退所,
E_00115453_20250422,00115453,2025-04-22,不明,,自宅,自宅退所,
E_00060950_20250423,00060950,2025-04-23,不明,,自宅,自宅退所,
E_00014287_20250424,00014287,2025-04-24,不明,,死亡,死亡退所,
E_00093421_20250424,00093421,2025-04-24,不明,,不明,不明,
E_00077083_20250424,00077083,2025-04-24,不明,,不明,不明,
E_00107995_20250425,00107995,2025-04-25,不明,,自宅,自宅退所,
E_00102827_20250425,00102827,2025-04-25,不明,,自宅,自宅退所,
E_00137071_20250425,00137071,2025-04-25,不明,,自宅,自宅退所,
E_00146136_20250426,00146136,2025-04-26,不明,,自宅,自宅退所,
E_00141394_20250426,00141394,2025-04-26,不明,,自宅,自宅退所,
E_00054209_20250428,00054209,2025-04-28,不明,,自宅,自宅退所,
E_00100859_20250428,00100859,2025-04-28,不明,,自宅,自宅退所,
E_00143303_20250428,00143303,2025-04-28,不明,,自宅,自宅退所,
E_00108449_20250430,00108449,2025-04-30,不明,,不明,不明,
E_00092936_20250430,00092936,2025-04-30,不明,,不明,不明,
E_00074049_20250501,00074049,2025-05-01,不明,,自宅,自宅退所,
E_00096466_20250501,00096466,2025-05-01,不明,,自宅,自宅退所,
E_00046976_20250501,00046976,2025-05-01,不明,,自宅,自宅退所,
E_00050154_20250502,00050154,2025-05-02,不明,,自宅,自宅退所,
E_00055539_20250502,00055539,2025-05-02,不明,,自宅,自宅退所,
E_00083160_20250502,00083160,2025-05-02,不明,,自宅,自宅退所,
E_00102827_20250502,00102827,2025-05-02,不明,,自宅,自宅退所,
E_00077083_20250502,00077083,2025-05-02,不明,,不明,不明,
E_00092183_20250507,00092183,2025-05-07,不明,,自宅,自宅退所,
E_00143303_20250507,00143303,2025-05-07,不明,,自宅,自宅退所,
E_00107995_20250507,00107995,2025-05-07,不明,,自宅,自宅退所,
E_00109276_20250507,00109276,2025-05-07,不明,,不明,不明,
E_00155895_20250508,00155895,2025-05-08,不明,,特養「いずみ」,施設退所,
E_00114754_20250508,00114754,2025-05-08,不明,,自宅,自宅退所,
E_00131740_20250508,00131740,2025-05-08,不明,,自宅,自宅退所,
E_00092936_20250509,00092936,2025-05-09,不明,,不明,不明,
E_00155078_20250509,00155078,2025-05-09,不明,,自宅,自宅退所,
E_00083160_20250509,00083160,2025-05-09,不明,,自宅,自宅退所,
E_00096864_20250509,00096864,2025-05-09,不明,,自宅,自宅退所,
E_00141394_20250511,00141394,2025-05-11,不明,,自宅,自宅退所,
E_00149052_20250512,00149052,2025-05-12,不明,,自宅,自宅退所,
E_00060337_20250512,00060337,2025-05-12,不明,,自宅,自宅退所,
E_00097034_20250512,00097034,2025-05-12,不明,,特養,施設退所,
E_00134463_20250512,00134463,2025-05-12,不明,,自宅,自宅退所,
E_00144692_20250513,00144692,2025-05-13,不明,,自宅,自宅退所,
E_00115453_20250513,00115453,2025-05-13,不明,,自宅,自宅退所,
E_00125158_20250514,00125158,2025-05-14,不明,,自宅,自宅退所,
E_00138290_20250514,00138290,2025-05-14,不明,,自宅,自宅退所,
E_00096466_20250514,00096466,2025-05-14,不明,,自宅,自宅退所,
E_00094530_20250514,00094530,2025-05-14,不明,,自宅,自宅退所,
E_00107616_20250515,00107616,2025-05-15,不明,,自宅,自宅退所,
E_00102827_20250515,00102827,2025-05-15,不明,,自宅,自宅退所,
E_00055487_20250515,00055487,2025-05-15,不明,,自宅,自宅退所,
E_00089244_20250516,00089244,2025-05-16,不明,,自宅,自宅退所,
E_00162975_20250516,00162975,2025-05-16,不明,,住宅型有料,施設退所,
E_00055204_20250517,00055204,2025-05-17,不明,,自宅,自宅退所,
E_00146793_20250517,00146793,2025-05-17,不明,,自宅,自宅退所,
E_00002999_20250517,00002999,2025-05-17,不明,,特養アミーキ,施設退所,
E_00141394_20250517,00141394,2025-05-17,不明,,不明,不明,
E_00118090_20250519,00118090,2025-05-19,不明,,自宅,自宅退所,
E_00114754_20250519,00114754,2025-05-19,不明,,自宅,自宅退所,
E_00153629_20250519,00153629,2025-05-19,不明,,自宅,自宅退所,
E_00107995_20250519,00107995,2025-05-19,不明,,自宅,自宅退所,
E_00074049_20250520,00074049,2025-05-20,不明,,自宅,自宅退所,
E_00093421_20250521,00093421,2025-05-21,不明,,不明,不明,
E_00163072_20250521,00163072,2025-05-21,不明,,美原Hsp,不明,
E_00060950_20250522,00060950,2025-05-22,不明,,自宅,自宅退所,
E_00102827_20250522,00102827,2025-05-22,不明,,自宅,自宅退所,
E_00052434_20250523,00052434,2025-05-23,不明,,自宅,自宅退所,
E_00083160_20250523,00083160,2025-05-23,不明,,自宅,自宅退所,
E_00155370_20250524,00155370,2025-05-24,不明,,自宅,自宅退所,
E_00154078_20250524,00154078,2025-05-24,不明,,自宅,自宅退所,
E_00154374_20250524,00154374,2025-05-24,不明,,自宅,自宅退所,
E_00127244_20250524,00127244,2025-05-24,不明,,不明,不明,
E_00141670_20250524,00141670,2025-05-24,不明,,自宅,自宅退所,
E_00135831_20250526,00135831,2025-05-26,不明,,死亡,死亡退所,
E_00050974_20250526,00050974,2025-05-26,不明,,不明,不明,
E_00143303_20250526,00143303,2025-05-26,不明,,不明,不明,
E_00114754_20250527,00114754,2025-05-27,不明,,自宅,自宅退所,
E_00121528_20250527,00121528,2025-05-27,不明,,不明,不明,
E_00146699_20250527,00146699,2025-05-27,不明,,大島病院,病院退所,
E_00102827_20250527,00102827,2025-05-27,不明,,自宅,自宅退所,
E_00028837_20250528,00028837,2025-05-28,不明,,自宅,自宅退所,
E_00078507_20250528,00078507,2025-05-28,不明,,自宅,自宅退所,
E_00161935_20250528,00161935,2025-05-28,不明,,自宅,自宅退所,
E_00107995_20250528,00107995,2025-05-28,不明,,自宅,自宅退所,
E_00089244_20250529,00089244,2025-05-29,不明,,自宅,自宅退所,
E_00050154_20250530,00050154,2025-05-30,不明,,自宅,自宅退所,
E_00154926_20250531,00154926,2025-05-31,不明,,自宅,自宅退所,
E_00146793_20250531,00146793,2025-05-31,不明,,自宅,自宅退所,
E_00096466_20250531,00096466,2025-05-31,不明,,自宅,自宅退所,
E_00046976_20250531,00046976,2025-05-31,不明,,自宅,自宅退所,
E_00094530_20250531,00094530,2025-05-31,不明,,自宅,自宅退所,
E_00129630_20250602,00129630,2025-06-02,不明,,自宅,自宅退所,
E_00121839_20250602,00121839,2025-06-02,不明,,自宅,自宅退所,
E_00095547_20250602,00095547,2025-06-02,不明,,特養「ゆたか」,施設退所,
E_00100859_20250602,00100859,2025-06-02,不明,,自宅,自宅退所,
E_00162558_20250604,00162558,2025-06-04,不明,,自宅,自宅退所,
E_00074049_20250605,00074049,2025-06-05,不明,,自宅,自宅退所,
E_00102827_20250605,00102827,2025-06-05,不明,,自宅,自宅退所,
E_00083160_20250605,00083160,2025-06-05,不明,,自宅,自宅退所,
E_00138290_20250606,00138290,2025-06-06,不明,,自宅,自宅退所,
E_00050567_20250606,00050567,2025-06-06,不明,,不明,不明,
E_00155078_20250606,00155078,2025-06-06,不明,,自宅,自宅退所,
E_00107995_20250606,00107995,2025-06-06,不明,,自宅,自宅退所,
E_00141394_20250607,00141394,2025-06-07,不明,,自宅,自宅退所,
E_00060337_20250607,00060337,2025-06-07,不明,,自宅,自宅退所,
E_00050567_20250609,00050567,2025-06-09,不明,,不明,不明,
E_00020430_20250609,00020430,2025-06-09,不明,,自宅,自宅退所,
E_00141670_20250609,00141670,2025-06-09,不明,,自宅,自宅退所,
E_00088736_20250609,00088736,2025-06-09,不明,,自宅,自宅退所,
E_00101111_20250609,00101111,2025-06-09,不明,,自宅,自宅退所,
E_00134463_20250609,00134463,2025-06-09,不明,,自宅,自宅退所,
E_00060950_20250610,00060950,2025-06-10,不明,,自宅,自宅退所,
E_00092183_20250611,00092183,2025-06-11,不明,,自宅,自宅退所,
E_00114754_20250611,00114754,2025-06-11,不明,,自宅,自宅退所,
E_00028545_20250611,00028545,2025-06-11,不明,,不明,不明,
E_00112027_20250612,00112027,2025-06-12,不明,,自宅,自宅退所,
E_00138290_20250613,00138290,2025-06-13,不明,,自宅,自宅退所,
E_00154078_20250613,00154078,2025-06-13,不明,,自宅,自宅退所,
E_00092936_20250613,00092936,2025-06-13,不明,,自宅,自宅退所,
E_00017349_20250613,00017349,2025-06-13,不明,,不明,不明,
E_00115453_20250614,00115453,2025-06-14,不明,,特養「あいの詩」,施設退所,
E_00146793_20250614,00146793,2025-06-14,不明,,自宅,自宅退所,
E_00042165_20250614,00042165,2025-06-14,不明,,自宅,自宅退所,
E_00096864_20250614,00096864,2025-06-14,不明,,自宅,自宅退所,
E_00094530_20250614,00094530,2025-06-14,不明,,不明,不明,
E_00125158_20250616,00125158,2025-06-16,不明,,自宅,自宅退所,
E_00106970_20250616,00106970,2025-06-16,不明,,不明,不明,
E_00129630_20250616,00129630,2025-06-16,不明,,自宅,自宅退所,
E_00081292_20250616,00081292,2025-06-16,不明,,自宅,自宅退所,
E_00102827_20250616,00102827,2025-06-16,不明,,自宅,自宅退所,
E_00096466_20250616,00096466,2025-06-16,不明,,自宅,自宅退所,
E_00149052_20250617,00149052,2025-06-17,不明,,自宅,自宅退所,
E_00118090_20250617,00118090,2025-06-17,不明,,自宅,自宅退所,
E_00127244_20250617,00127244,2025-06-17,不明,,不明,不明,
E_00145463_20250618,00145463,2025-06-18,不明,,自宅,自宅退所,
E_00163072_20250618,00163072,2025-06-18,不明,,不明,不明,
E_00089244_20250618,00089244,2025-06-18,不明,,死亡,死亡退所,
E_00054284_20250618,00054284,2025-06-18,不明,,伊勢崎佐波医師会病院,病院退所,
E_00107616_20250619,00107616,2025-06-19,不明,,自宅,自宅退所,
E_00074049_20250619,00074049,2025-06-19,不明,,自宅,自宅退所,
E_00055487_20250619,00055487,2025-06-19,不明,,自宅,自宅退所,
E_00107995_20250620,00107995,2025-06-20,不明,,不明,不明,
E_00150575_20250620,00150575,2025-06-20,不明,,自宅,自宅退所,
E_00163013_20250620,00163013,2025-06-20,不明,,住宅型有料「つつじヶ丘」,施設退所,
E_00132185_20250620,00132185,2025-06-20,不明,,自宅,自宅退所,
E_00051294_20250621,00051294,2025-06-21,不明,,不明,不明,
E_00141394_20250621,00141394,2025-06-21,不明,,自宅,自宅退所,
E_00078507_20250622,00078507,2025-06-22,不明,,自宅,自宅退所,
E_00147744_20250623,00147744,2025-06-23,不明,,自宅,自宅退所,
E_00124842_20250623,00124842,2025-06-23,不明,,自宅,自宅退所,
E_00106457_20250623,00106457,2025-06-23,不明,,自宅,自宅退所,
E_00116523_20250623,00116523,2025-06-23,不明,,自宅,自宅退所,
E_00083160_20250623,00083160,2025-06-23,不明,,自宅,自宅退所,
E_00152259_20250623,00152259,2025-06-23,不明,,自宅,自宅退所,
E_00052434_20250624,00052434,2025-06-24,不明,,自宅,自宅退所,
E_00162971_20250624,00162971,2025-06-24,不明,,不明,不明,
E_00113600_20250625,00113600,2025-06-25,不明,,自宅,自宅退所,
E_00101111_20250625,00101111,2025-06-25,不明,,自宅,自宅退所,
E_00131740_20250625,00131740,2025-06-25,不明,,自宅,自宅退所,
E_00114754_20250626,00114754,2025-06-26,不明,,自宅,自宅退所,
E_00154374_20250626,00154374,2025-06-26,不明,,自宅,自宅退所,
E_00161893_20250626,00161893,2025-06-26,不明,,自宅,自宅退所,
E_00028545_20250626,00028545,2025-06-26,不明,,不明,不明,
E_00028837_20250627,00028837,2025-06-27,不明,,自宅,自宅退所,
E_00102827_20250627,00102827,2025-06-27,不明,,自宅,自宅退所,
E_00132185_20250627,00132185,2025-06-27,不明,,自宅,自宅退所,
E_00121839_20250628,00121839,2025-06-28,不明,,自宅,自宅退所,
E_00112027_20250628,00112027,2025-06-28,不明,,自宅,自宅退所,
E_00095955_20250628,00095955,2025-06-28,不明,,自宅,自宅退所,
E_00129630_20250630,00129630,2025-06-30,不明,,自宅,自宅退所,
E_00146240_20250630,00146240,2025-06-30,不明,,自宅,自宅退所,
E_00057874_20250701,00057874,2025-07-01,不明,,死亡,死亡退所,
E_00100859_20250701,00100859,2025-07-01,不明,,自宅,自宅退所,
E_00134007_20250701,00134007,2025-07-01,不明,,2F,施設内移動,
E_00074049_20250702,00074049,2025-07-02,不明,,自宅,自宅退所,
E_00092936_20250702,00092936,2025-07-02,不明,,自宅,自宅退所,
E_00083160_20250702,00083160,2025-07-02,不明,,自宅,自宅退所,
E_00103521_20250704,00103521,2025-07-04,不明,,自宅,自宅退所,
E_00102827_20250704,00102827,2025-07-04,不明,,自宅,自宅退所,
E_00145463_20250705,00145463,2025-07-05,不明,,自宅,自宅退所,
E_00107995_20250705,00107995,2025-07-05,不明,,自宅,自宅退所,
E_00020430_20250707,00020430,2025-07-07,不明,,不明,不明,
E_00081292_20250707,00081292,2025-07-07,不明,,自宅,自宅退所,
E_00101111_20250707,00101111,2025-07-07,不明,,死亡,死亡退所,
E_00161371_20250708,00161371,2025-07-08,不明,,サ高住「くれよん」,施設退所,
E_00154234_20250709,00154234,2025-07-09,不明,,自宅,自宅退所,
E_00113600_20250709,00113600,2025-07-09,不明,,自宅,自宅退所,
E_00096864_20250709,00096864,2025-07-09,不明,,自宅,自宅退所,
E_00107616_20250710,00107616,2025-07-10,不明,,自宅,自宅退所,
E_00060950_20250710,00060950,2025-07-10,不明,,自宅,自宅退所,
E_00141670_20250710,00141670,2025-07-10,不明,,自宅,自宅退所,
E_00112027_20250710,00112027,2025-07-10,不明,,自宅,自宅退所,
E_00163816_20250710,00163816,2025-07-10,不明,,自宅,自宅退所,
E_00161893_20250712,00161893,2025-07-12,不明,,自宅,自宅退所,
E_00060337_20250712,00060337,2025-07-12,不明,,自宅,自宅退所,
E_00050154_20250712,00050154,2025-07-12,不明,,自宅,自宅退所,
E_00149052_20250714,00149052,2025-07-14,不明,,自宅,自宅退所,
E_00042757_20250714,00042757,2025-07-14,不明,,自宅,自宅退所,
E_00030604_20250714,00030604,2025-07-14,不明,,自宅,自宅退所,
E_00130963_20250714,00130963,2025-07-14,不明,,自宅,自宅退所,
E_00102827_20250714,00102827,2025-07-14,不明,,自宅,自宅退所,
E_00088736_20250714,00088736,2025-07-14,不明,,自宅,自宅退所,
E_00105798_20250714,00105798,2025-07-14,不明,,自宅,自宅退所,
E_00051294_20250715,00051294,2025-07-15,不明,,不明,不明,
E_00161225_20250716,00161225,2025-07-16,不明,,自宅,自宅退所,
E_00114754_20250716,00114754,2025-07-16,不明,,自宅,自宅退所,
E_00134007_20250716,00134007,2025-07-16,不明,,不明,不明,
E_00142228_20250716,00142228,2025-07-16,不明,,自宅,自宅退所,
E_00152259_20250716,00152259,2025-07-16,不明,,自宅,自宅退所,
E_00052434_20250717,00052434,2025-07-17,不明,,自宅,自宅退所,
E_00121152_20250717,00121152,2025-07-17,不明,,自宅,自宅退所,
E_00070078_20250717,00070078,2025-07-17,不明,,自宅,自宅退所,
E_00132185_20250717,00132185,2025-07-17,不明,,不明,不明,
E_00141394_20250718,00141394,2025-07-18,不明,,自宅,自宅退所,
E_00163928_20250718,00163928,2025-07-18,不明,,自宅,自宅退所,
E_00046976_20250718,00046976,2025-07-18,不明,,自宅,自宅退所,
E_00103521_20250719,00103521,2025-07-19,不明,,自宅,自宅退所,
E_00147744_20250719,00147744,2025-07-19,不明,,自宅,自宅退所,
E_00083160_20250719,00083160,2025-07-19,不明,,自宅,自宅退所,
E_00107995_20250719,00107995,2025-07-19,不明,,自宅,自宅退所,
E_00148041_20250720,00148041,2025-07-20,不明,,自宅,自宅退所,
E_00124842_20250721,00124842,2025-07-21,不明,,自宅,自宅退所,
E_00116523_20250721,00116523,2025-07-21,不明,,不明,不明,
E_00074049_20250722,00074049,2025-07-22,不明,,自宅,自宅退所,
E_00089032_20250722,00089032,2025-07-22,不明,,自宅,自宅退所,
E_00050154_20250722,00050154,2025-07-22,不明,,自宅,自宅退所,
E_00088736_20250722,00088736,2025-07-22,不明,,自宅,自宅退所,
E_00150575_20250723,00150575,2025-07-23,不明,,自宅,自宅退所,
E_00145463_20250723,00145463,2025-07-23,不明,,自宅,自宅退所,
E_00115009_20250723,00115009,2025-07-23,不明,,住宅型有料,施設退所,
E_00113600_20250724,00113600,2025-07-24,不明,,不明,不明,
E_00028837_20250725,00028837,2025-07-25,不明,,自宅,自宅退所,
E_00102827_20250725,00102827,2025-07-25,不明,,自宅,自宅退所,
E_00144252_20250725,00144252,2025-07-25,不明,,自宅,自宅退所,
E_00151132_20250726,00151132,2025-07-26,不明,,自宅,自宅退所,
E_00154374_20250726,00154374,2025-07-26,不明,,自宅,自宅退所,
E_00092183_20250728,00092183,2025-07-28,不明,,不明,不明,
E_00054284_20250729,00054284,2025-07-29,不明,,不明,不明,
E_00142228_20250729,00142228,2025-07-29,不明,,自宅,自宅退所,
E_00161225_20250730,00161225,2025-07-30,不明,,自宅,自宅退所,
E_00054209_20250730,00054209,2025-07-30,不明,,自宅,自宅退所,
E_00114754_20250801,00114754,2025-08-01,不明,,自宅,自宅退所,
E_00102827_20250801,00102827,2025-08-01,不明,,自宅,自宅退所,
E_00048877_20250801,00048877,2025-08-01,不明,,2F,施設内移動,
E_00103521_20250802,00103521,2025-08-02,不明,,自宅,自宅退所,
E_00083160_20250802,00083160,2025-08-02,不明,,自宅,自宅退所,
E_00130963_20250804,00130963,2025-08-04,不明,,自宅,自宅退所,
E_00107995_20250804,00107995,2025-08-04,不明,,自宅,自宅退所,
E_00092936_20250805,00092936,2025-08-05,不明,,自宅,自宅退所,
E_00081906_20250805,00081906,2025-08-05,不明,,自宅,自宅退所,
E_00028032_20250806,00028032,2025-08-06,不明,,自宅,自宅退所,
E_00074049_20250807,00074049,2025-08-07,不明,,自宅,自宅退所,
E_00102827_20250807,00102827,2025-08-07,不明,,自宅,自宅退所,
E_00141394_20250808,00141394,2025-08-08,不明,,自宅,自宅退所,
E_00117662_20250808,00117662,2025-08-08,不明,,不明,不明,
E_00028837_20250809,00028837,2025-08-09,不明,,自宅,自宅退所,
E_00055539_20250809,00055539,2025-08-09,不明,,自宅,自宅退所,
E_00050154_20250809,00050154,2025-08-09,不明,,自宅,自宅退所,
E_00081292_20250809,00081292,2025-08-09,不明,,自宅,自宅退所,
E_00096864_20250809,00096864,2025-08-09,不明,,自宅,自宅退所,
E_00042757_20250811,00042757,2025-08-11,不明,,不明,不明,
E_00130963_20250811,00130963,2025-08-11,不明,,不明,不明,
E_00152259_20250812,00152259,2025-08-12,不明,,自宅,自宅退所,
E_00141670_20250813,00141670,2025-08-13,不明,,自宅,自宅退所,
E_00102827_20250813,00102827,2025-08-13,不明,,自宅,自宅退所,
E_00114754_20250814,00114754,2025-08-14,不明,,自宅,自宅退所,
E_00154374_20250814,00154374,2025-08-14,不明,,自宅,自宅退所,
E_00107995_20250814,00107995,2025-08-14,不明,,自宅,自宅退所,
E_00148041_20250814,00148041,2025-08-14,不明,,不明,不明,
E_00041772_20250815,00041772,2025-08-15,不明,,自宅,自宅退所,
E_00107616_20250815,00107616,2025-08-15,不明,,自宅,自宅退所,
E_00048877_20250816,00048877,2025-08-16,不明,,不明,不明,
E_00060337_20250816,00060337,2025-08-16,不明,,自宅,自宅退所,
E_00054821_20250816,00054821,2025-08-16,不明,,自宅,自宅退所,
E_00131740_20250817,00131740,2025-08-17,不明,,自宅,自宅退所,
E_00052434_20250818,00052434,2025-08-18,不明,,自宅,自宅退所,
E_00060950_20250818,00060950,2025-08-18,不明,,自宅,自宅退所,
E_00081292_20250818,00081292,2025-08-18,不明,,自宅,自宅退所,
E_00142228_20250818,00142228,2025-08-18,不明,,自宅,自宅退所,
E_00149052_20250819,00149052,2025-08-19,不明,,自宅,自宅退所,
E_00062378_20250819,00062378,2025-08-19,不明,,自宅,自宅退所,
E_00112713_20250820,00112713,2025-08-20,不明,,不明,不明,
E_00162137_20250820,00162137,2025-08-20,不明,,不明,不明,
E_00106591_20250820,00106591,2025-08-20,不明,,市民HP,病院退所,
E_00083160_20250820,00083160,2025-08-20,不明,,自宅,自宅退所,
E_00135983_20250820,00135983,2025-08-20,不明,,自宅,自宅退所,
E_00046976_20250820,00046976,2025-08-20,不明,,自宅,自宅退所,
E_00151132_20250822,00151132,2025-08-22,不明,,自宅,自宅退所,
E_00121152_20250822,00121152,2025-08-22,不明,,自宅,自宅退所,
E_00141394_20250822,00141394,2025-08-22,不明,,自宅,自宅退所,
E_00152259_20250822,00152259,2025-08-22,不明,,自宅,自宅退所,
E_00155370_20250823,00155370,2025-08-23,不明,,自宅,自宅退所,
E_00107995_20250823,00107995,2025-08-23,不明,,自宅,自宅退所,
E_00146225_20250825,00146225,2025-08-25,不明,,自宅,自宅退所,
E_00163923_20250825,00163923,2025-08-25,不明,,小多機,不明,
E_00092183_20250827,00092183,2025-08-27,不明,,自宅,自宅退所,
E_00102827_20250827,00102827,2025-08-27,不明,,自宅,自宅退所,
E_00074049_20250829,00074049,2025-08-29,不明,,自宅,自宅退所,
E_00081292_20250829,00081292,2025-08-29,不明,,自宅,自宅退所,
E_00083160_20250829,00083160,2025-08-29,不明,,自宅,自宅退所,
E_00161893_20250830,00161893,2025-08-30,不明,,自宅,自宅退所,
E_00104287_20250902,00104287,2025-09-02,不明,,自宅,自宅退所,
E_00149589_20250902,00149589,2025-09-02,不明,,自宅,自宅退所,
E_00143482_20250904,00143482,2025-09-04,不明,,自宅,自宅退所,
E_00107995_20250904,00107995,2025-09-04,不明,,自宅,自宅退所,
E_00114754_20250905,00114754,2025-09-05,不明,,自宅,自宅退所,
E_00050154_20250905,00050154,2025-09-05,不明,,自宅,自宅退所,
E_00102827_20250905,00102827,2025-09-05,不明,,自宅,自宅退所,
E_00046976_20250905,00046976,2025-09-05,不明,,自宅,自宅退所,
E_00028837_20250906,00028837,2025-09-06,不明,,自宅,自宅退所,
E_00142443_20250906,00142443,2025-09-06,不明,,自宅,自宅退所,
E_00096864_20250908,00096864,2025-09-08,不明,,自宅,自宅退所,
E_00149052_20250909,00149052,2025-09-09,不明,,自宅,自宅退所,
E_00142443_20250909,00142443,2025-09-09,不明,,自宅,自宅退所,
E_00144692_20250909,00144692,2025-09-09,不明,,自宅,自宅退所,
E_00164488_20250909,00164488,2025-09-09,不明,,不明,不明,
E_00107616_20250910,00107616,2025-09-10,不明,,自宅,自宅退所,
E_00081292_20250910,00081292,2025-09-10,不明,,自宅,自宅退所,
E_00060950_20250911,00060950,2025-09-11,不明,,自宅,自宅退所,
E_00077047_20250911,00077047,2025-09-11,不明,,不明,不明,
E_00155078_20250912,00155078,2025-09-12,不明,,自宅,自宅退所,
E_00141670_20250912,00141670,2025-09-12,不明,,住宅型有料「優楽舎」,施設退所,
E_00083160_20250912,00083160,2025-09-12,不明,,自宅,自宅退所,
E_00161225_20250913,00161225,2025-09-13,不明,,自宅,自宅退所,
E_00052434_20250913,00052434,2025-09-13,不明,,自宅,自宅退所,
E_00102827_20250913,00102827,2025-09-13,不明,,自宅,自宅退所,
E_00054821_20250913,00054821,2025-09-13,不明,,住宅型有料,施設退所,
E_00154374_20250915,00154374,2025-09-15,不明,,自宅,自宅退所,
E_00133246_20250916,00133246,2025-09-16,不明,,自宅,自宅退所,
E_00074049_20250916,00074049,2025-09-16,不明,,自宅,自宅退所,
E_00092936_20250916,00092936,2025-09-16,不明,,自宅,自宅退所,
E_00152259_20250916,00152259,2025-09-16,不明,,自宅,自宅退所,
E_00134783_20250917,00134783,2025-09-17,不明,,不明,不明,
E_00148879_20250917,00148879,2025-09-17,不明,,自宅,自宅退所,
E_00125158_20250917,00125158,2025-09-17,不明,,自宅,自宅退所,
E_00070078_20250917,00070078,2025-09-17,不明,,自宅,自宅退所,
E_00042165_20250918,00042165,2025-09-18,不明,,自宅,自宅退所,
E_00120484_20250919,00120484,2025-09-19,不明,,自宅,自宅退所,
E_00155370_20250920,00155370,2025-09-20,不明,,自宅,自宅退所,
E_00081292_20250920,00081292,2025-09-20,不明,,不明,不明,
E_00108883_20250920,00108883,2025-09-20,不明,,自宅,自宅退所,
E_00107995_20250920,00107995,2025-09-20,不明,,自宅,自宅退所,
E_00141394_20250920,00141394,2025-09-20,不明,,自宅,自宅退所,
E_00145463_20250922,00145463,2025-09-22,不明,,自宅,自宅退所,
E_00050154_20250923,00050154,2025-09-23,不明,,自宅,自宅退所,
E_00102827_20250924,00102827,2025-09-24,不明,,自宅,自宅退所,
E_00150658_20250926,00150658,2025-09-26,不明,,自宅,自宅退所,
E_00114754_20250926,00114754,2025-09-26,不明,,自宅,自宅退所,
E_00098319_20250926,00098319,2025-09-26,不明,,自宅,自宅退所,
E_00142443_20250926,00142443,2025-09-26,不明,,自宅,自宅退所,
E_00161225_20250927,00161225,2025-09-27,不明,,自宅,自宅退所,
E_00161893_20250927,00161893,2025-09-27,不明,,自宅,自宅退所,
E_00083160_20250927,00083160,2025-09-27,不明,,自宅,自宅退所,
E_00141394_20250927,00141394,2025-09-27,不明,,自宅,自宅退所,
E_00062378_20250929,00062378,2025-09-29,不明,,不明,不明,
E_00092183_20250929,00092183,2025-09-29,不明,,自宅,自宅退所,
E_00088736_20250929,00088736,2025-09-29,不明,,自宅,自宅退所,
E_00152259_20250929,00152259,2025-09-29,不明,,自宅,自宅退所,
E_00121152_20251001,00121152,2025-10-01,不明,,不明,不明,
E_00055204_20251001,00055204,2025-10-01,不明,,自宅,自宅退所,
E_00107616_20251002,00107616,2025-10-02,不明,,自宅,自宅退所,
E_00074049_20251002,00074049,2025-10-02,不明,,自宅,自宅退所,
E_00134463_20251002,00134463,2025-10-02,不明,,自宅,自宅退所,
E_00165071_20251002,00165071,2025-10-02,不明,,併設,病院退所,
E_00145463_20251003,00145463,2025-10-03,不明,,自宅,自宅退所,
E_00102827_20251003,00102827,2025-10-03,不明,,自宅,自宅退所,
E_00096864_20251004,00096864,2025-10-04,不明,,自宅,自宅退所,
E_00107995_20251004,00107995,2025-10-04,不明,,自宅,自宅退所,
E_00149052_20251006,00149052,2025-10-06,不明,,自宅,自宅退所,
E_00144692_20251007,00144692,2025-10-07,不明,,不明,不明,
E_00135729_20251007,00135729,2025-10-07,不明,,自宅,自宅退所,
E_00028837_20251007,00028837,2025-10-07,不明,,自宅,自宅退所,
E_00142228_20251008,00142228,2025-10-08,不明,,不明,不明,
E_00147744_20251009,00147744,2025-10-09,不明,,自宅,自宅退所,
E_00081906_20251009,00081906,2025-10-09,不明,,自宅,自宅退所,
E_00094866_20251009,00094866,2025-10-09,不明,,不明,不明,
E_00141394_20251010,00141394,2025-10-10,不明,,自宅,自宅退所,
E_00155078_20251010,00155078,2025-10-10,不明,,自宅,自宅退所,
E_00114754_20251011,00114754,2025-10-11,不明,,自宅,自宅退所,
E_00154374_20251011,00154374,2025-10-11,不明,,自宅,自宅退所,
E_00143482_20251013,00143482,2025-10-13,不明,,自宅,自宅退所,
E_00137071_20251013,00137071,2025-10-13,不明,,不明,不明,
E_00125158_20251013,00125158,2025-10-13,不明,,自宅,自宅退所,
E_00092936_20251014,00092936,2025-10-14,不明,,自宅,自宅退所,
E_00134783_20251014,00134783,2025-10-14,不明,,不明,不明,
E_00083160_20251014,00083160,2025-10-14,不明,,自宅,自宅退所,
E_00102827_20251014,00102827,2025-10-14,不明,,不明,不明,
E_00152259_20251014,00152259,2025-10-14,不明,,自宅,自宅退所,
E_00148879_20251015,00148879,2025-10-15,不明,,不明,不明,
E_00161893_20251017,00161893,2025-10-17,不明,,自宅,自宅退所,
E_00114754_20251018,00114754,2025-10-18,不明,,自宅,自宅退所,
E_00159362_20251018,00159362,2025-10-18,不明,,自宅,自宅退所,
E_00136387_20251018,00136387,2025-10-18,不明,,併設Hsp,病院退所,
E_00131740_20251019,00131740,2025-10-19,不明,,自宅,自宅退所,
E_00121802_20251020,00121802,2025-10-20,不明,,不明,不明,
E_00074049_20251021,00074049,2025-10-21,不明,,自宅,自宅退所,
E_00121152_20251021,00121152,2025-10-21,不明,,不明,不明,
E_00082806_20251022,00082806,2025-10-22,不明,,2F,施設内移動,
E_00154494_20251022,00154494,2025-10-22,不明,,自宅,自宅退所,
E_00145463_20251023,00145463,2025-10-23,不明,,自宅,自宅退所,
E_00102827_20251023,00102827,2025-10-23,不明,,不明,不明,
E_00162769_20251023,00162769,2025-10-23,不明,,自宅,自宅退所,
E_00141394_20251024,00141394,2025-10-24,不明,,自宅,自宅退所,
E_00150658_20251024,00150658,2025-10-24,不明,,不明,不明,
E_00142228_20251024,00142228,2025-10-24,不明,,自宅,自宅退所,
E_00146240_20251027,00146240,2025-10-27,不明,,自宅,自宅退所,
E_00122949_20251027,00122949,2025-10-27,不明,,自宅,自宅退所,
E_00152259_20251027,00152259,2025-10-27,不明,,自宅,自宅退所,
E_00160020_20251027,00160020,2025-10-27,不明,,3F,施設内移動,
E_00134463_20251028,00134463,2025-10-28,不明,,不明,不明,
E_00143482_20251029,00143482,2025-10-29,不明,,自宅,自宅退所,
E_00055204_20251029,00055204,2025-10-29,不明,,自宅,自宅退所,
E_00114125_20251030,00114125,2025-10-30,不明,,市民病院,病院退所,
E_00092183_20251031,00092183,2025-10-31,不明,,自宅,自宅退所,
E_00082806_20251101,00082806,2025-11-01,不明,,住宅型有料「つつじが岡」,施設退所,
E_00107995_20251101,00107995,2025-11-01,不明,,自宅,自宅退所,
E_00083160_20251101,00083160,2025-11-01,不明,,自宅,自宅退所,
E_00137071_20251103,00137071,2025-11-03,不明,,自宅,自宅退所,
E_00147744_20251104,00147744,2025-11-04,不明,,不明,不明,
E_00114754_20251104,00114754,2025-11-04,不明,,自宅,自宅退所,
E_00160020_20251104,00160020,2025-11-04,不明,,不明,不明,
E_00060950_20251105,00060950,2025-11-05,不明,,自宅,自宅退所,
E_00157418_20251105,00157418,2025-11-05,不明,,不明,不明,
E_00009045_20251105,00009045,2025-11-05,不明,,不明,不明,
E_00074049_20251106,00074049,2025-11-06,不明,,自宅,自宅退所,
E_00045762_20251106,00045762,2025-11-06,不明,,不明,不明,
E_00141394_20251108,00141394,2025-11-08,不明,,自宅,自宅退所,
E_00146793_20251108,00146793,2025-11-08,不明,,自宅,自宅退所,
E_00143482_20251108,00143482,2025-11-08,不明,,自宅,自宅退所,
E_00152259_20251108,00152259,2025-11-08,不明,,自宅,自宅退所,
E_00103521_20251109,00103521,2025-11-09,不明,,自宅,自宅退所,
E_00142228_20251110,00142228,2025-11-10,不明,,不明,不明,
E_00096864_20251110,00096864,2025-11-10,不明,,自宅,自宅退所,
E_00092936_20251111,00092936,2025-11-11,不明,,自宅,自宅退所,
E_00114754_20251111,00114754,2025-11-11,不明,,自宅,自宅退所,
E_00134783_20251111,00134783,2025-11-11,不明,,不明,不明,
E_00150575_20251112,00150575,2025-11-12,不明,,自宅,自宅退所,
E_00083160_20251113,00083160,2025-11-13,不明,,自宅,自宅退所,
E_00135729_20251113,00135729,2025-11-13,不明,,自宅,自宅退所,
E_00147744_20251114,00147744,2025-11-14,不明,,不明,不明,
E_00121839_20251114,00121839,2025-11-14,不明,,自宅,自宅退所,
E_00107995_20251114,00107995,2025-11-14,不明,,自宅,自宅退所,
E_00100859_20251114,00100859,2025-11-14,不明,,自宅,自宅退所,
E_00159362_20251115,00159362,2025-11-15,不明,,併設病院,病院退所,
E_00143482_20251115,00143482,2025-11-15,不明,,自宅,自宅退所,
E_00162769_20251116,00162769,2025-11-16,不明,,自宅,自宅退所,
E_00137071_20251116,00137071,2025-11-16,不明,,不明,不明,
E_00149052_20251117,00149052,2025-11-17,不明,,自宅,自宅退所,
E_00124842_20251117,00124842,2025-11-17,不明,,自宅,自宅退所,
E_00052434_20251117,00052434,2025-11-17,不明,,自宅,自宅退所,
E_00112027_20251117,00112027,2025-11-17,不明,,自宅,自宅退所,
E_00132208_20251117,00132208,2025-11-17,不明,,自宅,自宅退所,
E_00094530_20251117,00094530,2025-11-17,不明,,善衆会Hsp,不明,
E_00107616_20251118,00107616,2025-11-18,不明,,自宅,自宅退所,
E_00154234_20251118,00154234,2025-11-18,不明,,自宅,自宅退所,
E_00118090_20251119,00118090,2025-11-19,不明,,自宅,自宅退所,
E_00149982_20251119,00149982,2025-11-19,不明,,不明,不明,
E_00152259_20251119,00152259,2025-11-19,不明,,自宅,自宅退所,
E_00074049_20251120,00074049,2025-11-20,不明,,自宅,自宅退所,
E_00114754_20251121,00114754,2025-11-21,不明,,自宅,自宅退所,
E_00021571_20251121,00021571,2025-11-21,不明,,市民Hsp,不明,
E_00050154_20251121,00050154,2025-11-21,不明,,自宅,自宅退所,
E_00142228_20251121,00142228,2025-11-21,不明,,不明,不明,
E_00046976_20251121,00046976,2025-11-21,不明,,自宅,自宅退所,
E_00141394_20251122,00141394,2025-11-22,不明,,自宅,自宅退所,
E_00146793_20251122,00146793,2025-11-22,不明,,自宅,自宅退所,
E_00107995_20251122,00107995,2025-11-22,不明,,自宅,自宅退所,
E_00096466_20251122,00096466,2025-11-22,不明,,自宅,自宅退所,
E_00081906_20251124,00081906,2025-11-24,不明,,自宅,自宅退所,
E_00159547_20251125,00159547,2025-11-25,不明,,自宅,自宅退所,
E_00154078_20251126,00154078,2025-11-26,不明,,自宅,自宅退所,
E_00165904_20251126,00165904,2025-11-26,不明,,不明,不明,
E_00154374_20251126,00154374,2025-11-26,不明,,自宅,自宅退所,
E_00149982_20251126,00149982,2025-11-26,不明,,不明,不明,
E_00158374_20251127,00158374,2025-11-27,不明,,自宅,自宅退所,
E_00134391_20251128,00134391,2025-11-28,不明,,自宅,自宅退所,
E_00092183_20251128,00092183,2025-11-28,不明,,自宅,自宅退所,
E_00135729_20251128,00135729,2025-11-28,不明,,自宅,自宅退所,
E_00143482_20251130,00143482,2025-11-30,不明,,自宅,自宅退所,
E_00154926_20251201,00154926,2025-12-01,不明,,自宅,自宅退所,
E_00107616_20251201,00107616,2025-12-01,不明,,自宅,自宅退所,
E_00069873_20251201,00069873,2025-12-01,不明,,不明,不明,
E_00112027_20251201,00112027,2025-12-01,不明,,自宅,自宅退所,
E_00107995_20251202,00107995,2025-12-02,不明,,自宅,自宅退所,
E_00081906_20251203,00081906,2025-12-03,不明,,自宅,自宅退所,
E_00142642_20251203,00142642,2025-12-03,不明,,不明,不明,
E_00142228_20251203,00142228,2025-12-03,不明,,不明,不明,
E_00136387_20251204,00136387,2025-12-04,不明,,自宅,自宅退所,
E_00114754_20251205,00114754,2025-12-05,不明,,自宅,自宅退所,
E_00146793_20251206,00146793,2025-12-06,不明,,自宅,自宅退所,
E_00103521_20251206,00103521,2025-12-06,不明,,自宅,自宅退所,
E_00096864_20251206,00096864,2025-12-06,不明,,自宅,自宅退所,
E_00152259_20251206,00152259,2025-12-06,不明,,自宅,自宅退所,
E_00150575_20251209,00150575,2025-12-09,不明,,自宅,自宅退所,
E_00142642_20251209,00142642,2025-12-09,不明,,不明,不明,
E_00151132_20251210,00151132,2025-12-10,不明,,自宅,自宅退所,
E_00143482_20251210,00143482,2025-12-10,不明,,自宅,自宅退所,
E_00050154_20251210,00050154,2025-12-10,不明,,自宅,自宅退所,
E_00144252_20251210,00144252,2025-12-10,不明,,自宅,自宅退所,
E_00054209_20251211,00054209,2025-12-11,不明,,自宅,自宅退所,
E_00149052_20251211,00149052,2025-12-11,不明,,自宅,自宅退所,
E_00154374_20251211,00154374,2025-12-11,不明,,自宅,自宅退所,
E_00107995_20251211,00107995,2025-12-11,不明,,自宅,自宅退所,
E_00096466_20251212,00096466,2025-12-12,不明,,自宅,自宅退所,
E_00052434_20251213,00052434,2025-12-13,不明,,自宅,自宅退所,
E_00129630_20251213,00129630,2025-12-13,不明,,自宅,自宅退所,
E_00134783_20251213,00134783,2025-12-13,不明,,不明,不明,
E_00135729_20251213,00135729,2025-12-13,不明,,自宅,自宅退所,
E_00146225_20251215,00146225,2025-12-15,不明,,自宅,自宅退所,
E_00124842_20251215,00124842,2025-12-15,不明,,自宅,自宅退所,
E_00159362_20251215,00159362,2025-12-15,不明,,不明,不明,
E_00102827_20251215,00102827,2025-12-15,不明,,自宅,自宅退所,
E_00083160_20251215,00083160,2025-12-15,不明,,自宅,自宅退所,
E_00132208_20251215,00132208,2025-12-15,不明,,鶴谷Hsp,不明,
E_00118090_20251216,00118090,2025-12-16,不明,,自宅,自宅退所,
E_00092936_20251216,00092936,2025-12-16,不明,,自宅,自宅退所,
E_00154234_20251216,00154234,2025-12-16,不明,,自宅,自宅退所,
E_00164377_20251217,00164377,2025-12-17,不明,,自宅,自宅退所,
E_00070507_20251217,00070507,2025-12-17,不明,,自宅,自宅退所,
E_00027925_20251217,00027925,2025-12-17,不明,,自宅,自宅退所,
E_00069873_20251218,00069873,2025-12-18,不明,,不明,不明,
E_00143482_20251218,00143482,2025-12-18,不明,,自宅,自宅退所,
E_00074049_20251218,00074049,2025-12-18,不明,,自宅,自宅退所,
E_00096466_20251218,00096466,2025-12-18,不明,,不明,不明,
E_00152259_20251218,00152259,2025-12-18,不明,,自宅,自宅退所,
E_00112027_20251219,00112027,2025-12-19,不明,,死亡,死亡退所,
E_00114754_20251220,00114754,2025-12-20,不明,,自宅,自宅退所,
E_00141394_20251220,00141394,2025-12-20,不明,,自宅,自宅退所,
E_00046976_20251220,00046976,2025-12-20,不明,,自宅,自宅退所,
E_00092183_20251222,00092183,2025-12-22,不明,,自宅,自宅退所,
E_00145463_20251222,00145463,2025-12-22,不明,,自宅,自宅退所,
E_00107995_20251222,00107995,2025-12-22,不明,,自宅,自宅退所,
E_00100859_20251222,00100859,2025-12-22,不明,,自宅,自宅退所,
E_00060950_20251223,00060950,2025-12-23,不明,,自宅,自宅退所,
E_00112713_20251223,00112713,2025-12-23,不明,,不明,不明,
E_00164185_20251223,00164185,2025-12-23,不明,,不明,不明,
E_00021571_20251225,00021571,2025-12-25,不明,,不明,不明,
E_00081906_20251225,00081906,2025-12-25,不明,,自宅,自宅退所,
E_00102827_20251225,00102827,2025-12-25,不明,,自宅,自宅退所,
E_00082424_20251229,00082424,2025-12-29,不明,,不明,不明,
E_00083160_20251229,00083160,2025-12-29,不明,,自宅,自宅退所,
E_00051294_20260104,00051294,2026-01-04,不明,,自宅,自宅退所,
E_00074049_20260105,00074049,2026-01-05,不明,,自宅,自宅退所,
E_00135729_20260105,00135729,2026-01-05,不明,,自宅,自宅退所,
E_00151132_20260106,00151132,2026-01-06,不明,,自宅,自宅退所,
E_00084730_20260106,00084730,2026-01-06,不明,,不明,不明,
E_00107995_20260107,00107995,2026-01-07,不明,,自宅,自宅退所,
E_00114754_20260108,00114754,2026-01-08,不明,,自宅,自宅退所,
E_00154374_20260108,00154374,2026-01-08,不明,,自宅,自宅退所,
E_00129630_20260110,00129630,2026-01-10,不明,,自宅,自宅退所,
E_00143482_20260110,00143482,2026-01-10,不明,,自宅,自宅退所,
E_00134783_20260110,00134783,2026-01-10,不明,,不明,不明,
E_00028545_20260110,00028545,2026-01-10,不明,,不明,不明,
E_00046976_20260110,00046976,2026-01-10,不明,,自宅,自宅退所,
E_00141394_20260110,00141394,2026-01-10,不明,,自宅,自宅退所,
E_00155078_20260112,00155078,2026-01-12,不明,,自宅,自宅退所,
E_00146225_20260113,00146225,2026-01-13,不明,,不明,不明,
E_00060950_20260113,00060950,2026-01-13,不明,,自宅,自宅退所,
E_00096864_20260113,00096864,2026-01-13,不明,,自宅,自宅退所,
E_00147502_20260113,00147502,2026-01-13,不明,,死亡,死亡退所,
E_00145463_20260114,00145463,2026-01-14,不明,,自宅,自宅退所,
E_00027925_20260114,00027925,2026-01-14,不明,,介護付有料,施設退所,
E_00165136_20260115,00165136,2026-01-15,不明,,住宅型有料,施設退所,
E_00166821_20260115,00166821,2026-01-15,不明,,自宅,自宅退所,
E_00011023_20260116,00011023,2026-01-16,不明,,不明,不明,
E_00102827_20260116,00102827,2026-01-16,不明,,自宅,自宅退所,
E_00028032_20260117,00028032,2026-01-17,不明,,自宅,自宅退所,
E_00107616_20260117,00107616,2026-01-17,不明,,自宅,自宅退所,
E_00092183_20260117,00092183,2026-01-17,不明,,自宅,自宅退所,
E_00149052_20260119,00149052,2026-01-19,不明,,自宅,自宅退所,
E_00154234_20260120,00154234,2026-01-20,不明,,自宅,自宅退所,
E_00092936_20260120,00092936,2026-01-20,不明,,自宅,自宅退所,
E_00149229_20260121,00149229,2026-01-21,不明,,自宅,自宅退所,
E_00052434_20260121,00052434,2026-01-21,不明,,自宅,自宅退所,
E_00042165_20260121,00042165,2026-01-21,不明,,自宅,自宅退所,
E_00125158_20260121,00125158,2026-01-21,不明,,自宅,自宅退所,
E_00107995_20260121,00107995,2026-01-21,不明,,自宅,自宅退所,
E_00083160_20260121,00083160,2026-01-21,不明,,自宅,自宅退所,
E_00074049_20260122,00074049,2026-01-22,不明,,自宅,自宅退所,
E_00100859_20260122,00100859,2026-01-22,不明,,自宅,自宅退所,
E_00135729_20260123,00135729,2026-01-23,不明,,自宅,自宅退所,
E_00143482_20260124,00143482,2026-01-24,不明,,自宅,自宅退所,
E_00141394_20260124,00141394,2026-01-24,不明,,自宅,自宅退所,
E_00155370_20260124,00155370,2026-01-24,不明,,不明,不明,
E_00114754_20260124,00114754,2026-01-24,不明,,自宅,自宅退所,
E_00138385_20260124,00138385,2026-01-24,不明,,自宅,自宅退所,
E_00082392_20260126,00082392,2026-01-26,不明,,自宅,自宅退所,
E_00145463_20260126,00145463,2026-01-26,不明,,自宅,自宅退所,
E_00132208_20260126,00132208,2026-01-26,不明,,不明,不明,
E_00153629_20260127,00153629,2026-01-27,不明,,死亡,死亡退所,
E_00142642_20260128,00142642,2026-01-28,不明,,不明,不明,
E_00102827_20260128,00102827,2026-01-28,不明,,自宅,自宅退所,
E_00028032_20260129,00028032,2026-01-29,不明,,自宅,自宅退所,
E_00050841_20260129,00050841,2026-01-29,不明,,2F,施設内移動,
E_00083160_20260130,00083160,2026-01-30,不明,,自宅,自宅退所,
E_00028545_20260131,00028545,2026-01-31,不明,,不明,不明,
E_00082392_20260202,00082392,2026-02-02,不明,,自宅,自宅退所,
E_00081906_20260202,00081906,2026-02-02,不明,,自宅,自宅退所,
E_00107995_20260202,00107995,2026-02-02,不明,,自宅,自宅退所,
E_00054022_20260203,00054022,2026-02-03,不明,,自宅,自宅退所,
E_00050841_20260203,00050841,2026-02-03,不明,,不明,不明,
E_00154494_20260204,00154494,2026-02-04,不明,,自宅,自宅退所,
E_00161830_20260204,00161830,2026-02-04,不明,,不明,不明,
E_00046976_20260204,00046976,2026-02-04,不明,,自宅,自宅退所,
E_00154078_20260205,00154078,2026-02-05,不明,,自宅,自宅退所,
E_00074049_20260205,00074049,2026-02-05,不明,,自宅,自宅退所,
E_00102827_20260206,00102827,2026-02-06,不明,,自宅,自宅退所,
E_00141394_20260207,00141394,2026-02-07,不明,,自宅,自宅退所,
E_00051294_20260207,00051294,2026-02-07,不明,,自宅,自宅退所,
E_00082392_20260209,00082392,2026-02-09,不明,,自宅,自宅退所,
E_00109276_20260209,00109276,2026-02-09,不明,,自宅,自宅退所,
E_00028032_20260210,00028032,2026-02-10,不明,,不明,不明,
E_00052434_20260210,00052434,2026-02-10,不明,,自宅,自宅退所,
E_00114754_20260210,00114754,2026-02-10,不明,,自宅,自宅退所,
E_00083160_20260210,00083160,2026-02-10,不明,,自宅,自宅退所,
E_00167134_20260210,00167134,2026-02-10,不明,,自宅,自宅退所,
E_00155370_20260211,00155370,2026-02-11,不明,,不明,不明,
E_00060950_20260212,00060950,2026-02-12,不明,,自宅,自宅退所,
E_00054022_20260212,00054022,2026-02-12,不明,,自宅,自宅退所,
E_00154374_20260212,00154374,2026-02-12,不明,,2F,施設内移動,
E_00136653_20260213,00136653,2026-02-13,不明,,自宅,自宅退所,
E_00154374_20260213,00154374,2026-02-13,不明,,自宅,自宅退所,
E_00096864_20260213,00096864,2026-02-13,不明,,自宅,自宅退所,
E_00155078_20260214,00155078,2026-02-14,不明,,自宅,自宅退所,
E_00134783_20260214,00134783,2026-02-14,不明,,不明,不明,
E_00135729_20260214,00135729,2026-02-14,不明,,自宅,自宅退所,
E_00082392_20260216,00082392,2026-02-16,不明,,自宅,自宅退所,
E_00120484_20260216,00120484,2026-02-16,不明,,ユニット,施設内移動,
E_00092183_20260216,00092183,2026-02-16,不明,,不明,不明,
E_00042165_20260216,00042165,2026-02-16,不明,,不明,不明,
E_00154234_20260217,00154234,2026-02-17,不明,,自宅,自宅退所,
E_00092936_20260217,00092936,2026-02-17,不明,,自宅,自宅退所,
E_00147744_20260219,00147744,2026-02-19,不明,,自宅,自宅退所,
E_00146240_20260220,00146240,2026-02-20,不明,,自宅,自宅退所,
E_00114754_20260220,00114754,2026-02-20,不明,,自宅,自宅退所,
E_00138385_20260220,00138385,2026-02-20,不明,,不明,不明,
E_00107616_20260221,00107616,2026-02-21,不明,,自宅,自宅退所,
E_00125158_20260221,00125158,2026-02-21,不明,,自宅,自宅退所,
E_00135729_20260221,00135729,2026-02-21,不明,,自宅,自宅退所,
E_00146793_20260222,00146793,2026-02-22,不明,,自宅,自宅退所,
E_00136653_20260223,00136653,2026-02-23,不明,,死亡,死亡退所,
E_00149589_20260224,00149589,2026-02-24,不明,,自宅,自宅退所,
E_00082392_20260224,00082392,2026-02-24,不明,,不明,不明,
E_00107995_20260224,00107995,2026-02-24,不明,,自宅,自宅退所,
E_00141884_20260225,00141884,2026-02-25,不明,,自宅,自宅退所,
E_00098048_20260225,00098048,2026-02-25,不明,,自宅,自宅退所,
E_00050546_20260226,00050546,2026-02-26,不明,,不明,不明,
E_00149052_20260226,00149052,2026-02-26,不明,,自宅,自宅退所,
E_00050154_20260226,00050154,2026-02-26,不明,,自宅,自宅退所,
E_00109276_20260227,00109276,2026-02-27,不明,,自宅,自宅退所,
E_00122184_20260227,00122184,2026-02-27,不明,,自宅,自宅退所,
E_00141394_20260228,00141394,2026-02-28,不明,,自宅,自宅退所,
E_00106776_20260302,00106776,2026-03-02,不明,,不明,不明,
E_00089421_20260302,00089421,2026-03-02,不明,,不明,不明,
E_00165443_20260302,00165443,2026-03-02,不明,,不明,不明,
E_00092936_20260303,00092936,2026-03-03,不明,,自宅,自宅退所,
E_00107616_20260303,00107616,2026-03-03,不明,,自宅,自宅退所,
E_00107995_20260303,00107995,2026-03-03,不明,,自宅,自宅退所,
E_00046976_20260303,00046976,2026-03-03,不明,,自宅,自宅退所,
E_00074049_20260305,00074049,2026-03-05,不明,,自宅,自宅退所,
E_00154374_20260305,00154374,2026-03-05,不明,,自宅,自宅退所,
E_00141884_20260306,00141884,2026-03-06,不明,,自宅,自宅退所,
E_00052434_20260307,00052434,2026-03-07,不明,,自宅,自宅退所,
E_00050154_20260307,00050154,2026-03-07,不明,,自宅,自宅退所,
E_00146793_20260309,00146793,2026-03-09,不明,,自宅,自宅退所,
E_00146240_20260309,00146240,2026-03-09,不明,,不明,不明,
E_00149589_20260309,00149589,2026-03-09,不明,,自宅,自宅退所,
E_00053616_20260309,00053616,2026-03-09,不明,,不明,不明,
E_00135729_20260309,00135729,2026-03-09,不明,,自宅,自宅退所,
E_00149052_20260310,00149052,2026-03-10,不明,,自宅,自宅退所,
E_00114754_20260310,00114754,2026-03-10,不明,,自宅,自宅退所,
E_00060895_20260311,00060895,2026-03-11,不明,,不明,不明,
E_00060950_20260312,00060950,2026-03-12,不明,,自宅,自宅退所,
E_00152259_20260312,00152259,2026-03-12,不明,,自宅,自宅退所,
E_00081906_20260312,00081906,2026-03-12,不明,,自宅,自宅退所,
E_00133246_20260313,00133246,2026-03-13,不明,,不明,不明,
E_00141394_20260314,00141394,2026-03-14,不明,,自宅,自宅退所,
E_00092183_20260314,00092183,2026-03-14,不明,,不明,不明,
E_00107995_20260314,00107995,2026-03-14,不明,,自宅,自宅退所,
E_00120484_20260314,00120484,2026-03-14,不明,,2F,施設内移動,
E_00124842_20260316,00124842,2026-03-16,不明,,自宅,自宅退所,
E_00078507_20260316,00078507,2026-03-16,不明,,自宅,自宅退所,
E_00154234_20260317,00154234,2026-03-17,不明,,自宅,自宅退所,
E_00050154_20260318,00050154,2026-03-18,不明,,自宅,自宅退所,
E_00074049_20260319,00074049,2026-03-19,不明,,自宅,自宅退所,
E_00147744_20260319,00147744,2026-03-19,不明,,不明,不明,
E_00107616_20260319,00107616,2026-03-19,不明,,自宅,自宅退所,
E_00096864_20260319,00096864,2026-03-19,不明,,自宅,自宅退所,
E_00129553_20260319,00129553,2026-03-19,不明,,ユニット,施設内移動,
E_00135729_20260319,00135729,2026-03-19,不明,,自宅,自宅退所,
E_00138290_20260321,00138290,2026-03-21,不明,,自宅,自宅退所,
E_00145463_20260321,00145463,2026-03-21,不明,,自宅,自宅退所,
E_00083160_20260321,00083160,2026-03-21,不明,,自宅,自宅退所,
E_00146793_20260322,00146793,2026-03-22,不明,,不明,不明,
E_00114754_20260323,00114754,2026-03-23,不明,,自宅,自宅退所,
E_00149589_20260323,00149589,2026-03-23,不明,,不明,不明,
E_00136094_20260323,00136094,2026-03-23,不明,,ユニット,施設内移動,
E_00141884_20260323,00141884,2026-03-23,不明,,自宅,自宅退所,
E_00081906_20260323,00081906,2026-03-23,不明,,自宅,自宅退所,
E_00164377_20260324,00164377,2026-03-24,不明,,自宅,自宅退所,
E_00152259_20260326,00152259,2026-03-26,不明,,3F,施設内移動,
E_00028837_20260327,00028837,2026-03-27,不明,,自宅,自宅退所,
E_00103521_20260328,00103521,2026-03-28,不明,,自宅,自宅退所,
E_00141394_20260330,00141394,2026-03-30,不明,,自宅,自宅退所,
E_00107995_20260330,00107995,2026-03-30,不明,,自宅,自宅退所,
E_00167775_20260401,00167775,2026-04-01,不明,,不明,不明,
E_00074049_20260402,00074049,2026-04-02,不明,,自宅,自宅退所,
E_00152259_20260402,00152259,2026-04-02,不明,,不明,不明,
E_00092183_20260403,00092183,2026-04-03,不明,,不明,不明,
E_00145463_20260404,00145463,2026-04-04,不明,,自宅,自宅退所,
E_00103521_20260404,00103521,2026-04-04,不明,,自宅,自宅退所,
E_00107616_20260404,00107616,2026-04-04,不明,,自宅,自宅退所,
E_00082424_20260406,00082424,2026-04-06,不明,,不明,不明,
E_00079686_20260406,00079686,2026-04-06,不明,,自宅,自宅退所,
E_00141884_20260406,00141884,2026-04-06,不明,,自宅,自宅退所,
E_00083160_20260406,00083160,2026-04-06,不明,,自宅,自宅退所,
E_00149052_20260408,00149052,2026-04-08,不明,,自宅,自宅退所,
E_00078507_20260409,00078507,2026-04-09,不明,,不明,不明,
E_00054209_20260409,00054209,2026-04-09,不明,,不明,不明,
E_00154374_20260409,00154374,2026-04-09,不明,,自宅,自宅退所,
E_00096864_20260409,00096864,2026-04-09,不明,,自宅,自宅退所,
E_00060950_20260410,00060950,2026-04-10,不明,,自宅,自宅退所,
E_00167944_20260410,00167944,2026-04-10,不明,,不明,不明,
E_00089032_20260411,00089032,2026-04-11,不明,,自宅,自宅退所,
E_00050154_20260411,00050154,2026-04-11,不明,,自宅,自宅退所,
E_00052434_20260413,00052434,2026-04-13,不明,,自宅,自宅退所,
E_00107882_20260413,00107882,2026-04-13,不明,,不明,不明,
E_00124842_20260413,00124842,2026-04-13,不明,,不明,不明,
E_00163928_20260413,00163928,2026-04-13,不明,,自宅,自宅退所,
E_00120484_20260414,00120484,2026-04-14,不明,,不明,不明,
E_00118090_20260415,00118090,2026-04-15,不明,,自宅,自宅退所,
E_00107995_20260415,00107995,2026-04-15,不明,,自宅,自宅退所,
E_00141523_20260415,00141523,2026-04-15,不明,,自宅,自宅退所,
E_00074049_20260416,00074049,2026-04-16,不明,,自宅,自宅退所,
E_00121152_20260416,00121152,2026-04-16,不明,,自宅,自宅退所,
E_00145463_20260416,00145463,2026-04-16,不明,,不明,不明,
E_00114754_20260417,00114754,2026-04-17,不明,,自宅,自宅退所,
E_00150575_20260417,00150575,2026-04-17,不明,,自宅,自宅退所,
E_00134391_20260418,00134391,2026-04-18,不明,,自宅,自宅退所,
E_00046976_20260418,00046976,2026-04-18,不明,,自宅,自宅退所,
E_00142228_20260420,00142228,2026-04-20,不明,,不明,不明,
E_00135729_20260420,00135729,2026-04-20,不明,,自宅,自宅退所,
E_00154234_20260421,00154234,2026-04-21,不明,,自宅,自宅退所,
E_00092936_20260421,00092936,2026-04-21,不明,,自宅,自宅退所,
E_00167325_20260421,00167325,2026-04-21,不明,,不明,不明,
E_00079686_20260422,00079686,2026-04-22,不明,,不明,不明,
E_00103521_20260422,00103521,2026-04-22,不明,,不明,不明,
E_00141884_20260422,00141884,2026-04-22,不明,,自宅,自宅退所,
E_00051294_20260423,00051294,2026-04-23,不明,,自宅,自宅退所,
E_00157418_20260424,00157418,2026-04-24,不明,,ユニット,施設内移動,
E_00141394_20260425,00141394,2026-04-25,不明,,自宅,自宅退所,
E_00142443_20260427,00142443,2026-04-27,不明,,不明,不明,
E_00114754_20260427,00114754,2026-04-27,不明,,自宅,自宅退所,
E_00083160_20260427,00083160,2026-04-27,不明,,自宅,自宅退所,
E_00081906_20260427,00081906,2026-04-27,不明,,自宅,自宅退所,
E_00092998_20260428,00092998,2026-04-28,不明,,自宅,自宅退所,
E_00157418_20260428,00157418,2026-04-28,不明,,不明,不明,
E_00074049_20260430,00074049,2026-04-30,不明,,自宅,自宅退所,
E_00106138_20260430,00106138,2026-04-30,不明,,自宅,自宅退所,
E_00107995_20260430,00107995,2026-04-30,不明,,自宅,自宅退所,
E_00028837_20260501,00028837,2026-05-01,不明,,自宅,自宅退所,
E_00020434_20260501,00020434,2026-05-01,不明,,美原Hsp,ショート終了,
E_00131740_20260506,00131740,2026-05-06,不明,,不明,不明,
E_00051294_20260507,00051294,2026-05-07,不明,,自宅,自宅退所,
E_00082424_20260507,00082424,2026-05-07,不明,,不明,不明,
E_00141884_20260507,00141884,2026-05-07,不明,,自宅,自宅退所,
E_00105279_20260508,00105279,2026-05-08,不明,,自宅,自宅退所,
E_00114754_20260508,00114754,2026-05-08,不明,,自宅,自宅退所,
E_00142228_20260508,00142228,2026-05-08,不明,,自宅,自宅退所,
E_00081906_20260508,00081906,2026-05-08,不明,,2F,施設内移動,
E_00129553_20260508,00129553,2026-05-08,不明,,不明,不明,
E_00141394_20260509,00141394,2026-05-09,不明,,自宅,自宅退所,
E_00151132_20260511,00151132,2026-05-11,不明,,不明,不明,
E_00060950_20260511,00060950,2026-05-11,不明,,自宅,自宅退所,
E_00154078_20260511,00154078,2026-05-11,不明,,自宅,自宅退所,
E_00163928_20260511,00163928,2026-05-11,不明,,不明,不明,
E_00135729_20260511,00135729,2026-05-11,不明,,自宅,自宅退所,
E_00118090_20260512,00118090,2026-05-12,不明,,不明,不明,
E_00092936_20260512,00092936,2026-05-12,不明,,自宅,自宅退所,
E_00149052_20260513,00149052,2026-05-13,不明,,自宅,自宅退所,
E_00150575_20260513,00150575,2026-05-13,不明,,不明,不明,
E_00024310_20260513,00024310,2026-05-13,不明,,不明,不明,
E_00121152_20260514,00121152,2026-05-14,不明,,不明,不明,
E_00154374_20260514,00154374,2026-05-14,不明,,自宅,自宅退所,
E_00096864_20260514,00096864,2026-05-14,不明,,自宅,自宅退所,
E_00052434_20260515,00052434,2026-05-15,不明,,自宅,自宅退所,
E_00155078_20260515,00155078,2026-05-15,不明,,不明,不明,
E_00127161_20260515,00127161,2026-05-15,不明,,不明,不明,
E_00107995_20260515,00107995,2026-05-15,不明,,自宅,自宅退所,
E_00014028_20260515,00014028,2026-05-15,不明,,自宅,自宅退所,
E_00107616_20260516,00107616,2026-05-16,不明,,自宅,自宅退所,
E_00092183_20260516,00092183,2026-05-16,不明,,不明,不明,
E_00074049_20260518,00074049,2026-05-18,不明,,不明,不明,
E_00051294_20260518,00051294,2026-05-18,不明,,不明,不明,
E_00114754_20260518,00114754,2026-05-18,不明,,自宅,自宅退所,
E_00154234_20260519,00154234,2026-05-19,不明,,自宅,自宅退所,
E_00092998_20260520,00092998,2026-05-20,不明,,不明,不明,
E_00142228_20260520,00142228,2026-05-20,不明,,自宅,自宅退所,
E_00141884_20260522,00141884,2026-05-22,不明,,自宅,自宅退所,
E_00157418_20260522,00157418,2026-05-22,不明,,不明,不明,
E_00094530_20260522,00094530,2026-05-22,不明,,不明,不明,
E_00162769_20260523,00162769,2026-05-23,不明,,自宅,自宅退所,
E_00142443_20260523,00142443,2026-05-23,不明,,不明,不明,
E_00074049_20260523,00074049,2026-05-23,不明,,不明,不明,
E_00138290_20260523,00138290,2026-05-23,不明,,不明,不明,
E_00141394_20260523,00141394,2026-05-23,不明,,自宅,自宅退所,
E_00167134_20260524,00167134,2026-05-24,不明,,自宅,自宅退所,
E_00081906_20260525,00081906,2026-05-25,不明,,不明,不明,
E_00167203_20260525,00167203,2026-05-25,不明,,不明,不明,
E_00136094_20260525,00136094,2026-05-25,不明,,不明,不明,
E_00135901_20260526,00135901,2026-05-26,不明,,不明,不明,
E_00050154_20260526,00050154,2026-05-26,不明,,自宅,自宅退所,
E_00142228_20260527,00142228,2026-05-27,不明,,自宅,自宅退所,
E_00107995_20260529,00107995,2026-05-29,不明,,不明,不明,
E_00114754_20260530,00114754,2026-05-30,不明,,不明,不明,
E_00167134_20260530,00167134,2026-05-30,不明,,不明,不明,
E_00051362_20260530,00051362,2026-05-30,不明,,不明,不明,
