episode_id,user_id,admission_date,discharge_date,last_seen_date,first_absent_date,is_current,admission_floor,latest_floor,room,bed,admission_type,source_type,source_name,discharge_destination,discharge_reason,stay_days,admission_sequence,readmission_flag,previous_discharge_date,days_to_readmission,memo
E_00162164_20250402,00162164,2025-04-02,2025-04-29,2025-04-29,2025-04-30,false,2F,2F,215,01,,不明,,不明,不明,28,2,true,2025-04-01,1,
E_00150658_20250411,00150658,2025-04-11,2025-09-19,2025-09-19,2025-09-20,false,2F,2F,208,01,,不明,,自宅,自宅退所,162,2,true,2025-04-04,7,
E_00107995_20250411,00107995,2025-04-11,2025-04-21,2025-04-21,2025-04-22,false,3F,3F,311,02,,不明,,自宅,自宅退所,11,2,true,2025-04-04,7,
E_00096466_20250411,00096466,2025-04-11,2025-04-14,2025-04-14,2025-04-15,false,3F,3F,313,01,,不明,,自宅,自宅退所,4,2,true,2025-04-07,4,
E_00121152_20250414,00121152,2025-04-14,2025-07-10,2025-07-10,2025-07-11,false,2F,2F,207,04,,不明,,自宅,自宅退所,88,2,true,2025-04-09,5,
E_00097034_20250414,00097034,2025-04-14,2025-05-09,2025-05-09,2025-05-10,false,3F,3F,313,01,,不明,,自宅,自宅退所,26,2,true,2025-04-11,3,
E_00148879_20250415,00148879,2025-04-15,2025-09-11,2025-09-11,2025-09-12,false,2F,2F,201,03,,不明,,自宅,自宅退所,150,2,true,2025-04-10,5,
E_00144692_20250415,00144692,2025-04-15,2025-05-10,2025-05-10,2025-05-11,false,2F,2F,220,02,,不明,,自宅,自宅退所,26,2,true,2025-04-12,3,
E_00102827_20250416,00102827,2025-04-16,2025-04-21,2025-04-21,2025-04-22,false,3F,3F,302,01,,不明,,自宅,自宅退所,6,2,true,2025-04-10,6,
E_00074049_20250417,00074049,2025-04-17,2025-04-24,2025-04-24,2025-04-25,false,2F,2F,205,01,,不明,,自宅,自宅退所,8,2,true,2025-04-10,7,
E_00145463_20250417,00145463,2025-04-17,2025-06-10,2025-06-10,2025-06-11,false,2F,2F,222,01,,不明,,自宅,自宅退所,55,2,true,2025-04-09,8,
E_00002999_20250418,00002999,2025-04-18,2025-05-13,2025-05-13,2025-05-14,false,2F,2F,203,01,,不明,,自宅,自宅退所,26,2,true,2025-04-13,5,
E_00028837_20250418,00028837,2025-04-18,2025-04-22,2025-04-22,2025-04-23,false,2F,2F,220,04,,不明,,自宅,自宅退所,5,2,true,2025-04-02,16,
E_00135831_20250418,00135831,2025-04-18,2025-05-25,2025-05-25,2025-05-26,false,ユニット,ユニット,U-10,01,長期,不明,,2F,施設内移動,38,2,true,2025-04-17,1,
E_00069873_20250419,00069873,2025-04-19,2025-11-24,2025-11-24,2025-11-25,false,2F,2F,208,03,,不明,,自宅,自宅退所,220,2,true,2025-04-12,7,
E_00114754_20250419,00114754,2025-04-19,2025-04-24,2025-04-24,2025-04-25,false,2F,2F,212,01,,不明,,自宅,自宅退所,6,2,true,2025-04-15,4,
E_00155370_20250419,00155370,2025-04-19,2025-05-17,2025-05-17,2025-05-18,false,2F,2F,220,01,,不明,,自宅,自宅退所,29,2,true,2025-04-12,7,
E_00083160_20250421,00083160,2025-04-21,2025-04-24,2025-04-24,2025-04-25,false,3F,3F,301,03,,不明,,自宅,自宅退所,4,2,true,2025-04-12,9,
E_00096466_20250421,00096466,2025-04-21,2025-04-25,2025-04-25,2025-04-26,false,3F,3F,311,02,,不明,,自宅,自宅退所,5,3,true,2025-04-14,7,
E_00151132_20250422,00151132,2025-04-22,2025-07-22,2025-07-22,2025-07-23,false,2F,2F,203,02,,不明,,自宅,自宅退所,92,2,true,2025-04-18,4,
E_00115453_20250422,00115453,2025-04-22,2025-04-30,2025-04-30,2025-05-01,false,2F,2F,206,01,,不明,,自宅,自宅退所,9,2,true,2025-04-03,19,
E_00014287_20250424,00014287,2025-04-24,2025-07-09,2025-07-09,2025-07-10,false,2F,2F,215,01,,不明,,死亡,死亡退所,77,2,true,2025-04-18,6,
E_00093421_20250424,00093421,2025-04-24,2025-05-20,2025-05-20,2025-05-21,false,2F,2F,208,02,,不明,,不明,不明,27,2,true,2025-04-19,5,
E_00107995_20250425,00107995,2025-04-25,2025-05-01,2025-05-01,2025-05-02,false,3F,3F,301,02,,不明,,自宅,自宅退所,7,3,true,2025-04-21,4,
E_00102827_20250425,00102827,2025-04-25,2025-04-28,2025-04-28,2025-04-29,false,3F,3F,302,01,,不明,,自宅,自宅退所,4,3,true,2025-04-21,4,
E_00141394_20250426,00141394,2025-04-26,2025-04-28,2025-04-28,2025-04-29,false,2F,2F,220,04,,不明,,自宅,自宅退所,3,2,true,2025-04-14,12,
E_00100859_20250428,00100859,2025-04-28,2025-05-07,2025-05-07,2025-05-08,false,3F,3F,301,03,,不明,,自宅,自宅退所,10,2,true,2025-04-01,27,
E_00143303_20250428,00143303,2025-04-28,2025-05-02,2025-05-02,2025-05-03,false,3F,3F,302,01,,不明,,自宅,自宅退所,5,2,true,2025-04-25,3,
E_00108449_20250430,00108449,2025-04-30,,2026-05-31,,true,2F,2F,211,01,長期,不明,,不明,不明,397,2,true,2025-04-22,8,
E_00092936_20250430,00092936,2025-04-30,2025-05-08,2025-05-08,2025-05-09,false,2F,2F,212,01,,不明,,不明,不明,9,2,true,2025-04-19,11,
E_00074049_20250501,00074049,2025-05-01,2025-05-08,2025-05-08,2025-05-09,false,2F,2F,215,01,,不明,,自宅,自宅退所,8,3,true,2025-04-24,7,
E_00096466_20250501,00096466,2025-05-01,2025-05-07,2025-05-07,2025-05-08,false,3F,3F,301,02,,不明,,自宅,自宅退所,7,4,true,2025-04-25,6,
E_00046976_20250501,00046976,2025-05-01,2025-05-15,2025-05-15,2025-05-16,false,ユニット,ユニット,U-2,01,,不明,,自宅,自宅退所,15,2,true,2025-04-17,14,
E_00050154_20250502,00050154,2025-05-02,2025-05-07,2025-05-07,2025-05-08,false,2F,2F,200,03,,不明,,自宅,自宅退所,6,2,true,2025-04-21,11,
E_00083160_20250502,00083160,2025-05-02,2025-05-04,2025-05-04,2025-05-05,false,3F,3F,302,01,,不明,,自宅,自宅退所,3,3,true,2025-04-24,8,
E_00102827_20250502,00102827,2025-05-02,2025-05-07,2025-05-07,2025-05-08,false,3F,3F,306,02,,不明,,自宅,自宅退所,6,4,true,2025-04-28,4,
E_00077083_20250502,00077083,2025-05-02,,2026-05-31,,true,3F,3F,310,02,長期,不明,,不明,不明,395,2,true,2025-05-01,1,
E_00092183_20250507,00092183,2025-05-07,2025-05-13,2025-05-13,2025-05-14,false,2F,2F,200,03,,不明,,自宅,自宅退所,7,2,true,2025-04-09,28,
E_00143303_20250507,00143303,2025-05-07,2025-05-23,2025-05-23,2025-05-24,false,3F,3F,301,02,,不明,,自宅,自宅退所,17,3,true,2025-05-02,5,
E_00107995_20250507,00107995,2025-05-07,2025-05-12,2025-05-12,2025-05-13,false,3F,3F,301,03,,不明,,自宅,自宅退所,6,4,true,2025-05-01,6,
E_00114754_20250508,00114754,2025-05-08,2025-05-13,2025-05-13,2025-05-14,false,2F,2F,215,01,,不明,,自宅,自宅退所,6,3,true,2025-04-24,14,
E_00092936_20250509,00092936,2025-05-09,2025-05-31,2025-05-31,2025-06-01,false,2F,2F,212,01,,不明,,不明,不明,23,3,true,2025-05-08,1,
E_00155078_20250509,00155078,2025-05-09,2025-06-03,2025-06-03,2025-06-04,false,2F,2F,217,01,,不明,,自宅,自宅退所,26,2,true,2025-05-06,3,
E_00083160_20250509,00083160,2025-05-09,2025-05-14,2025-05-14,2025-05-15,false,3F,3F,306,02,,不明,,自宅,自宅退所,6,4,true,2025-05-04,5,
E_00096864_20250509,00096864,2025-05-09,2025-05-16,2025-05-16,2025-05-17,false,3F,3F,307,03,,不明,,自宅,自宅退所,8,2,true,2025-04-15,24,
E_00141394_20250511,00141394,2025-05-11,2025-05-14,2025-05-14,2025-05-15,false,2F,2F,220,02,,不明,,自宅,自宅退所,4,3,true,2025-04-28,13,
E_00149052_20250512,00149052,2025-05-12,2025-05-14,2025-05-14,2025-05-15,false,2F,2F,207,01,,不明,,自宅,自宅退所,3,2,true,2025-04-16,26,
E_00060337_20250512,00060337,2025-05-12,2025-05-23,2025-05-23,2025-05-24,false,2F,2F,221,02,,不明,,自宅,自宅退所,12,2,true,2025-04-23,19,
E_00097034_20250512,00097034,2025-05-12,2026-01-12,2026-01-12,2026-01-13,false,3F,3F,302,01,,不明,,特養,施設退所,246,3,true,2025-05-09,3,
E_00134463_20250512,00134463,2025-05-12,2025-06-05,2025-06-05,2025-06-06,false,ユニット,ユニット,U-1,01,,不明,,自宅,自宅退所,25,2,true,2025-05-08,4,
E_00144692_20250513,00144692,2025-05-13,2025-09-06,2025-09-06,2025-09-07,false,2F,2F,203,01,,不明,,自宅,自宅退所,117,3,true,2025-05-10,3,
E_00115453_20250513,00115453,2025-05-13,2025-05-24,2025-05-24,2025-05-25,false,2F,2F,207,02,,不明,,自宅,自宅退所,12,3,true,2025-04-30,13,
E_00125158_20250514,00125158,2025-05-14,2025-06-11,2025-06-11,2025-06-12,false,2F,2F,200,03,,不明,,自宅,自宅退所,29,2,true,2025-05-10,4,
E_00096466_20250514,00096466,2025-05-14,2025-05-21,2025-05-21,2025-05-22,false,3F,3F,308,04,,不明,,自宅,自宅退所,8,5,true,2025-05-07,7,
E_00094530_20250514,00094530,2025-05-14,2025-05-29,2025-05-29,2025-05-30,false,ユニット,ユニット,U-12,01,,不明,,自宅,自宅退所,16,2,true,2025-05-12,2,
E_00107616_20250515,00107616,2025-05-15,2025-05-20,2025-05-20,2025-05-21,false,2F,2F,207,01,,不明,,自宅,自宅退所,6,2,true,2025-04-21,24,
E_00102827_20250515,00102827,2025-05-15,2025-05-19,2025-05-19,2025-05-20,false,3F,3F,306,02,,不明,,自宅,自宅退所,5,5,true,2025-05-07,8,
E_00055487_20250515,00055487,2025-05-15,2025-05-16,2025-05-16,2025-05-17,false,ユニット,ユニット,U-2,01,,不明,,自宅,自宅退所,2,2,true,2025-04-18,27,
E_00089244_20250516,00089244,2025-05-16,2025-05-27,2025-05-27,2025-05-28,false,3F,3F,311,01,,不明,,自宅,自宅退所,12,2,true,2025-05-14,2,
E_00146793_20250517,00146793,2025-05-17,2025-05-24,2025-05-24,2025-05-25,false,2F,2F,220,01,,不明,,自宅,自宅退所,8,2,true,2025-05-10,7,
E_00002999_20250517,00002999,2025-05-17,2025-09-25,2025-09-25,2025-09-26,false,2F,2F,220,02,,不明,,特養アミーキ,施設退所,132,3,true,2025-05-13,4,
E_00141394_20250517,00141394,2025-05-17,2025-05-19,2025-05-19,2025-05-20,false,2F,2F,223,01,,不明,,不明,不明,3,4,true,2025-05-14,3,
E_00118090_20250519,00118090,2025-05-19,2025-06-13,2025-06-13,2025-06-14,false,2F,2F,208,04,,不明,,自宅,自宅退所,26,2,true,2025-05-15,4,
E_00114754_20250519,00114754,2025-05-19,2025-05-23,2025-05-23,2025-05-24,false,2F,2F,223,01,,不明,,自宅,自宅退所,5,4,true,2025-05-13,6,
E_00107995_20250519,00107995,2025-05-19,2025-05-24,2025-05-24,2025-05-25,false,3F,3F,306,02,,不明,,自宅,自宅退所,6,5,true,2025-05-12,7,
E_00074049_20250520,00074049,2025-05-20,2025-05-27,2025-05-27,2025-05-28,false,2F,2F,207,01,,不明,,自宅,自宅退所,8,4,true,2025-05-08,12,
E_00093421_20250521,00093421,2025-05-21,2025-09-18,2025-09-18,2025-09-19,false,2F,2F,208,02,,不明,,不明,不明,121,3,true,2025-05-20,1,
E_00060950_20250522,00060950,2025-05-22,2025-05-26,2025-05-26,2025-05-27,false,2F,2F,220,03,,不明,,自宅,自宅退所,5,2,true,2025-04-26,26,
E_00102827_20250522,00102827,2025-05-22,2025-05-24,2025-05-24,2025-05-25,false,3F,3F,307,02,,不明,,自宅,自宅退所,3,6,true,2025-05-19,3,
E_00052434_20250523,00052434,2025-05-23,2025-05-28,2025-05-28,2025-05-29,false,2F,2F,223,01,,不明,,自宅,自宅退所,6,2,true,2025-04-18,35,
E_00083160_20250523,00083160,2025-05-23,2025-05-26,2025-05-26,2025-05-27,false,3F,3F,301,02,,不明,,自宅,自宅退所,4,5,true,2025-05-14,9,
E_00155370_20250524,00155370,2025-05-24,2025-08-16,2025-08-16,2025-08-17,false,2F,2F,220,01,,不明,,自宅,自宅退所,85,3,true,2025-05-17,7,
E_00154078_20250524,00154078,2025-05-24,2025-05-27,2025-05-27,2025-05-28,false,2F,2F,221,02,,不明,,自宅,自宅退所,4,2,true,2025-04-11,43,
E_00154374_20250524,00154374,2025-05-24,2025-05-26,2025-05-26,2025-05-27,false,2F,2F,221,04,,不明,,自宅,自宅退所,3,2,true,2025-04-11,43,
E_00127244_20250524,00127244,2025-05-24,2025-06-16,2025-06-16,2025-06-17,false,3F,3F,307,02,,不明,,不明,不明,24,2,true,2025-05-16,8,
E_00141670_20250524,00141670,2025-05-24,2025-05-26,2025-05-26,2025-05-27,false,3F,3F,307,03,,不明,,自宅,自宅退所,3,2,true,2025-04-20,34,
E_00135831_20250526,00135831,2025-05-26,2025-06-24,2025-06-24,2025-06-25,false,2F,2F,215,01,,不明,,死亡,死亡退所,30,3,true,2025-05-25,1,
E_00143303_20250526,00143303,2025-05-26,,2026-05-31,,true,3F,3F,311,04,長期,不明,,不明,不明,371,4,true,2025-05-23,3,
E_00114754_20250527,00114754,2025-05-27,2025-06-04,2025-06-04,2025-06-05,false,2F,2F,216,01,,不明,,自宅,自宅退所,9,5,true,2025-05-23,4,
E_00102827_20250527,00102827,2025-05-27,2025-05-29,2025-05-29,2025-05-30,false,3F,3F,307,03,,不明,,自宅,自宅退所,3,7,true,2025-05-24,3,
E_00028837_20250528,00028837,2025-05-28,2025-06-02,2025-06-02,2025-06-03,false,2F,2F,203,04,,不明,,自宅,自宅退所,6,3,true,2025-04-22,36,
E_00078507_20250528,00078507,2025-05-28,2025-06-17,2025-06-17,2025-06-18,false,2F,2F,207,01,,不明,,自宅,自宅退所,21,2,true,2025-05-22,6,
E_00107995_20250528,00107995,2025-05-28,2025-05-31,2025-05-31,2025-06-01,false,3F,3F,311,01,,不明,,自宅,自宅退所,4,6,true,2025-05-24,4,
E_00089244_20250529,00089244,2025-05-29,2025-06-16,2025-06-16,2025-06-17,false,3F,3F,310,01,,不明,,自宅,自宅退所,19,3,true,2025-05-27,2,
E_00050154_20250530,00050154,2025-05-30,2025-06-02,2025-06-02,2025-06-03,false,3F,3F,307,03,,不明,,自宅,自宅退所,4,3,true,2025-05-07,23,
E_00146793_20250531,00146793,2025-05-31,2025-06-07,2025-06-07,2025-06-08,false,2F,2F,220,03,,不明,,自宅,自宅退所,8,3,true,2025-05-24,7,
E_00096466_20250531,00096466,2025-05-31,2025-06-12,2025-06-12,2025-06-13,false,3F,3F,311,01,,不明,,自宅,自宅退所,13,6,true,2025-05-21,10,
E_00046976_20250531,00046976,2025-05-31,2025-06-16,2025-06-16,2025-06-17,false,ユニット,ユニット,U-10,01,,不明,,自宅,自宅退所,17,3,true,2025-05-15,16,
E_00094530_20250531,00094530,2025-05-31,2025-06-12,2025-06-12,2025-06-13,false,ユニット,ユニット,U-12,01,,不明,,自宅,自宅退所,13,3,true,2025-05-29,2,
E_00129630_20250602,00129630,2025-06-02,2025-06-05,2025-06-05,2025-06-06,false,2F,2F,203,04,,不明,,自宅,自宅退所,4,2,true,2025-05-28,5,
E_00121839_20250602,00121839,2025-06-02,2025-06-07,2025-06-07,2025-06-08,false,2F,2F,212,01,,不明,,自宅,自宅退所,6,2,true,2025-04-17,46,
E_00100859_20250602,00100859,2025-06-02,2025-06-11,2025-06-11,2025-06-12,false,3F,3F,308,01,,不明,,自宅,自宅退所,10,3,true,2025-05-07,26,
E_00074049_20250605,00074049,2025-06-05,2025-06-12,2025-06-12,2025-06-13,false,2F,2F,203,04,,不明,,自宅,自宅退所,8,5,true,2025-05-27,9,
E_00102827_20250605,00102827,2025-06-05,2025-06-09,2025-06-09,2025-06-10,false,3F,3F,305,01,,不明,,自宅,自宅退所,5,8,true,2025-05-29,7,
E_00083160_20250605,00083160,2025-06-05,2025-06-09,2025-06-09,2025-06-10,false,3F,3F,312,04,,不明,,自宅,自宅退所,5,6,true,2025-05-26,10,
E_00138290_20250606,00138290,2025-06-06,2025-06-10,2025-06-10,2025-06-11,false,2F,2F,202,04,,不明,,自宅,自宅退所,5,2,true,2025-05-16,21,
E_00155078_20250606,00155078,2025-06-06,2025-09-09,2025-09-09,2025-09-10,false,2F,2F,217,01,,不明,,自宅,自宅退所,96,3,true,2025-06-03,3,
E_00107995_20250606,00107995,2025-06-06,2025-06-13,2025-06-13,2025-06-14,false,3F,3F,310,03,,不明,,自宅,自宅退所,8,7,true,2025-05-31,6,
E_00141394_20250607,00141394,2025-06-07,2025-06-09,2025-06-09,2025-06-10,false,2F,2F,220,03,,不明,,自宅,自宅退所,3,5,true,2025-05-19,19,
E_00060337_20250607,00060337,2025-06-07,2025-06-18,2025-06-18,2025-06-19,false,2F,2F,221,01,,不明,,自宅,自宅退所,12,3,true,2025-05-23,15,
E_00050567_20250609,00050567,2025-06-09,2025-12-19,2025-12-19,2025-12-20,false,2F,2F,223,01,,不明,,不明,不明,194,2,true,2025-06-08,1,
E_00020430_20250609,00020430,2025-06-09,2025-07-04,2025-07-04,2025-07-05,false,2F,2F,220,03,,不明,,自宅,自宅退所,26,2,true,2025-06-06,3,
E_00141670_20250609,00141670,2025-06-09,2025-06-11,2025-06-11,2025-06-12,false,3F,3F,302,04,,不明,,自宅,自宅退所,3,3,true,2025-05-26,14,
E_00101111_20250609,00101111,2025-06-09,2025-06-23,2025-06-23,2025-06-24,false,3F,3F,312,04,,不明,,自宅,自宅退所,15,2,true,2025-06-05,4,
E_00134463_20250609,00134463,2025-06-09,2025-09-27,2025-09-27,2025-09-28,false,ユニット,ユニット,U-1,01,,不明,,自宅,自宅退所,111,3,true,2025-06-05,4,
E_00060950_20250610,00060950,2025-06-10,2025-06-13,2025-06-13,2025-06-14,false,2F,2F,202,04,,不明,,自宅,自宅退所,4,3,true,2025-05-26,15,
E_00092183_20250611,00092183,2025-06-11,2025-06-16,2025-06-16,2025-06-17,false,2F,2F,200,03,,不明,,自宅,自宅退所,6,3,true,2025-05-13,29,
E_00114754_20250611,00114754,2025-06-11,2025-06-20,2025-06-20,2025-06-21,false,2F,2F,216,01,,不明,,自宅,自宅退所,10,6,true,2025-06-04,7,
E_00028545_20250611,00028545,2025-06-11,2025-06-25,2025-06-25,2025-06-26,false,3F,3F,303,01,,不明,,不明,不明,15,2,true,2025-04-16,56,
E_00112027_20250612,00112027,2025-06-12,2025-06-25,2025-06-25,2025-06-26,false,3F,3F,302,04,,不明,,自宅,自宅退所,14,2,true,2025-06-09,3,
E_00138290_20250613,00138290,2025-06-13,2025-06-16,2025-06-16,2025-06-17,false,2F,2F,202,04,,不明,,自宅,自宅退所,4,3,true,2025-06-10,3,
E_00154078_20250613,00154078,2025-06-13,2025-06-16,2025-06-16,2025-06-17,false,2F,2F,208,04,,不明,,自宅,自宅退所,4,3,true,2025-05-27,17,
E_00092936_20250613,00092936,2025-06-13,2025-06-22,2025-06-22,2025-06-23,false,2F,2F,212,01,,不明,,自宅,自宅退所,10,4,true,2025-05-31,13,
E_00115453_20250614,00115453,2025-06-14,2025-06-26,2025-06-26,2025-06-27,false,2F,2F,203,03,,不明,,特養「あいの詩」,施設退所,13,4,true,2025-05-24,21,
E_00146793_20250614,00146793,2025-06-14,2025-11-01,2025-11-01,2025-11-02,false,2F,2F,203,04,,不明,,自宅,自宅退所,141,4,true,2025-06-07,7,
E_00042165_20250614,00042165,2025-06-14,2025-07-05,2025-07-05,2025-07-06,false,2F,2F,221,02,,不明,,自宅,自宅退所,22,2,true,2025-06-07,7,
E_00096864_20250614,00096864,2025-06-14,2025-06-19,2025-06-19,2025-06-20,false,3F,3F,311,04,,不明,,自宅,自宅退所,6,3,true,2025-05-16,29,
E_00094530_20250614,00094530,2025-06-14,2025-10-15,2025-10-15,2025-10-16,false,ユニット,ユニット,U-12,01,,不明,,不明,不明,124,4,true,2025-06-12,2,
E_00125158_20250616,00125158,2025-06-16,2025-09-12,2025-09-12,2025-09-13,false,2F,2F,200,03,,不明,,自宅,自宅退所,89,3,true,2025-06-11,5,
E_00106970_20250616,00106970,2025-06-16,,2026-05-31,,true,2F,2F,201,02,長期,不明,,不明,不明,350,2,true,2025-06-02,14,
E_00129630_20250616,00129630,2025-06-16,2025-06-21,2025-06-21,2025-06-22,false,2F,2F,202,04,,不明,,自宅,自宅退所,6,3,true,2025-06-05,11,
E_00102827_20250616,00102827,2025-06-16,2025-06-23,2025-06-23,2025-06-24,false,3F,3F,308,01,,不明,,自宅,自宅退所,8,9,true,2025-06-09,7,
E_00096466_20250616,00096466,2025-06-16,2025-11-17,2025-11-17,2025-11-18,false,3F,3F,310,04,,不明,,自宅,自宅退所,155,7,true,2025-06-12,4,
E_00149052_20250617,00149052,2025-06-17,2025-06-19,2025-06-19,2025-06-20,false,2F,2F,207,01,,不明,,自宅,自宅退所,3,3,true,2025-05-14,34,
E_00118090_20250617,00118090,2025-06-17,2025-11-15,2025-11-15,2025-11-16,false,2F,2F,208,04,,不明,,自宅,自宅退所,152,3,true,2025-06-13,4,
E_00127244_20250617,00127244,2025-06-17,,2026-05-31,,true,3F,3F,307,02,長期,不明,,不明,不明,349,3,true,2025-06-16,1,
E_00145463_20250618,00145463,2025-06-18,2025-06-26,2025-06-26,2025-06-27,false,2F,2F,221,01,,不明,,自宅,自宅退所,9,3,true,2025-06-10,8,
E_00163072_20250618,00163072,2025-06-18,2025-08-29,2025-08-29,2025-08-30,false,3F,3F,310,02,,不明,,不明,不明,73,2,true,2025-06-11,7,
E_00089244_20250618,00089244,2025-06-18,2025-10-14,2025-10-14,2025-10-15,false,3F,3F,310,01,,不明,,死亡,死亡退所,119,4,true,2025-06-16,2,
E_00054284_20250618,00054284,2025-06-18,2025-07-22,2025-07-22,2025-07-23,false,3F,3F,310,03,,不明,,伊勢崎佐波医師会病院,病院退所,35,2,true,2025-06-04,14,
E_00107616_20250619,00107616,2025-06-19,2025-06-23,2025-06-23,2025-06-24,false,2F,2F,201,04,,不明,,自宅,自宅退所,5,3,true,2025-05-20,30,
E_00074049_20250619,00074049,2025-06-19,2025-06-26,2025-06-26,2025-06-27,false,2F,2F,207,01,,不明,,自宅,自宅退所,8,6,true,2025-06-12,7,
E_00055487_20250619,00055487,2025-06-19,2025-06-20,2025-06-20,2025-06-21,false,ユニット,ユニット,U-3,01,,不明,,自宅,自宅退所,2,3,true,2025-05-16,34,
E_00107995_20250620,00107995,2025-06-20,2025-06-27,2025-06-27,2025-06-28,false,2F,3F,313,01,,不明,,不明,不明,8,8,true,2025-06-13,7,
E_00150575_20250620,00150575,2025-06-20,2025-07-18,2025-07-18,2025-07-19,false,2F,2F,218,01,,不明,,自宅,自宅退所,29,2,true,2025-06-16,4,
E_00132185_20250620,00132185,2025-06-20,2025-06-25,2025-06-25,2025-06-26,false,3F,3F,311,04,,不明,,自宅,自宅退所,6,2,true,2025-06-16,4,
E_00051294_20250621,00051294,2025-06-21,2025-07-14,2025-07-14,2025-07-15,false,2F,2F,207,01,,不明,,不明,不明,24,2,true,2025-06-14,7,
E_00141394_20250621,00141394,2025-06-21,2025-06-23,2025-06-23,2025-06-24,false,ユニット,ユニット,U-3,01,,不明,,自宅,自宅退所,3,6,true,2025-06-09,12,
E_00078507_20250622,00078507,2025-06-22,2026-03-09,2026-03-09,2026-03-10,false,2F,2F,202,04,,不明,,自宅,自宅退所,261,3,true,2025-06-17,5,
E_00147744_20250623,00147744,2025-06-23,2025-07-12,2025-07-12,2025-07-13,false,2F,2F,201,04,,不明,,自宅,自宅退所,20,2,true,2025-06-12,11,
E_00124842_20250623,00124842,2025-06-23,2025-07-17,2025-07-17,2025-07-18,false,2F,2F,220,04,,不明,,自宅,自宅退所,25,2,true,2025-06-19,4,
E_00116523_20250623,00116523,2025-06-23,2025-07-19,2025-07-19,2025-07-20,false,3F,3F,308,01,,不明,,自宅,自宅退所,27,2,true,2025-06-20,3,
E_00083160_20250623,00083160,2025-06-23,2025-06-27,2025-06-27,2025-06-28,false,3F,3F,308,03,,不明,,自宅,自宅退所,5,7,true,2025-06-09,14,
E_00052434_20250624,00052434,2025-06-24,2025-06-26,2025-06-26,2025-06-27,false,2F,2F,206,02,,不明,,自宅,自宅退所,3,3,true,2025-05-28,27,
E_00113600_20250625,00113600,2025-06-25,2025-07-07,2025-07-07,2025-07-08,false,3F,3F,311,04,,不明,,自宅,自宅退所,13,2,true,2025-06-23,2,
E_00101111_20250625,00101111,2025-06-25,2025-07-04,2025-07-04,2025-07-05,false,3F,3F,312,04,,不明,,自宅,自宅退所,10,3,true,2025-06-23,2,
E_00131740_20250625,00131740,2025-06-25,2025-06-28,2025-06-28,2025-06-29,false,ユニット,ユニット,U-3,01,,不明,,自宅,自宅退所,4,2,true,2025-05-10,46,
E_00114754_20250626,00114754,2025-06-26,2025-07-07,2025-07-07,2025-07-08,false,2F,2F,216,01,,不明,,自宅,自宅退所,12,7,true,2025-06-20,6,
E_00154374_20250626,00154374,2025-06-26,2025-06-28,2025-06-28,2025-06-29,false,2F,2F,221,01,,不明,,自宅,自宅退所,3,3,true,2025-05-26,31,
E_00028545_20250626,00028545,2025-06-26,2025-12-31,2025-12-31,2026-01-01,false,3F,2F,222,03,,不明,,不明,不明,189,3,true,2025-06-25,1,
E_00028837_20250627,00028837,2025-06-27,2025-07-02,2025-07-02,2025-07-03,false,2F,2F,206,04,,不明,,自宅,自宅退所,6,4,true,2025-06-02,25,
E_00102827_20250627,00102827,2025-06-27,2025-06-30,2025-06-30,2025-07-01,false,3F,3F,305,01,,不明,,自宅,自宅退所,4,10,true,2025-06-23,4,
E_00132185_20250627,00132185,2025-06-27,2025-07-14,2025-07-14,2025-07-15,false,3F,3F,308,03,,不明,,自宅,自宅退所,18,3,true,2025-06-25,2,
E_00121839_20250628,00121839,2025-06-28,2025-10-08,2025-10-08,2025-10-09,false,2F,2F,212,01,,不明,,自宅,自宅退所,103,3,true,2025-06-07,21,
E_00112027_20250628,00112027,2025-06-28,2025-07-07,2025-07-07,2025-07-08,false,3F,3F,302,04,,不明,,自宅,自宅退所,10,3,true,2025-06-25,3,
E_00129630_20250630,00129630,2025-06-30,2025-12-10,2025-12-10,2025-12-11,false,2F,2F,203,03,,不明,,自宅,自宅退所,164,4,true,2025-06-21,9,
E_00146240_20250630,00146240,2025-06-30,2025-09-15,2025-09-15,2025-09-16,false,2F,2F,221,04,,不明,,自宅,自宅退所,78,2,true,2025-05-22,39,
E_00100859_20250701,00100859,2025-07-01,2025-07-05,2025-07-05,2025-07-06,false,3F,3F,305,01,,不明,,自宅,自宅退所,5,4,true,2025-06-11,20,
E_00134007_20250701,00134007,2025-07-01,2025-07-15,2025-07-15,2025-07-16,false,ユニット,ユニット,U-3,01,長期,不明,,2F,施設内移動,15,2,true,2025-06-30,1,
E_00074049_20250702,00074049,2025-07-02,2025-07-10,2025-07-10,2025-07-11,false,2F,2F,206,04,,不明,,自宅,自宅退所,9,7,true,2025-06-26,6,
E_00092936_20250702,00092936,2025-07-02,2025-07-07,2025-07-07,2025-07-08,false,2F,2F,213,01,,不明,,自宅,自宅退所,6,5,true,2025-06-22,10,
E_00083160_20250702,00083160,2025-07-02,2025-07-09,2025-07-09,2025-07-10,false,3F,3F,313,01,,不明,,自宅,自宅退所,8,8,true,2025-06-27,5,
E_00103521_20250704,00103521,2025-07-04,2025-07-07,2025-07-07,2025-07-08,false,2F,2F,220,03,,不明,,自宅,自宅退所,4,2,true,2025-06-25,9,
E_00102827_20250704,00102827,2025-07-04,2025-07-08,2025-07-08,2025-07-09,false,3F,3F,307,03,,不明,,自宅,自宅退所,5,11,true,2025-06-30,4,
E_00145463_20250705,00145463,2025-07-05,2025-07-12,2025-07-12,2025-07-13,false,2F,2F,221,02,,不明,,自宅,自宅退所,8,4,true,2025-06-26,9,
E_00107995_20250705,00107995,2025-07-05,2025-07-12,2025-07-12,2025-07-13,false,3F,3F,313,01,,不明,,自宅,自宅退所,8,9,true,2025-06-27,8,
E_00020430_20250707,00020430,2025-07-07,,2026-05-31,,true,2F,2F,220,04,長期,不明,,不明,不明,329,3,true,2025-07-04,3,
E_00081292_20250707,00081292,2025-07-07,2025-07-10,2025-07-10,2025-07-11,false,3F,3F,313,01,,不明,,自宅,自宅退所,4,2,true,2025-06-18,19,
E_00101111_20250707,00101111,2025-07-07,2026-03-10,2026-03-10,2026-03-11,false,3F,3F,305,01,,不明,,死亡,死亡退所,247,4,true,2025-07-04,3,
E_00113600_20250709,00113600,2025-07-09,2025-07-22,2025-07-22,2025-07-23,false,3F,3F,311,04,,不明,,自宅,自宅退所,14,3,true,2025-07-07,2,
E_00096864_20250709,00096864,2025-07-09,2025-07-17,2025-07-17,2025-07-18,false,3F,3F,312,01,,不明,,自宅,自宅退所,9,4,true,2025-06-19,20,
E_00107616_20250710,00107616,2025-07-10,2025-07-19,2025-07-19,2025-07-20,false,2F,2F,206,04,,不明,,自宅,自宅退所,10,4,true,2025-06-23,17,
E_00060950_20250710,00060950,2025-07-10,2025-07-14,2025-07-14,2025-07-15,false,2F,2F,207,02,,不明,,自宅,自宅退所,5,4,true,2025-06-13,27,
E_00141670_20250710,00141670,2025-07-10,2025-07-14,2025-07-14,2025-07-15,false,3F,3F,302,01,,不明,,自宅,自宅退所,5,4,true,2025-06-11,29,
E_00112027_20250710,00112027,2025-07-10,2025-11-14,2025-11-14,2025-11-15,false,3F,3F,302,04,,不明,,自宅,自宅退所,128,4,true,2025-07-07,3,
E_00161893_20250712,00161893,2025-07-12,2025-07-14,2025-07-14,2025-07-15,false,2F,2F,213,01,,不明,,自宅,自宅退所,3,2,true,2025-06-29,13,
E_00060337_20250712,00060337,2025-07-12,2025-07-23,2025-07-23,2025-07-24,false,2F,2F,221,02,,不明,,自宅,自宅退所,12,4,true,2025-06-18,24,
E_00050154_20250712,00050154,2025-07-12,2025-07-14,2025-07-14,2025-07-15,false,3F,3F,313,01,,不明,,自宅,自宅退所,3,4,true,2025-06-02,40,
E_00149052_20250714,00149052,2025-07-14,2025-07-16,2025-07-16,2025-07-17,false,2F,2F,207,02,,不明,,自宅,自宅退所,3,4,true,2025-06-19,25,
E_00042757_20250714,00042757,2025-07-14,2025-08-07,2025-08-07,2025-08-08,false,2F,2F,207,04,,不明,,自宅,自宅退所,25,2,true,2025-07-10,4,
E_00130963_20250714,00130963,2025-07-14,2025-08-01,2025-08-01,2025-08-02,false,3F,3F,301,01,,不明,,自宅,自宅退所,19,2,true,2025-07-10,4,
E_00102827_20250714,00102827,2025-07-14,2025-07-19,2025-07-19,2025-07-20,false,3F,3F,302,01,,不明,,自宅,自宅退所,6,12,true,2025-07-08,6,
E_00088736_20250714,00088736,2025-07-14,2025-07-18,2025-07-18,2025-07-19,false,3F,3F,313,01,,不明,,自宅,自宅退所,5,2,true,2025-06-13,31,
E_00105798_20250714,00105798,2025-07-14,2025-10-20,2025-10-20,2025-10-21,false,ユニット,ユニット,U-12,01,,不明,,自宅,自宅退所,99,2,true,2025-05-16,59,
E_00051294_20250715,00051294,2025-07-15,2025-12-26,2025-12-26,2025-12-27,false,2F,2F,207,01,,不明,,不明,不明,165,3,true,2025-07-14,1,
E_00114754_20250716,00114754,2025-07-16,2025-07-25,2025-07-25,2025-07-26,false,2F,2F,213,01,,不明,,自宅,自宅退所,10,8,true,2025-07-07,9,
E_00134007_20250716,00134007,2025-07-16,,2026-05-31,,true,2F,2F,200,04,長期,不明,,不明,不明,320,3,true,2025-07-15,1,
E_00142228_20250716,00142228,2025-07-16,2025-07-25,2025-07-25,2025-07-26,false,3F,3F,308,03,,不明,,自宅,自宅退所,10,2,true,2025-07-09,7,
E_00152259_20250716,00152259,2025-07-16,2025-07-18,2025-07-18,2025-07-19,false,ユニット,ユニット,U-8,01,,不明,,自宅,自宅退所,3,2,true,2025-06-25,21,
E_00052434_20250717,00052434,2025-07-17,2025-07-19,2025-07-19,2025-07-20,false,2F,2F,207,02,,不明,,自宅,自宅退所,3,4,true,2025-06-26,21,
E_00121152_20250717,00121152,2025-07-17,2025-08-15,2025-08-15,2025-08-16,false,2F,2F,220,04,,不明,,自宅,自宅退所,30,3,true,2025-07-10,7,
E_00132185_20250717,00132185,2025-07-17,,2026-05-31,,true,3F,3F,312,01,長期,不明,,不明,不明,319,4,true,2025-07-14,3,
E_00141394_20250718,00141394,2025-07-18,2025-07-21,2025-07-21,2025-07-22,false,2F,2F,218,01,,不明,,自宅,自宅退所,4,7,true,2025-06-23,25,
E_00046976_20250718,00046976,2025-07-18,2025-07-25,2025-07-25,2025-07-26,false,ユニット,ユニット,U-10,01,,不明,,自宅,自宅退所,8,4,true,2025-06-16,32,
E_00103521_20250719,00103521,2025-07-19,2025-07-23,2025-07-23,2025-07-24,false,2F,2F,206,04,,不明,,自宅,自宅退所,5,3,true,2025-07-07,12,
E_00147744_20250719,00147744,2025-07-19,2025-10-02,2025-10-02,2025-10-03,false,2F,2F,207,02,,不明,,自宅,自宅退所,76,3,true,2025-07-12,7,
E_00083160_20250719,00083160,2025-07-19,2025-07-22,2025-07-22,2025-07-23,false,3F,3F,303,01,,不明,,自宅,自宅退所,4,9,true,2025-07-09,10,
E_00107995_20250719,00107995,2025-07-19,2025-07-26,2025-07-26,2025-07-27,false,3F,3F,308,01,,不明,,自宅,自宅退所,8,10,true,2025-07-12,7,
E_00148041_20250720,00148041,2025-07-20,2025-08-12,2025-08-12,2025-08-13,false,ユニット,ユニット,U-11,01,,不明,,自宅,自宅退所,24,2,true,2025-07-17,3,
E_00124842_20250721,00124842,2025-07-21,2025-11-13,2025-11-13,2025-11-14,false,2F,2F,205,01,,不明,,自宅,自宅退所,116,3,true,2025-07-17,4,
E_00116523_20250721,00116523,2025-07-21,,2026-05-31,,true,3F,3F,311,01,長期,不明,,不明,不明,315,3,true,2025-07-19,2,
E_00074049_20250722,00074049,2025-07-22,2025-07-29,2025-07-29,2025-07-30,false,2F,2F,203,02,,不明,,自宅,自宅退所,8,8,true,2025-07-10,12,
E_00050154_20250722,00050154,2025-07-22,2025-07-24,2025-07-24,2025-07-25,false,3F,3F,302,01,,不明,,自宅,自宅退所,3,5,true,2025-07-14,8,
E_00088736_20250722,00088736,2025-07-22,2025-09-13,2025-09-13,2025-09-14,false,3F,3F,303,01,,不明,,自宅,自宅退所,54,3,true,2025-07-18,4,
E_00150575_20250723,00150575,2025-07-23,2025-11-07,2025-11-07,2025-11-08,false,2F,2F,218,01,,不明,,自宅,自宅退所,108,3,true,2025-07-18,5,
E_00145463_20250723,00145463,2025-07-23,2025-09-10,2025-09-10,2025-09-11,false,2F,2F,221,02,,不明,,自宅,自宅退所,50,5,true,2025-07-12,11,
E_00113600_20250724,00113600,2025-07-24,,2026-05-31,,true,3F,3F,310,03,長期,不明,,不明,不明,312,4,true,2025-07-22,2,
E_00028837_20250725,00028837,2025-07-25,2025-07-29,2025-07-29,2025-07-30,false,2F,2F,213,01,,不明,,自宅,自宅退所,5,5,true,2025-07-02,23,
E_00102827_20250725,00102827,2025-07-25,2025-07-29,2025-07-29,2025-07-30,false,3F,3F,302,01,,不明,,自宅,自宅退所,5,13,true,2025-07-19,6,
E_00144252_20250725,00144252,2025-07-25,2025-10-14,2025-10-14,2025-10-15,false,ユニット,ユニット,U-10,01,,不明,,自宅,自宅退所,82,2,true,2025-04-01,115,
E_00151132_20250726,00151132,2025-07-26,2025-08-18,2025-08-18,2025-08-19,false,2F,2F,206,04,,不明,,自宅,自宅退所,24,3,true,2025-07-22,4,
E_00154374_20250726,00154374,2025-07-26,2025-07-28,2025-07-28,2025-07-29,false,2F,2F,222,03,,不明,,自宅,自宅退所,3,4,true,2025-06-28,28,
E_00092183_20250728,00092183,2025-07-28,2025-08-01,2025-08-01,2025-08-02,false,2F,2F,222,03,,不明,,不明,不明,5,4,true,2025-06-16,42,
E_00054284_20250729,00054284,2025-07-29,,2026-05-31,,true,3F,3F,310,04,長期,不明,,不明,不明,307,3,true,2025-07-22,7,
E_00142228_20250729,00142228,2025-07-29,2025-08-13,2025-08-13,2025-08-14,false,3F,3F,308,03,,不明,,自宅,自宅退所,16,3,true,2025-07-25,4,
E_00161225_20250730,00161225,2025-07-30,2025-08-03,2025-08-03,2025-08-04,false,2F,2F,201,04,,不明,,自宅,自宅退所,5,2,true,2025-07-21,9,
E_00054209_20250730,00054209,2025-07-30,2025-11-05,2025-11-05,2025-11-06,false,2F,2F,203,02,,不明,,自宅,自宅退所,99,2,true,2025-06-23,37,
E_00114754_20250801,00114754,2025-08-01,2025-08-09,2025-08-09,2025-08-10,false,2F,2F,211,01,,不明,,自宅,自宅退所,9,9,true,2025-07-25,7,
E_00102827_20250801,00102827,2025-08-01,2025-08-04,2025-08-04,2025-08-05,false,3F,3F,302,01,,不明,,自宅,自宅退所,4,14,true,2025-07-29,3,
E_00048877_20250801,00048877,2025-08-01,2025-08-15,2025-08-15,2025-08-16,false,ユニット,ユニット,U-7,01,長期,不明,,2F,施設内移動,15,2,true,2025-07-31,1,
E_00103521_20250802,00103521,2025-08-02,2025-11-03,2025-11-03,2025-11-04,false,2F,2F,205,02,,不明,,自宅,自宅退所,94,4,true,2025-07-23,10,
E_00083160_20250802,00083160,2025-08-02,2025-08-04,2025-08-04,2025-08-05,false,3F,3F,301,01,,不明,,自宅,自宅退所,3,10,true,2025-07-22,11,
E_00130963_20250804,00130963,2025-08-04,2025-08-07,2025-08-07,2025-08-08,false,3F,3F,301,01,,不明,,自宅,自宅退所,4,3,true,2025-08-01,3,
E_00107995_20250804,00107995,2025-08-04,2025-08-09,2025-08-09,2025-08-10,false,3F,3F,301,01,,不明,,自宅,自宅退所,6,11,true,2025-07-26,9,
E_00092936_20250805,00092936,2025-08-05,2025-08-09,2025-08-09,2025-08-10,false,2F,2F,213,01,,不明,,自宅,自宅退所,5,6,true,2025-07-07,29,
E_00074049_20250807,00074049,2025-08-07,2025-08-19,2025-08-19,2025-08-20,false,2F,2F,207,04,,不明,,自宅,自宅退所,13,9,true,2025-07-29,9,
E_00102827_20250807,00102827,2025-08-07,2025-08-09,2025-08-09,2025-08-10,false,3F,3F,306,02,,不明,,自宅,自宅退所,3,15,true,2025-08-04,3,
E_00141394_20250808,00141394,2025-08-08,2025-08-11,2025-08-11,2025-08-12,false,2F,2F,218,02,,不明,,自宅,自宅退所,4,8,true,2025-07-21,18,
E_00028837_20250809,00028837,2025-08-09,2025-08-12,2025-08-12,2025-08-13,false,2F,2F,211,01,,不明,,自宅,自宅退所,4,6,true,2025-07-29,11,
E_00055539_20250809,00055539,2025-08-09,2025-08-14,2025-08-14,2025-08-15,false,2F,2F,222,03,,不明,,自宅,自宅退所,6,2,true,2025-05-07,94,
E_00050154_20250809,00050154,2025-08-09,2025-08-11,2025-08-11,2025-08-12,false,3F,3F,301,01,,不明,,自宅,自宅退所,3,6,true,2025-07-24,16,
E_00081292_20250809,00081292,2025-08-09,2025-08-13,2025-08-13,2025-08-14,false,3F,3F,306,02,,不明,,自宅,自宅退所,5,3,true,2025-07-10,30,
E_00096864_20250809,00096864,2025-08-09,2025-08-16,2025-08-16,2025-08-17,false,3F,3F,312,03,,不明,,自宅,自宅退所,8,5,true,2025-07-17,23,
E_00042757_20250811,00042757,2025-08-11,,2026-05-31,,true,2F,2F,202,01,長期,不明,,不明,不明,294,3,true,2025-08-07,4,
E_00130963_20250811,00130963,2025-08-11,,2026-05-31,,true,3F,3F,301,01,長期,不明,,不明,不明,294,4,true,2025-08-07,4,
E_00152259_20250812,00152259,2025-08-12,2025-08-14,2025-08-14,2025-08-15,false,ユニット,ユニット,U-11,01,,不明,,自宅,自宅退所,3,3,true,2025-07-18,25,
E_00141670_20250813,00141670,2025-08-13,2025-08-16,2025-08-16,2025-08-17,false,3F,3F,306,02,,不明,,自宅,自宅退所,4,5,true,2025-07-14,30,
E_00102827_20250813,00102827,2025-08-13,2025-08-20,2025-08-20,2025-08-21,false,3F,3F,306,01,,不明,,自宅,自宅退所,8,16,true,2025-08-09,4,
E_00114754_20250814,00114754,2025-08-14,2025-08-22,2025-08-22,2025-08-23,false,2F,2F,211,01,,不明,,自宅,自宅退所,9,10,true,2025-08-09,5,
E_00154374_20250814,00154374,2025-08-14,2025-08-16,2025-08-16,2025-08-17,false,2F,2F,222,03,,不明,,自宅,自宅退所,3,5,true,2025-07-28,17,
E_00107995_20250814,00107995,2025-08-14,2025-08-18,2025-08-18,2025-08-19,false,3F,3F,308,03,,不明,,自宅,自宅退所,5,12,true,2025-08-09,5,
E_00148041_20250814,00148041,2025-08-14,,2026-05-31,,true,ユニット,ユニット,U-11,01,長期,不明,,不明,不明,291,3,true,2025-08-12,2,
E_00107616_20250815,00107616,2025-08-15,2025-08-18,2025-08-18,2025-08-19,false,2F,2F,220,04,,不明,,自宅,自宅退所,4,5,true,2025-07-19,27,
E_00048877_20250816,00048877,2025-08-16,,2026-05-31,,true,2F,2F,220,01,長期,不明,,不明,不明,289,3,true,2025-08-15,1,
E_00060337_20250816,00060337,2025-08-16,2025-08-27,2025-08-27,2025-08-28,false,2F,2F,222,03,,不明,,自宅,自宅退所,12,5,true,2025-07-23,24,
E_00054821_20250816,00054821,2025-08-16,2025-09-06,2025-09-06,2025-09-07,false,3F,3F,312,03,,不明,,自宅,自宅退所,22,2,true,2025-08-09,7,
E_00131740_20250817,00131740,2025-08-17,2025-08-20,2025-08-20,2025-08-21,false,ユニット,ユニット,U-8,01,,不明,,自宅,自宅退所,4,3,true,2025-06-28,50,
E_00052434_20250818,00052434,2025-08-18,2025-08-20,2025-08-20,2025-08-21,false,2F,2F,206,04,,不明,,自宅,自宅退所,3,5,true,2025-07-19,30,
E_00060950_20250818,00060950,2025-08-18,2025-08-20,2025-08-20,2025-08-21,false,2F,2F,220,04,,不明,,自宅,自宅退所,3,5,true,2025-07-14,35,
E_00081292_20250818,00081292,2025-08-18,2025-08-20,2025-08-20,2025-08-21,false,3F,3F,306,02,,不明,,自宅,自宅退所,3,4,true,2025-08-13,5,
E_00142228_20250818,00142228,2025-08-18,2025-10-02,2025-10-02,2025-10-03,false,3F,3F,308,03,,不明,,自宅,自宅退所,46,4,true,2025-08-13,5,
E_00149052_20250819,00149052,2025-08-19,2025-08-21,2025-08-21,2025-08-22,false,2F,2F,207,04,,不明,,自宅,自宅退所,3,5,true,2025-07-16,34,
E_00083160_20250820,00083160,2025-08-20,2025-08-23,2025-08-23,2025-08-24,false,3F,3F,306,02,,不明,,自宅,自宅退所,4,11,true,2025-08-04,16,
E_00046976_20250820,00046976,2025-08-20,2025-08-29,2025-08-29,2025-08-30,false,ユニット,ユニット,U-8,01,,不明,,自宅,自宅退所,10,5,true,2025-07-25,26,
E_00151132_20250822,00151132,2025-08-22,2025-12-06,2025-12-06,2025-12-07,false,2F,2F,206,03,,不明,,自宅,自宅退所,107,4,true,2025-08-18,4,
E_00121152_20250822,00121152,2025-08-22,2025-09-25,2025-09-25,2025-09-26,false,2F,2F,207,04,,不明,,自宅,自宅退所,35,4,true,2025-08-15,7,
E_00141394_20250822,00141394,2025-08-22,2025-08-24,2025-08-24,2025-08-25,false,2F,2F,211,01,,不明,,自宅,自宅退所,3,9,true,2025-08-11,11,
E_00152259_20250822,00152259,2025-08-22,2025-08-24,2025-08-24,2025-08-25,false,3F,3F,306,03,,不明,,自宅,自宅退所,3,4,true,2025-08-14,8,
E_00155370_20250823,00155370,2025-08-23,2025-09-13,2025-09-13,2025-09-14,false,2F,2F,205,03,,不明,,自宅,自宅退所,22,4,true,2025-08-16,7,
E_00107995_20250823,00107995,2025-08-23,2025-08-27,2025-08-27,2025-08-28,false,3F,3F,306,02,,不明,,自宅,自宅退所,5,13,true,2025-08-18,5,
E_00092183_20250827,00092183,2025-08-27,2025-09-02,2025-09-02,2025-09-03,false,2F,2F,222,03,,不明,,自宅,自宅退所,7,5,true,2025-08-01,26,
E_00102827_20250827,00102827,2025-08-27,2025-08-29,2025-08-29,2025-08-30,false,3F,3F,306,02,,不明,,自宅,自宅退所,3,17,true,2025-08-20,7,
E_00074049_20250829,00074049,2025-08-29,2025-09-04,2025-09-04,2025-09-05,false,2F,2F,213,01,,不明,,自宅,自宅退所,7,10,true,2025-08-19,10,
E_00081292_20250829,00081292,2025-08-29,2025-09-05,2025-09-05,2025-09-06,false,3F,3F,306,02,,不明,,自宅,自宅退所,8,5,true,2025-08-20,9,
E_00083160_20250829,00083160,2025-08-29,2025-09-01,2025-09-01,2025-09-02,false,3F,3F,310,02,,不明,,自宅,自宅退所,4,12,true,2025-08-23,6,
E_00161893_20250830,00161893,2025-08-30,2025-09-01,2025-09-01,2025-09-02,false,2F,2F,211,01,,不明,,自宅,自宅退所,3,3,true,2025-07-14,47,
E_00107995_20250904,00107995,2025-09-04,2025-09-11,2025-09-11,2025-09-12,false,3F,3F,310,02,,不明,,自宅,自宅退所,8,14,true,2025-08-27,8,
E_00114754_20250905,00114754,2025-09-05,2025-09-16,2025-09-16,2025-09-17,false,2F,2F,211,01,,不明,,自宅,自宅退所,12,11,true,2025-08-22,14,
E_00050154_20250905,00050154,2025-09-05,2025-09-07,2025-09-07,2025-09-08,false,3F,3F,306,01,,不明,,自宅,自宅退所,3,7,true,2025-08-11,25,
E_00102827_20250905,00102827,2025-09-05,2025-09-09,2025-09-09,2025-09-10,false,3F,3F,306,02,,不明,,自宅,自宅退所,5,18,true,2025-08-29,7,
E_00046976_20250905,00046976,2025-09-05,2025-09-16,2025-09-16,2025-09-17,false,ユニット,ユニット,U-8,01,,不明,,自宅,自宅退所,12,6,true,2025-08-29,7,
E_00028837_20250906,00028837,2025-09-06,2025-09-08,2025-09-08,2025-09-09,false,2F,2F,203,01,,不明,,自宅,自宅退所,3,7,true,2025-08-12,25,
E_00096864_20250908,00096864,2025-09-08,2025-09-17,2025-09-17,2025-09-18,false,3F,3F,312,03,,不明,,自宅,自宅退所,10,6,true,2025-08-16,23,
E_00149052_20250909,00149052,2025-09-09,2025-09-11,2025-09-11,2025-09-12,false,2F,2F,203,01,,不明,,自宅,自宅退所,3,6,true,2025-08-21,19,
E_00142443_20250909,00142443,2025-09-09,2025-09-12,2025-09-12,2025-09-13,false,2F,2F,212,01,,不明,,自宅,自宅退所,4,2,true,2025-09-08,1,
E_00144692_20250909,00144692,2025-09-09,2025-10-04,2025-10-04,2025-10-05,false,2F,2F,203,01,,不明,,自宅,自宅退所,26,4,true,2025-09-06,3,
E_00107616_20250910,00107616,2025-09-10,2025-09-16,2025-09-16,2025-09-17,false,2F,2F,201,03,,不明,,自宅,自宅退所,7,6,true,2025-08-18,23,
E_00081292_20250910,00081292,2025-09-10,2025-09-13,2025-09-13,2025-09-14,false,3F,3F,306,02,,不明,,自宅,自宅退所,4,6,true,2025-09-05,5,
E_00060950_20250911,00060950,2025-09-11,2025-09-13,2025-09-13,2025-09-14,false,2F,2F,203,01,,不明,,自宅,自宅退所,3,6,true,2025-08-20,22,
E_00155078_20250912,00155078,2025-09-12,2025-10-07,2025-10-07,2025-10-08,false,2F,2F,217,01,,不明,,自宅,自宅退所,26,4,true,2025-09-09,3,
E_00141670_20250912,00141670,2025-09-12,2025-10-27,2025-10-27,2025-10-28,false,3F,3F,302,03,,不明,,住宅型有料「優楽舎」,施設退所,46,6,true,2025-08-16,27,
E_00083160_20250912,00083160,2025-09-12,2025-09-20,2025-09-20,2025-09-21,false,3F,3F,307,03,,不明,,自宅,自宅退所,9,13,true,2025-09-01,11,
E_00161225_20250913,00161225,2025-09-13,2025-09-15,2025-09-15,2025-09-16,false,2F,2F,203,01,,不明,,自宅,自宅退所,3,3,true,2025-08-03,41,
E_00052434_20250913,00052434,2025-09-13,2025-09-16,2025-09-16,2025-09-17,false,2F,2F,205,03,,不明,,自宅,自宅退所,4,6,true,2025-08-20,24,
E_00102827_20250913,00102827,2025-09-13,2025-09-20,2025-09-20,2025-09-21,false,3F,3F,306,02,,不明,,自宅,自宅退所,8,19,true,2025-09-09,4,
E_00054821_20250913,00054821,2025-09-13,2026-03-21,2026-03-21,2026-03-22,false,3F,3F,312,03,,不明,,住宅型有料,施設退所,190,3,true,2025-09-06,7,
E_00154374_20250915,00154374,2025-09-15,2025-09-17,2025-09-17,2025-09-18,false,2F,2F,221,04,,不明,,自宅,自宅退所,3,6,true,2025-08-16,30,
E_00133246_20250916,00133246,2025-09-16,2026-02-05,2026-02-05,2026-02-06,false,2F,2F,220,02,,不明,,自宅,自宅退所,143,2,true,2025-08-15,32,
E_00074049_20250916,00074049,2025-09-16,2025-09-25,2025-09-25,2025-09-26,false,2F,2F,211,01,,不明,,自宅,自宅退所,10,11,true,2025-09-04,12,
E_00092936_20250916,00092936,2025-09-16,2025-09-20,2025-09-20,2025-09-21,false,2F,2F,211,01,,不明,,自宅,自宅退所,5,7,true,2025-08-09,38,
E_00152259_20250916,00152259,2025-09-16,2025-09-18,2025-09-18,2025-09-19,false,ユニット,ユニット,U-8,01,,不明,,自宅,自宅退所,3,5,true,2025-08-24,23,
E_00134783_20250917,00134783,2025-09-17,2025-09-22,2025-09-22,2025-09-23,false,2F,2F,200,03,,不明,,不明,不明,6,2,true,2025-08-19,29,
E_00148879_20250917,00148879,2025-09-17,2025-10-10,2025-10-10,2025-10-11,false,2F,2F,207,04,,不明,,自宅,自宅退所,24,3,true,2025-09-11,6,
E_00125158_20250917,00125158,2025-09-17,2025-10-08,2025-10-08,2025-10-09,false,2F,2F,221,04,,不明,,自宅,自宅退所,22,4,true,2025-09-12,5,
E_00070078_20250917,00070078,2025-09-17,2025-10-21,2025-10-21,2025-10-22,false,3F,3F,315,01,,不明,,自宅,自宅退所,35,2,true,2025-07-19,60,
E_00042165_20250918,00042165,2025-09-18,2026-01-17,2026-01-17,2026-01-18,false,2F,2F,221,02,,不明,,自宅,自宅退所,122,3,true,2025-07-05,75,
E_00155370_20250920,00155370,2025-09-20,2026-01-17,2026-01-17,2026-01-18,false,2F,2F,205,03,,不明,,自宅,自宅退所,120,5,true,2025-09-13,7,
E_00081292_20250920,00081292,2025-09-20,,2026-05-31,,true,3F,3F,306,02,長期,不明,,不明,不明,254,7,true,2025-09-13,7,
E_00107995_20250920,00107995,2025-09-20,2025-09-29,2025-09-29,2025-09-30,false,3F,3F,310,02,,不明,,自宅,自宅退所,10,15,true,2025-09-11,9,
E_00141394_20250920,00141394,2025-09-20,2025-09-22,2025-09-22,2025-09-23,false,ユニット,ユニット,U-8,01,,不明,,自宅,自宅退所,3,10,true,2025-08-24,27,
E_00145463_20250922,00145463,2025-09-22,2025-09-26,2025-09-26,2025-09-27,false,2F,2F,200,03,,不明,,自宅,自宅退所,5,6,true,2025-09-10,12,
E_00050154_20250923,00050154,2025-09-23,2025-09-24,2025-09-24,2025-09-25,false,3F,3F,307,03,,不明,,自宅,自宅退所,2,8,true,2025-09-07,16,
E_00102827_20250924,00102827,2025-09-24,2025-09-27,2025-09-27,2025-09-28,false,3F,3F,307,03,,不明,,自宅,自宅退所,4,20,true,2025-09-20,4,
E_00150658_20250926,00150658,2025-09-26,2025-10-17,2025-10-17,2025-10-18,false,2F,2F,200,03,,不明,,自宅,自宅退所,22,3,true,2025-09-19,7,
E_00114754_20250926,00114754,2025-09-26,2025-10-02,2025-10-02,2025-10-03,false,2F,2F,211,01,,不明,,自宅,自宅退所,7,12,true,2025-09-16,10,
E_00142443_20250926,00142443,2025-09-26,2026-04-24,2026-04-24,2026-04-25,false,2F,2F,202,03,,不明,,自宅,自宅退所,211,3,true,2025-09-12,14,
E_00161225_20250927,00161225,2025-09-27,2025-12-20,2025-12-20,2025-12-21,false,2F,2F,201,03,,不明,,自宅,自宅退所,85,4,true,2025-09-15,12,
E_00161893_20250927,00161893,2025-09-27,2025-09-29,2025-09-29,2025-09-30,false,2F,2F,221,03,,不明,,自宅,自宅退所,3,4,true,2025-09-01,26,
E_00083160_20250927,00083160,2025-09-27,2025-10-04,2025-10-04,2025-10-05,false,3F,3F,308,03,,不明,,自宅,自宅退所,8,14,true,2025-09-20,7,
E_00141394_20250927,00141394,2025-09-27,2025-09-29,2025-09-29,2025-09-30,false,ユニット,ユニット,U-8,01,,不明,,自宅,自宅退所,3,11,true,2025-09-22,5,
E_00062378_20250929,00062378,2025-09-29,2025-10-29,2025-10-29,2025-10-30,false,2F,2F,220,04,,不明,,不明,不明,31,2,true,2025-08-23,37,
E_00092183_20250929,00092183,2025-09-29,2025-10-03,2025-10-03,2025-10-04,false,2F,2F,222,04,,不明,,自宅,自宅退所,5,6,true,2025-09-02,27,
E_00088736_20250929,00088736,2025-09-29,2025-10-04,2025-10-04,2025-10-05,false,3F,3F,303,01,,不明,,自宅,自宅退所,6,4,true,2025-09-13,16,
E_00152259_20250929,00152259,2025-09-29,2025-10-01,2025-10-01,2025-10-02,false,ユニット,ユニット,U-8,01,,不明,,自宅,自宅退所,3,6,true,2025-09-18,11,
E_00121152_20251001,00121152,2025-10-01,2025-10-20,2025-10-20,2025-10-21,false,2F,2F,202,03,,不明,,不明,不明,20,5,true,2025-09-25,6,
E_00055204_20251001,00055204,2025-10-01,2025-10-01,2025-10-01,2025-10-02,false,ユニット,ユニット,U-1,01,短期,不明,,自宅,自宅退所,1,2,true,2025-05-24,130,
E_00107616_20251002,00107616,2025-10-02,2025-10-06,2025-10-06,2025-10-07,false,2F,2F,207,02,,不明,,自宅,自宅退所,5,7,true,2025-09-16,16,
E_00074049_20251002,00074049,2025-10-02,2025-10-09,2025-10-09,2025-10-10,false,2F,2F,211,01,,不明,,自宅,自宅退所,8,12,true,2025-09-25,7,
E_00134463_20251002,00134463,2025-10-02,2025-10-21,2025-10-21,2025-10-22,false,ユニット,ユニット,U-1,01,,不明,,自宅,自宅退所,20,4,true,2025-09-27,5,
E_00145463_20251003,00145463,2025-10-03,2025-10-15,2025-10-15,2025-10-16,false,2F,2F,222,04,,不明,,自宅,自宅退所,13,7,true,2025-09-26,7,
E_00102827_20251003,00102827,2025-10-03,2025-10-07,2025-10-07,2025-10-08,false,3F,3F,307,03,,不明,,自宅,自宅退所,5,21,true,2025-09-27,6,
E_00096864_20251004,00096864,2025-10-04,2025-10-14,2025-10-14,2025-10-15,false,3F,3F,307,03,,不明,,自宅,自宅退所,11,7,true,2025-09-17,17,
E_00107995_20251004,00107995,2025-10-04,2025-10-23,2025-10-23,2025-10-24,false,3F,3F,308,03,,不明,,自宅,自宅退所,20,16,true,2025-09-29,5,
E_00149052_20251006,00149052,2025-10-06,2025-10-08,2025-10-08,2025-10-09,false,2F,2F,207,02,,不明,,自宅,自宅退所,3,7,true,2025-09-11,25,
E_00144692_20251007,00144692,2025-10-07,,2026-05-31,,true,2F,2F,207,03,長期,不明,,不明,不明,237,5,true,2025-10-04,3,
E_00028837_20251007,00028837,2025-10-07,2025-10-09,2025-10-09,2025-10-10,false,2F,2F,217,01,,不明,,自宅,自宅退所,3,8,true,2025-09-08,29,
E_00142228_20251008,00142228,2025-10-08,2025-10-17,2025-10-17,2025-10-18,false,3F,3F,311,02,,不明,,不明,不明,10,5,true,2025-10-02,6,
E_00147744_20251009,00147744,2025-10-09,2025-10-23,2025-10-23,2025-10-24,false,2F,2F,207,02,,不明,,自宅,自宅退所,15,4,true,2025-10-02,7,
E_00081906_20251009,00081906,2025-10-09,2025-10-11,2025-10-11,2025-10-12,false,2F,2F,221,04,,不明,,自宅,自宅退所,3,2,true,2025-08-08,62,
E_00094866_20251009,00094866,2025-10-09,,2026-05-31,,true,3F,3F,301,04,長期,不明,,不明,不明,235,2,true,2025-07-11,90,
E_00141394_20251010,00141394,2025-10-10,2025-10-13,2025-10-13,2025-10-14,false,2F,2F,207,04,,不明,,自宅,自宅退所,4,12,true,2025-09-29,11,
E_00155078_20251010,00155078,2025-10-10,2026-01-09,2026-01-09,2026-01-10,false,2F,2F,217,01,,不明,,自宅,自宅退所,92,5,true,2025-10-07,3,
E_00114754_20251011,00114754,2025-10-11,2025-10-14,2025-10-14,2025-10-15,false,2F,2F,211,01,,不明,,自宅,自宅退所,4,13,true,2025-10-02,9,
E_00154374_20251011,00154374,2025-10-11,2025-10-13,2025-10-13,2025-10-14,false,2F,2F,221,04,,不明,,自宅,自宅退所,3,7,true,2025-09-17,24,
E_00143482_20251013,00143482,2025-10-13,2025-10-16,2025-10-16,2025-10-17,false,2F,2F,212,01,,不明,,自宅,自宅退所,4,2,true,2025-09-09,34,
E_00137071_20251013,00137071,2025-10-13,2025-11-01,2025-11-01,2025-11-02,false,2F,3F,311,02,,不明,,不明,不明,20,2,true,2025-10-10,3,
E_00125158_20251013,00125158,2025-10-13,2026-01-16,2026-01-16,2026-01-17,false,2F,2F,221,01,,不明,,自宅,自宅退所,96,5,true,2025-10-08,5,
E_00092936_20251014,00092936,2025-10-14,2025-10-14,2025-10-14,2025-10-15,false,2F,2F,211,01,,不明,,自宅,自宅退所,1,8,true,2025-09-20,24,
E_00134783_20251014,00134783,2025-10-14,2025-10-21,2025-10-21,2025-10-22,false,2F,2F,222,01,,不明,,不明,不明,8,3,true,2025-09-22,22,
E_00083160_20251014,00083160,2025-10-14,2025-10-21,2025-10-21,2025-10-22,false,3F,3F,301,02,,不明,,自宅,自宅退所,8,15,true,2025-10-04,10,
E_00102827_20251014,00102827,2025-10-14,2025-10-22,2025-10-22,2025-10-23,false,3F,3F,307,03,,不明,,不明,不明,9,22,true,2025-10-07,7,
E_00152259_20251014,00152259,2025-10-14,2025-10-16,2025-10-16,2025-10-17,false,ユニット,ユニット,U-10,01,,不明,,自宅,自宅退所,3,7,true,2025-10-01,13,
E_00148879_20251015,00148879,2025-10-15,,2026-05-31,,true,2F,2F,212,01,長期,不明,,不明,不明,229,4,true,2025-10-10,5,
E_00161893_20251017,00161893,2025-10-17,2025-10-19,2025-10-19,2025-10-20,false,2F,2F,211,01,,不明,,自宅,自宅退所,3,5,true,2025-09-29,18,
E_00114754_20251018,00114754,2025-10-18,2025-10-27,2025-10-27,2025-10-28,false,2F,2F,212,01,,不明,,自宅,自宅退所,10,14,true,2025-10-14,4,
E_00159362_20251018,00159362,2025-10-18,2025-11-11,2025-11-11,2025-11-12,false,2F,2F,222,04,,不明,,自宅,自宅退所,25,2,true,2025-10-14,4,
E_00131740_20251019,00131740,2025-10-19,2025-10-26,2025-10-26,2025-10-27,false,ユニット,ユニット,U-6,01,,不明,,自宅,自宅退所,8,4,true,2025-08-20,60,
E_00074049_20251021,00074049,2025-10-21,2025-10-30,2025-10-30,2025-10-31,false,2F,2F,202,03,,不明,,自宅,自宅退所,10,13,true,2025-10-09,12,
E_00121152_20251021,00121152,2025-10-21,2026-04-09,2026-04-09,2026-04-10,false,2F,2F,207,03,,不明,,不明,不明,171,6,true,2025-10-20,1,
E_00145463_20251023,00145463,2025-10-23,2025-12-10,2025-12-10,2025-12-11,false,2F,2F,222,01,,不明,,自宅,自宅退所,49,8,true,2025-10-15,8,
E_00102827_20251023,00102827,2025-10-23,2025-12-09,2025-12-09,2025-12-10,false,3F,3F,307,03,,不明,,不明,不明,48,23,true,2025-10-22,1,
E_00141394_20251024,00141394,2025-10-24,2025-10-27,2025-10-27,2025-10-28,false,2F,2F,207,02,,不明,,自宅,自宅退所,4,13,true,2025-10-13,11,
E_00150658_20251024,00150658,2025-10-24,,2026-05-31,,true,2F,2F,221,03,長期,不明,,不明,不明,220,4,true,2025-10-17,7,
E_00142228_20251024,00142228,2025-10-24,2025-11-04,2025-11-04,2025-11-05,false,3F,3F,310,01,,不明,,自宅,自宅退所,12,6,true,2025-10-17,7,
E_00146240_20251027,00146240,2025-10-27,2026-02-05,2026-02-05,2026-02-06,false,2F,2F,208,02,,不明,,自宅,自宅退所,102,3,true,2025-09-15,42,
E_00152259_20251027,00152259,2025-10-27,2025-10-29,2025-10-29,2025-10-30,false,ユニット,ユニット,U-6,01,,不明,,自宅,自宅退所,3,8,true,2025-10-16,11,
E_00134463_20251028,00134463,2025-10-28,,2026-05-31,,true,ユニット,ユニット,U-1,01,長期,不明,,不明,不明,216,5,true,2025-10-21,7,
E_00143482_20251029,00143482,2025-10-29,2025-11-03,2025-11-03,2025-11-04,false,2F,2F,211,01,,不明,,自宅,自宅退所,6,3,true,2025-10-16,13,
E_00055204_20251029,00055204,2025-10-29,2025-11-02,2025-11-02,2025-11-03,false,ユニット,ユニット,U-6,01,,不明,,自宅,自宅退所,5,3,true,2025-10-01,28,
E_00092183_20251031,00092183,2025-10-31,2025-11-04,2025-11-04,2025-11-05,false,2F,2F,200,03,,不明,,自宅,自宅退所,5,7,true,2025-10-03,28,
E_00082806_20251101,00082806,2025-11-01,2026-01-15,2026-01-15,2026-01-16,false,2F,2F,220,03,,不明,,住宅型有料「つつじが岡」,施設退所,76,2,true,2025-10-31,1,
E_00107995_20251101,00107995,2025-11-01,2025-11-08,2025-11-08,2025-11-09,false,3F,3F,308,03,,不明,,自宅,自宅退所,8,17,true,2025-10-23,9,
E_00083160_20251101,00083160,2025-11-01,2025-11-10,2025-11-10,2025-11-11,false,3F,3F,310,01,,不明,,自宅,自宅退所,10,16,true,2025-10-21,11,
E_00137071_20251103,00137071,2025-11-03,2025-11-14,2025-11-14,2025-11-15,false,3F,3F,311,02,,不明,,自宅,自宅退所,12,3,true,2025-11-01,2,
E_00147744_20251104,00147744,2025-11-04,2025-11-13,2025-11-13,2025-11-14,false,2F,2F,205,02,,不明,,不明,不明,10,5,true,2025-10-23,12,
E_00114754_20251104,00114754,2025-11-04,2025-11-08,2025-11-08,2025-11-09,false,2F,2F,215,01,,不明,,自宅,自宅退所,5,15,true,2025-10-27,8,
E_00160020_20251104,00160020,2025-11-04,,2026-05-31,,true,3F,3F,313,01,長期,不明,,不明,不明,209,2,true,2025-11-03,1,
E_00060950_20251105,00060950,2025-11-05,2025-11-08,2025-11-08,2025-11-09,false,2F,2F,203,02,,不明,,自宅,自宅退所,4,7,true,2025-09-13,53,
E_00074049_20251106,00074049,2025-11-06,2025-11-13,2025-11-13,2025-11-14,false,2F,2F,207,04,,不明,,自宅,自宅退所,8,14,true,2025-10-30,7,
E_00141394_20251108,00141394,2025-11-08,2025-11-10,2025-11-10,2025-11-11,false,2F,2F,203,02,,不明,,自宅,自宅退所,3,14,true,2025-10-27,12,
E_00146793_20251108,00146793,2025-11-08,2025-11-15,2025-11-15,2025-11-16,false,2F,2F,203,04,,不明,,自宅,自宅退所,8,5,true,2025-11-01,7,
E_00143482_20251108,00143482,2025-11-08,2025-11-12,2025-11-12,2025-11-13,false,2F,2F,218,01,,不明,,自宅,自宅退所,5,4,true,2025-11-03,5,
E_00152259_20251108,00152259,2025-11-08,2025-11-10,2025-11-10,2025-11-11,false,ユニット,ユニット,U-8,01,,不明,,自宅,自宅退所,3,9,true,2025-10-29,10,
E_00103521_20251109,00103521,2025-11-09,2025-11-23,2025-11-23,2025-11-24,false,2F,2F,220,03,,不明,,自宅,自宅退所,15,5,true,2025-11-03,6,
E_00142228_20251110,00142228,2025-11-10,2025-11-17,2025-11-17,2025-11-18,false,3F,3F,308,03,,不明,,不明,不明,8,7,true,2025-11-04,6,
E_00096864_20251110,00096864,2025-11-10,2025-11-15,2025-11-15,2025-11-16,false,3F,3F,310,01,,不明,,自宅,自宅退所,6,8,true,2025-10-14,27,
E_00092936_20251111,00092936,2025-11-11,2025-11-15,2025-11-15,2025-11-16,false,2F,2F,213,01,,不明,,自宅,自宅退所,5,9,true,2025-10-14,28,
E_00114754_20251111,00114754,2025-11-11,2025-11-14,2025-11-14,2025-11-15,false,2F,2F,215,01,,不明,,自宅,自宅退所,4,16,true,2025-11-08,3,
E_00134783_20251111,00134783,2025-11-11,2025-11-15,2025-11-15,2025-11-16,false,2F,2F,222,04,,不明,,不明,不明,5,4,true,2025-10-21,21,
E_00150575_20251112,00150575,2025-11-12,2025-12-05,2025-12-05,2025-12-06,false,2F,2F,218,01,,不明,,自宅,自宅退所,24,4,true,2025-11-07,5,
E_00083160_20251113,00083160,2025-11-13,2025-11-18,2025-11-18,2025-11-19,false,3F,3F,306,03,,不明,,自宅,自宅退所,6,17,true,2025-11-10,3,
E_00135729_20251113,00135729,2025-11-13,2025-11-19,2025-11-19,2025-11-20,false,ユニット,ユニット,U-6,01,,不明,,自宅,自宅退所,7,2,true,2025-10-27,17,
E_00147744_20251114,00147744,2025-11-14,2026-02-12,2026-02-12,2026-02-13,false,2F,2F,205,02,,不明,,不明,不明,91,6,true,2025-11-13,1,
E_00121839_20251114,00121839,2025-11-14,2025-11-17,2025-11-17,2025-11-18,false,2F,2F,215,01,,不明,,自宅,自宅退所,4,4,true,2025-10-08,37,
E_00107995_20251114,00107995,2025-11-14,2025-11-18,2025-11-18,2025-11-19,false,3F,3F,308,03,,不明,,自宅,自宅退所,5,18,true,2025-11-08,6,
E_00100859_20251114,00100859,2025-11-14,2025-11-21,2025-11-21,2025-11-22,false,3F,3F,311,02,,不明,,自宅,自宅退所,8,5,true,2025-07-05,132,
E_00159362_20251115,00159362,2025-11-15,2025-12-09,2025-12-09,2025-12-10,false,2F,2F,222,02,長期,不明,,併設病院,病院退所,25,3,true,2025-11-11,4,
E_00143482_20251115,00143482,2025-11-15,2025-11-22,2025-11-22,2025-11-23,false,2F,2F,210,01,,不明,,自宅,自宅退所,8,5,true,2025-11-12,3,
E_00162769_20251116,00162769,2025-11-16,2025-11-18,2025-11-18,2025-11-19,false,2F,2F,222,04,,不明,,自宅,自宅退所,3,2,true,2025-10-24,23,
E_00137071_20251116,00137071,2025-11-16,,2026-05-31,,true,3F,3F,310,01,長期,不明,,不明,不明,197,4,true,2025-11-14,2,
E_00149052_20251117,00149052,2025-11-17,2025-11-19,2025-11-19,2025-11-20,false,2F,2F,203,04,,不明,,自宅,自宅退所,3,8,true,2025-10-08,40,
E_00124842_20251117,00124842,2025-11-17,2025-12-11,2025-12-11,2025-12-12,false,2F,2F,205,01,,不明,,自宅,自宅退所,25,4,true,2025-11-13,4,
E_00052434_20251117,00052434,2025-11-17,2025-11-19,2025-11-19,2025-11-20,false,2F,2F,207,04,,不明,,自宅,自宅退所,3,7,true,2025-09-16,62,
E_00112027_20251117,00112027,2025-11-17,2025-11-27,2025-11-27,2025-11-28,false,3F,3F,302,04,,不明,,自宅,自宅退所,11,5,true,2025-11-14,3,
E_00132208_20251117,00132208,2025-11-17,2025-12-11,2025-12-11,2025-12-12,false,3F,3F,307,01,,不明,,自宅,自宅退所,25,2,true,2025-11-13,4,
E_00094530_20251117,00094530,2025-11-17,2026-05-08,2026-05-08,2026-05-09,false,ユニット,ユニット,U-10,01,,不明,,善衆会Hsp,不明,173,5,true,2025-10-15,33,
E_00107616_20251118,00107616,2025-11-18,2025-11-22,2025-11-22,2025-11-23,false,2F,2F,203,02,,不明,,自宅,自宅退所,5,8,true,2025-10-06,43,
E_00154234_20251118,00154234,2025-11-18,2025-11-20,2025-11-20,2025-11-21,false,2F,2F,205,02,,不明,,自宅,自宅退所,3,2,true,2025-08-20,90,
E_00118090_20251119,00118090,2025-11-19,2025-12-13,2025-12-13,2025-12-14,false,2F,2F,208,04,,不明,,自宅,自宅退所,25,4,true,2025-11-15,4,
E_00152259_20251119,00152259,2025-11-19,2025-11-21,2025-11-21,2025-11-22,false,ユニット,ユニット,U-8,01,,不明,,自宅,自宅退所,3,10,true,2025-11-10,9,
E_00074049_20251120,00074049,2025-11-20,2025-12-11,2025-12-11,2025-12-12,false,2F,2F,203,04,,不明,,自宅,自宅退所,22,15,true,2025-11-13,7,
E_00114754_20251121,00114754,2025-11-21,2025-11-29,2025-11-29,2025-11-30,false,2F,2F,215,01,,不明,,自宅,自宅退所,9,17,true,2025-11-14,7,
E_00050154_20251121,00050154,2025-11-21,2025-11-22,2025-11-22,2025-11-23,false,3F,3F,306,03,,不明,,自宅,自宅退所,2,9,true,2025-09-24,58,
E_00142228_20251121,00142228,2025-11-21,2025-11-28,2025-11-28,2025-11-29,false,3F,3F,302,03,,不明,,不明,不明,8,8,true,2025-11-17,4,
E_00046976_20251121,00046976,2025-11-21,2025-11-28,2025-11-28,2025-11-29,false,ユニット,ユニット,U-8,01,,不明,,自宅,自宅退所,8,7,true,2025-09-16,66,
E_00141394_20251122,00141394,2025-11-22,2025-11-24,2025-11-24,2025-11-25,false,2F,2F,203,02,,不明,,自宅,自宅退所,3,15,true,2025-11-10,12,
E_00146793_20251122,00146793,2025-11-22,2025-11-29,2025-11-29,2025-11-30,false,2F,2F,207,04,,不明,,自宅,自宅退所,8,6,true,2025-11-15,7,
E_00107995_20251122,00107995,2025-11-22,2025-11-25,2025-11-25,2025-11-26,false,3F,3F,306,03,,不明,,自宅,自宅退所,4,19,true,2025-11-18,4,
E_00096466_20251122,00096466,2025-11-22,2025-12-06,2025-12-06,2025-12-07,false,3F,3F,311,02,,不明,,自宅,自宅退所,15,8,true,2025-11-17,5,
E_00081906_20251124,00081906,2025-11-24,2025-11-26,2025-11-26,2025-11-27,false,2F,2F,222,04,,不明,,自宅,自宅退所,3,3,true,2025-10-11,44,
E_00154078_20251126,00154078,2025-11-26,2025-12-01,2025-12-01,2025-12-02,false,2F,2F,208,03,,不明,,自宅,自宅退所,6,4,true,2025-06-16,163,
E_00154374_20251126,00154374,2025-11-26,2025-11-28,2025-11-28,2025-11-29,false,2F,2F,222,04,,不明,,自宅,自宅退所,3,8,true,2025-10-13,44,
E_00149982_20251126,00149982,2025-11-26,2026-03-29,2026-03-29,2026-03-30,false,3F,3F,310,01,,不明,,不明,不明,124,2,true,2025-11-25,1,
E_00092183_20251128,00092183,2025-11-28,2025-12-03,2025-12-03,2025-12-04,false,2F,2F,222,04,,不明,,自宅,自宅退所,6,8,true,2025-11-04,24,
E_00135729_20251128,00135729,2025-11-28,2025-12-10,2025-12-10,2025-12-11,false,ユニット,ユニット,U-6,01,,不明,,自宅,自宅退所,13,3,true,2025-11-19,9,
E_00143482_20251130,00143482,2025-11-30,2025-12-06,2025-12-06,2025-12-07,false,2F,2F,210,01,,不明,,自宅,自宅退所,7,6,true,2025-11-22,8,
E_00154926_20251201,00154926,2025-12-01,2026-02-28,2026-02-28,2026-03-01,false,2F,2F,203,02,,不明,,自宅,自宅退所,90,2,true,2025-09-30,62,
E_00107616_20251201,00107616,2025-12-01,2025-12-05,2025-12-05,2025-12-06,false,2F,2F,207,04,,不明,,自宅,自宅退所,5,9,true,2025-11-22,9,
E_00069873_20251201,00069873,2025-12-01,2025-12-17,2025-12-17,2025-12-18,false,2F,2F,208,03,,不明,,不明,不明,17,3,true,2025-11-24,7,
E_00112027_20251201,00112027,2025-12-01,2025-12-15,2025-12-15,2025-12-16,false,3F,3F,302,04,,不明,,自宅,自宅退所,15,6,true,2025-11-27,4,
E_00107995_20251202,00107995,2025-12-02,2025-12-04,2025-12-04,2025-12-05,false,3F,3F,308,03,,不明,,自宅,自宅退所,3,20,true,2025-11-25,7,
E_00081906_20251203,00081906,2025-12-03,2025-12-05,2025-12-05,2025-12-06,false,2F,2F,200,02,,不明,,自宅,自宅退所,3,4,true,2025-11-26,7,
E_00142228_20251203,00142228,2025-12-03,2026-04-11,2026-04-11,2026-04-12,false,3F,3F,308,04,,不明,,不明,不明,130,9,true,2025-11-28,5,
E_00136387_20251204,00136387,2025-12-04,2026-01-10,2026-01-10,2026-01-11,false,ユニット,ユニット,U-10,01,,不明,,自宅,自宅退所,38,2,true,2025-12-02,2,
E_00114754_20251205,00114754,2025-12-05,2025-12-16,2025-12-16,2025-12-17,false,2F,2F,215,01,,不明,,自宅,自宅退所,12,18,true,2025-11-29,6,
E_00146793_20251206,00146793,2025-12-06,2026-02-16,2026-02-16,2026-02-17,false,2F,2F,206,03,,不明,,自宅,自宅退所,73,7,true,2025-11-29,7,
E_00103521_20251206,00103521,2025-12-06,2026-03-22,2026-03-22,2026-03-23,false,2F,2F,207,04,,不明,,自宅,自宅退所,107,6,true,2025-11-23,13,
E_00096864_20251206,00096864,2025-12-06,2025-12-12,2025-12-12,2025-12-13,false,3F,3F,308,03,,不明,,自宅,自宅退所,7,9,true,2025-11-15,21,
E_00152259_20251206,00152259,2025-12-06,2025-12-08,2025-12-08,2025-12-09,false,ユニット,ユニット,U-8,01,,不明,,自宅,自宅退所,3,11,true,2025-11-21,15,
E_00150575_20251209,00150575,2025-12-09,2026-04-12,2026-04-12,2026-04-13,false,2F,2F,218,01,,不明,,自宅,自宅退所,125,5,true,2025-12-05,4,
E_00142642_20251209,00142642,2025-12-09,2026-01-16,2026-01-16,2026-01-17,false,2F,2F,206,02,,不明,,不明,不明,39,2,true,2025-12-08,1,
E_00151132_20251210,00151132,2025-12-10,2026-01-03,2026-01-03,2026-01-04,false,2F,2F,203,03,,不明,,自宅,自宅退所,25,5,true,2025-12-06,4,
E_00143482_20251210,00143482,2025-12-10,2025-12-13,2025-12-13,2025-12-14,false,2F,2F,210,01,,不明,,自宅,自宅退所,4,7,true,2025-12-06,4,
E_00050154_20251210,00050154,2025-12-10,2025-12-15,2025-12-15,2025-12-16,false,3F,3F,307,01,,不明,,自宅,自宅退所,6,10,true,2025-11-22,18,
E_00144252_20251210,00144252,2025-12-10,2026-04-15,2026-04-15,2026-04-16,false,ユニット,ユニット,U-12,01,,不明,,自宅,自宅退所,127,3,true,2025-10-14,57,
E_00054209_20251211,00054209,2025-12-11,2026-03-07,2026-03-07,2026-03-08,false,2F,2F,203,04,,不明,,自宅,自宅退所,87,3,true,2025-11-05,36,
E_00149052_20251211,00149052,2025-12-11,2025-12-13,2025-12-13,2025-12-14,false,2F,2F,205,01,,不明,,自宅,自宅退所,3,9,true,2025-11-19,22,
E_00154374_20251211,00154374,2025-12-11,2025-12-13,2025-12-13,2025-12-14,false,2F,2F,222,01,,不明,,自宅,自宅退所,3,9,true,2025-11-28,13,
E_00107995_20251211,00107995,2025-12-11,2025-12-18,2025-12-18,2025-12-19,false,3F,3F,302,03,,不明,,自宅,自宅退所,8,21,true,2025-12-04,7,
E_00096466_20251212,00096466,2025-12-12,2025-12-15,2025-12-15,2025-12-16,false,3F,3F,308,03,,不明,,自宅,自宅退所,4,9,true,2025-12-06,6,
E_00052434_20251213,00052434,2025-12-13,2025-12-15,2025-12-15,2025-12-16,false,2F,2F,201,01,,不明,,自宅,自宅退所,3,8,true,2025-11-19,24,
E_00129630_20251213,00129630,2025-12-13,2025-12-15,2025-12-15,2025-12-16,false,2F,2F,205,01,,不明,,自宅,自宅退所,3,5,true,2025-12-10,3,
E_00134783_20251213,00134783,2025-12-13,2025-12-16,2025-12-16,2025-12-17,false,2F,2F,208,04,,不明,,不明,不明,4,5,true,2025-11-15,28,
E_00135729_20251213,00135729,2025-12-13,2025-12-18,2025-12-18,2025-12-19,false,ユニット,ユニット,U-8,01,,不明,,自宅,自宅退所,6,4,true,2025-12-10,3,
E_00146225_20251215,00146225,2025-12-15,2026-01-09,2026-01-09,2026-01-10,false,2F,2F,215,01,,不明,,自宅,自宅退所,26,2,true,2025-12-12,3,
E_00124842_20251215,00124842,2025-12-15,2026-03-12,2026-03-12,2026-03-13,false,2F,2F,205,01,,不明,,自宅,自宅退所,88,5,true,2025-12-11,4,
E_00159362_20251215,00159362,2025-12-15,,2026-05-31,,true,2F,2F,222,02,長期,不明,,不明,不明,168,4,true,2025-12-09,6,
E_00102827_20251215,00102827,2025-12-15,2025-12-19,2025-12-19,2025-12-20,false,3F,3F,302,04,,不明,,自宅,自宅退所,5,24,true,2025-12-09,6,
E_00083160_20251215,00083160,2025-12-15,2025-12-22,2025-12-22,2025-12-23,false,3F,3F,306,03,,不明,,自宅,自宅退所,8,18,true,2025-11-18,27,
E_00132208_20251215,00132208,2025-12-15,2026-01-13,2026-01-13,2026-01-14,false,3F,3F,307,01,,不明,,鶴谷Hsp,不明,30,3,true,2025-12-11,4,
E_00118090_20251216,00118090,2025-12-16,2026-04-11,2026-04-11,2026-04-12,false,2F,2F,208,04,,不明,,自宅,自宅退所,117,5,true,2025-12-13,3,
E_00092936_20251216,00092936,2025-12-16,2025-12-20,2025-12-20,2025-12-21,false,2F,2F,215,01,,不明,,自宅,自宅退所,5,10,true,2025-11-15,31,
E_00154234_20251216,00154234,2025-12-16,2025-12-18,2025-12-18,2025-12-19,false,2F,2F,218,02,,不明,,自宅,自宅退所,3,3,true,2025-11-20,26,
E_00027925_20251217,00027925,2025-12-17,2026-01-11,2026-01-11,2026-01-12,false,3F,3F,301,03,,不明,,自宅,自宅退所,26,2,true,2025-12-14,3,
E_00069873_20251218,00069873,2025-12-18,2026-02-22,2026-02-22,2026-02-23,false,2F,2F,213,01,,不明,,不明,不明,67,4,true,2025-12-17,1,
E_00143482_20251218,00143482,2025-12-18,2025-12-27,2025-12-27,2025-12-28,false,2F,2F,218,02,,不明,,自宅,自宅退所,10,8,true,2025-12-13,5,
E_00074049_20251218,00074049,2025-12-18,2025-12-25,2025-12-25,2025-12-26,false,2F,2F,201,03,,不明,,自宅,自宅退所,8,16,true,2025-12-11,7,
E_00096466_20251218,00096466,2025-12-18,,2026-05-31,,true,3F,3F,311,02,長期,不明,,不明,不明,165,10,true,2025-12-15,3,
E_00152259_20251218,00152259,2025-12-18,2025-12-20,2025-12-20,2025-12-21,false,ユニット,ユニット,U-8,01,,不明,,自宅,自宅退所,3,12,true,2025-12-08,10,
E_00112027_20251219,00112027,2025-12-19,2026-03-22,2026-03-22,2026-03-23,false,3F,3F,302,04,,不明,,死亡,死亡退所,94,7,true,2025-12-15,4,
E_00114754_20251220,00114754,2025-12-20,2025-12-23,2025-12-23,2025-12-24,false,2F,2F,215,01,,不明,,自宅,自宅退所,4,19,true,2025-12-16,4,
E_00141394_20251220,00141394,2025-12-20,2025-12-22,2025-12-22,2025-12-23,false,2F,2F,218,02,,不明,,自宅,自宅退所,3,16,true,2025-11-24,26,
E_00046976_20251220,00046976,2025-12-20,2025-12-31,2025-12-31,2026-01-01,false,ユニット,ユニット,U-8,01,,不明,,自宅,自宅退所,12,8,true,2025-11-28,22,
E_00092183_20251222,00092183,2025-12-22,2025-12-27,2025-12-27,2025-12-28,false,2F,2F,200,03,,不明,,自宅,自宅退所,6,9,true,2025-12-03,19,
E_00145463_20251222,00145463,2025-12-22,2026-01-08,2026-01-08,2026-01-09,false,2F,2F,222,01,,不明,,自宅,自宅退所,18,9,true,2025-12-10,12,
E_00107995_20251222,00107995,2025-12-22,2025-12-27,2025-12-27,2025-12-28,false,3F,3F,308,01,,不明,,自宅,自宅退所,6,22,true,2025-12-18,4,
E_00100859_20251222,00100859,2025-12-22,2025-12-25,2025-12-25,2025-12-26,false,3F,3F,308,01,,不明,,自宅,自宅退所,4,6,true,2025-11-21,31,
E_00060950_20251223,00060950,2025-12-23,2025-12-27,2025-12-27,2025-12-28,false,2F,2F,213,01,,不明,,自宅,自宅退所,5,8,true,2025-11-08,45,
E_00112713_20251223,00112713,2025-12-23,2026-03-24,2026-03-24,2026-03-25,false,2F,2F,201,03,,不明,,不明,不明,92,2,true,2025-11-23,30,
E_00021571_20251225,00021571,2025-12-25,,2026-05-31,,true,2F,3F,308,03,長期,不明,,不明,不明,158,2,true,2025-11-21,34,
E_00081906_20251225,00081906,2025-12-25,2025-12-26,2025-12-26,2025-12-27,false,2F,2F,215,01,,不明,,自宅,自宅退所,2,5,true,2025-12-05,20,
E_00102827_20251225,00102827,2025-12-25,2026-01-07,2026-01-07,2026-01-08,false,3F,3F,306,03,,不明,,自宅,自宅退所,14,25,true,2025-12-19,6,
E_00083160_20251229,00083160,2025-12-29,2026-01-05,2026-01-05,2026-01-06,false,3F,3F,308,01,,不明,,自宅,自宅退所,8,19,true,2025-12-22,7,
E_00051294_20260104,00051294,2026-01-04,2026-01-31,2026-01-31,2026-02-01,false,2F,2F,203,03,,不明,,自宅,自宅退所,28,4,true,2025-12-26,9,
E_00074049_20260105,00074049,2026-01-05,2026-01-13,2026-01-13,2026-01-14,false,2F,2F,207,01,,不明,,自宅,自宅退所,9,17,true,2025-12-25,11,
E_00135729_20260105,00135729,2026-01-05,2026-01-10,2026-01-10,2026-01-11,false,ユニット,ユニット,U-8,01,,不明,,自宅,自宅退所,6,5,true,2025-12-18,18,
E_00151132_20260106,00151132,2026-01-06,2026-05-07,2026-05-07,2026-05-08,false,2F,2F,201,01,,不明,,自宅,自宅退所,122,6,true,2026-01-03,3,
E_00107995_20260107,00107995,2026-01-07,2026-01-14,2026-01-14,2026-01-15,false,3F,3F,306,03,,不明,,自宅,自宅退所,8,23,true,2025-12-27,11,
E_00114754_20260108,00114754,2026-01-08,2026-01-13,2026-01-13,2026-01-14,false,2F,2F,213,01,,不明,,自宅,自宅退所,6,20,true,2025-12-23,16,
E_00154374_20260108,00154374,2026-01-08,2026-01-10,2026-01-10,2026-01-11,false,2F,2F,222,01,,不明,,自宅,自宅退所,3,10,true,2025-12-13,26,
E_00129630_20260110,00129630,2026-01-10,2026-01-19,2026-01-19,2026-01-20,false,2F,2F,201,04,,不明,,自宅,自宅退所,10,6,true,2025-12-15,26,
E_00143482_20260110,00143482,2026-01-10,2026-01-17,2026-01-17,2026-01-18,false,2F,2F,220,03,,不明,,自宅,自宅退所,8,9,true,2025-12-27,14,
E_00134783_20260110,00134783,2026-01-10,2026-01-15,2026-01-15,2026-01-16,false,2F,2F,222,01,,不明,,不明,不明,6,6,true,2025-12-16,25,
E_00028545_20260110,00028545,2026-01-10,2026-01-24,2026-01-24,2026-01-25,false,2F,2F,222,03,,不明,,不明,不明,15,4,true,2025-12-31,10,
E_00046976_20260110,00046976,2026-01-10,2026-01-21,2026-01-21,2026-01-22,false,ユニット,ユニット,U-8,01,,不明,,自宅,自宅退所,12,9,true,2025-12-31,10,
E_00141394_20260110,00141394,2026-01-10,2026-01-12,2026-01-12,2026-01-13,false,ユニット,ユニット,U-10,01,,不明,,自宅,自宅退所,3,17,true,2025-12-22,19,
E_00155078_20260112,00155078,2026-01-12,2026-02-09,2026-02-09,2026-02-10,false,2F,2F,217,01,,不明,,自宅,自宅退所,29,6,true,2026-01-09,3,
E_00146225_20260113,00146225,2026-01-13,,2026-05-31,,true,2F,2F,220,03,長期,不明,,不明,不明,139,3,true,2026-01-09,4,
E_00060950_20260113,00060950,2026-01-13,2026-01-17,2026-01-17,2026-01-18,false,2F,2F,213,01,,不明,,自宅,自宅退所,5,9,true,2025-12-27,17,
E_00096864_20260113,00096864,2026-01-13,2026-01-19,2026-01-19,2026-01-20,false,3F,3F,301,03,,不明,,自宅,自宅退所,7,10,true,2025-12-12,32,
E_00145463_20260114,00145463,2026-01-14,2026-01-19,2026-01-19,2026-01-20,false,2F,2F,222,01,,不明,,自宅,自宅退所,6,10,true,2026-01-08,6,
E_00027925_20260114,00027925,2026-01-14,2026-03-14,2026-03-14,2026-03-15,false,3F,3F,312,04,,不明,,介護付有料,施設退所,60,3,true,2026-01-11,3,
E_00102827_20260116,00102827,2026-01-16,2026-01-20,2026-01-20,2026-01-21,false,3F,3F,306,04,,不明,,自宅,自宅退所,5,26,true,2026-01-07,9,
E_00028032_20260117,00028032,2026-01-17,2026-01-23,2026-01-23,2026-01-24,false,2F,2F,205,03,,不明,,自宅,自宅退所,7,2,true,2026-01-10,7,
E_00107616_20260117,00107616,2026-01-17,2026-01-20,2026-01-20,2026-01-21,false,2F,2F,206,02,,不明,,自宅,自宅退所,4,10,true,2025-12-05,43,
E_00092183_20260117,00092183,2026-01-17,2026-01-21,2026-01-21,2026-01-22,false,2F,2F,221,01,,不明,,自宅,自宅退所,5,10,true,2025-12-27,21,
E_00149052_20260119,00149052,2026-01-19,2026-01-21,2026-01-21,2026-01-22,false,2F,2F,207,01,,不明,,自宅,自宅退所,3,10,true,2025-12-13,37,
E_00154234_20260120,00154234,2026-01-20,2026-01-22,2026-01-22,2026-01-23,false,2F,2F,206,02,,不明,,自宅,自宅退所,3,4,true,2025-12-18,33,
E_00092936_20260120,00092936,2026-01-20,2026-01-24,2026-01-24,2026-01-25,false,2F,2F,213,01,,不明,,自宅,自宅退所,5,11,true,2025-12-20,31,
E_00052434_20260121,00052434,2026-01-21,2026-01-24,2026-01-24,2026-01-25,false,2F,2F,207,01,,不明,,自宅,自宅退所,4,9,true,2025-12-15,37,
E_00042165_20260121,00042165,2026-01-21,2026-02-12,2026-02-12,2026-02-13,false,2F,2F,221,01,,不明,,自宅,自宅退所,23,4,true,2026-01-17,4,
E_00125158_20260121,00125158,2026-01-21,2026-02-16,2026-02-16,2026-02-17,false,2F,2F,221,02,,不明,,自宅,自宅退所,27,6,true,2026-01-16,5,
E_00107995_20260121,00107995,2026-01-21,2026-01-27,2026-01-27,2026-01-28,false,3F,3F,301,04,,不明,,自宅,自宅退所,7,24,true,2026-01-14,7,
E_00083160_20260121,00083160,2026-01-21,2026-01-24,2026-01-24,2026-01-25,false,3F,3F,306,04,,不明,,自宅,自宅退所,4,20,true,2026-01-05,16,
E_00074049_20260122,00074049,2026-01-22,2026-01-29,2026-01-29,2026-01-30,false,2F,2F,206,02,,不明,,自宅,自宅退所,8,18,true,2026-01-13,9,
E_00100859_20260122,00100859,2026-01-22,2026-04-02,2026-04-02,2026-04-03,false,3F,3F,312,02,,不明,,自宅,自宅退所,71,7,true,2025-12-25,28,
E_00135729_20260123,00135729,2026-01-23,2026-01-29,2026-01-29,2026-01-30,false,ユニット,ユニット,U-8,01,,不明,,自宅,自宅退所,7,6,true,2026-01-10,13,
E_00143482_20260124,00143482,2026-01-24,2026-01-31,2026-01-31,2026-02-01,false,2F,2F,205,03,,不明,,自宅,自宅退所,8,10,true,2026-01-17,7,
E_00141394_20260124,00141394,2026-01-24,2026-01-28,2026-01-28,2026-01-29,false,2F,2F,207,01,,不明,,自宅,自宅退所,5,18,true,2026-01-12,12,
E_00155370_20260124,00155370,2026-01-24,2026-02-10,2026-02-10,2026-02-11,false,2F,2F,207,02,,不明,,不明,不明,18,6,true,2026-01-17,7,
E_00114754_20260124,00114754,2026-01-24,2026-01-30,2026-01-30,2026-01-31,false,2F,2F,213,01,,不明,,自宅,自宅退所,7,21,true,2026-01-13,11,
E_00138385_20260124,00138385,2026-01-24,2026-02-16,2026-02-16,2026-02-17,false,3F,3F,306,04,,不明,,自宅,自宅退所,24,2,true,2026-01-15,9,
E_00082392_20260126,00082392,2026-01-26,2026-01-31,2026-01-31,2026-02-01,false,2F,2F,201,04,,不明,,自宅,自宅退所,6,2,true,2026-01-24,2,
E_00145463_20260126,00145463,2026-01-26,2026-03-04,2026-03-04,2026-03-05,false,2F,2F,222,01,,不明,,自宅,自宅退所,38,11,true,2026-01-19,7,
E_00132208_20260126,00132208,2026-01-26,,2026-05-31,,true,2F,3F,307,01,長期,不明,,不明,不明,126,4,true,2026-01-13,13,
E_00153629_20260127,00153629,2026-01-27,2026-02-11,2026-02-11,2026-02-12,false,3F,3F,303,01,,不明,,死亡,死亡退所,16,2,true,2026-01-21,6,
E_00142642_20260128,00142642,2026-01-28,2026-02-10,2026-02-10,2026-02-11,false,2F,2F,207,01,,不明,,不明,不明,14,3,true,2026-01-16,12,
E_00102827_20260128,00102827,2026-01-28,2026-02-02,2026-02-02,2026-02-03,false,3F,3F,307,01,,不明,,自宅,自宅退所,6,27,true,2026-01-20,8,
E_00028032_20260129,00028032,2026-01-29,2026-02-07,2026-02-07,2026-02-08,false,2F,2F,206,02,,不明,,自宅,自宅退所,10,3,true,2026-01-23,6,
E_00083160_20260130,00083160,2026-01-30,2026-02-02,2026-02-02,2026-02-03,false,2F,2F,213,01,,不明,,自宅,自宅退所,4,21,true,2026-01-24,6,
E_00028545_20260131,00028545,2026-01-31,,2026-05-31,,true,2F,2F,222,03,長期,不明,,不明,不明,121,5,true,2026-01-24,7,
E_00082392_20260202,00082392,2026-02-02,2026-02-07,2026-02-07,2026-02-08,false,2F,2F,203,03,,不明,,自宅,自宅退所,6,3,true,2026-01-31,2,
E_00081906_20260202,00081906,2026-02-02,2026-02-04,2026-02-04,2026-02-05,false,2F,2F,213,01,,不明,,自宅,自宅退所,3,6,true,2025-12-26,38,
E_00107995_20260202,00107995,2026-02-02,2026-02-06,2026-02-06,2026-02-07,false,3F,3F,307,01,,不明,,自宅,自宅退所,5,25,true,2026-01-27,6,
E_00050841_20260203,00050841,2026-02-03,,2026-05-31,,true,2F,2F,205,03,長期,不明,,不明,不明,118,2,true,2026-02-02,1,
E_00154494_20260204,00154494,2026-02-04,2026-02-10,2026-02-10,2026-02-11,false,2F,2F,213,01,,不明,,自宅,自宅退所,7,2,true,2025-10-26,101,
E_00046976_20260204,00046976,2026-02-04,2026-02-12,2026-02-12,2026-02-13,false,ユニット,ユニット,U-8,01,,不明,,自宅,自宅退所,9,10,true,2026-01-21,14,
E_00154078_20260205,00154078,2026-02-05,2026-02-07,2026-02-07,2026-02-08,false,2F,2F,208,02,,不明,,自宅,自宅退所,3,5,true,2025-12-01,66,
E_00074049_20260205,00074049,2026-02-05,2026-02-26,2026-02-26,2026-02-27,false,2F,2F,220,02,,不明,,自宅,自宅退所,22,19,true,2026-01-29,7,
E_00102827_20260206,00102827,2026-02-06,2026-02-10,2026-02-10,2026-02-11,false,3F,3F,307,01,,不明,,自宅,自宅退所,5,28,true,2026-02-02,4,
E_00141394_20260207,00141394,2026-02-07,2026-02-17,2026-02-17,2026-02-18,false,2F,2F,203,03,,不明,,自宅,自宅退所,11,19,true,2026-01-28,10,
E_00051294_20260207,00051294,2026-02-07,2026-04-17,2026-04-17,2026-04-18,false,2F,2F,206,02,,不明,,自宅,自宅退所,70,5,true,2026-01-31,7,
E_00082392_20260209,00082392,2026-02-09,2026-02-14,2026-02-14,2026-02-15,false,2F,2F,203,03,,不明,,自宅,自宅退所,6,4,true,2026-02-07,2,
E_00109276_20260209,00109276,2026-02-09,2026-02-20,2026-02-20,2026-02-21,false,2F,2F,208,02,,不明,,自宅,自宅退所,12,2,true,2025-10-25,107,
E_00028032_20260210,00028032,2026-02-10,,2026-05-31,,true,2F,2F,201,04,長期,不明,,不明,不明,111,4,true,2026-02-07,3,
E_00052434_20260210,00052434,2026-02-10,2026-02-13,2026-02-13,2026-02-14,false,2F,2F,207,01,,不明,,自宅,自宅退所,4,10,true,2026-01-24,17,
E_00114754_20260210,00114754,2026-02-10,2026-02-14,2026-02-14,2026-02-15,false,2F,2F,213,01,,不明,,自宅,自宅退所,5,22,true,2026-01-30,11,
E_00083160_20260210,00083160,2026-02-10,2026-02-12,2026-02-12,2026-02-13,false,3F,3F,307,01,,不明,,自宅,自宅退所,3,22,true,2026-02-02,8,
E_00155370_20260211,00155370,2026-02-11,,2026-05-31,,true,2F,2F,207,02,長期,不明,,不明,不明,110,7,true,2026-02-10,1,
E_00060950_20260212,00060950,2026-02-12,2026-02-19,2026-02-19,2026-02-20,false,2F,2F,205,02,,不明,,自宅,自宅退所,8,10,true,2026-01-17,26,
E_00054022_20260212,00054022,2026-02-12,2026-02-17,2026-02-17,2026-02-18,false,2F,2F,208,01,,不明,,自宅,自宅退所,6,2,true,2026-02-04,8,
E_00154374_20260212,00154374,2026-02-12,2026-02-12,2026-02-12,2026-02-13,false,ユニット,ユニット,U-8,01,短期,不明,,2F,施設内移動,1,11,true,2026-01-10,33,
E_00154374_20260213,00154374,2026-02-13,2026-02-14,2026-02-14,2026-02-15,false,2F,2F,208,01,,不明,,自宅,自宅退所,2,12,true,2026-02-12,1,
E_00096864_20260213,00096864,2026-02-13,2026-02-19,2026-02-19,2026-02-20,false,3F,3F,301,03,,不明,,自宅,自宅退所,7,11,true,2026-01-19,25,
E_00155078_20260214,00155078,2026-02-14,2026-05-12,2026-05-12,2026-05-13,false,2F,2F,217,01,,不明,,自宅,自宅退所,88,7,true,2026-02-09,5,
E_00134783_20260214,00134783,2026-02-14,2026-02-16,2026-02-16,2026-02-17,false,2F,2F,221,01,,不明,,不明,不明,3,7,true,2026-01-15,30,
E_00135729_20260214,00135729,2026-02-14,2026-02-18,2026-02-18,2026-02-19,false,ユニット,ユニット,U-8,01,,不明,,自宅,自宅退所,5,7,true,2026-01-29,16,
E_00082392_20260216,00082392,2026-02-16,2026-02-21,2026-02-21,2026-02-22,false,2F,2F,206,03,,不明,,自宅,自宅退所,6,5,true,2026-02-14,2,
E_00120484_20260216,00120484,2026-02-16,2026-03-13,2026-03-13,2026-03-14,false,2F,2F,208,03,短期,不明,,ユニット,施設内移動,26,2,true,2026-02-13,3,
E_00092183_20260216,00092183,2026-02-16,2026-02-21,2026-02-21,2026-02-22,false,2F,2F,221,01,,不明,,不明,不明,6,11,true,2026-01-21,26,
E_00042165_20260216,00042165,2026-02-16,,2026-05-31,,true,2F,2F,221,02,長期,不明,,不明,不明,105,5,true,2026-02-12,4,
E_00154234_20260217,00154234,2026-02-17,2026-02-19,2026-02-19,2026-02-20,false,2F,2F,203,03,,不明,,自宅,自宅退所,3,5,true,2026-01-22,26,
E_00092936_20260217,00092936,2026-02-17,2026-02-21,2026-02-21,2026-02-22,false,2F,2F,211,01,,不明,,自宅,自宅退所,5,12,true,2026-01-24,24,
E_00147744_20260219,00147744,2026-02-19,2026-03-14,2026-03-14,2026-03-15,false,2F,2F,205,02,,不明,,自宅,自宅退所,24,7,true,2026-02-12,7,
E_00146240_20260220,00146240,2026-02-20,2026-02-27,2026-02-27,2026-02-28,false,2F,2F,208,02,,不明,,自宅,自宅退所,8,4,true,2026-02-05,15,
E_00114754_20260220,00114754,2026-02-20,2026-02-28,2026-02-28,2026-03-01,false,2F,2F,216,01,,不明,,自宅,自宅退所,9,23,true,2026-02-14,6,
E_00138385_20260220,00138385,2026-02-20,,2026-05-31,,true,3F,3F,306,04,長期,不明,,不明,不明,101,3,true,2026-02-16,4,
E_00107616_20260221,00107616,2026-02-21,2026-02-24,2026-02-24,2026-02-25,false,2F,2F,206,03,,不明,,自宅,自宅退所,4,11,true,2026-01-20,32,
E_00125158_20260221,00125158,2026-02-21,2026-05-29,2026-05-29,2026-05-30,false,2F,2F,221,01,,不明,,自宅,自宅退所,98,7,true,2026-02-16,5,
E_00135729_20260221,00135729,2026-02-21,2026-02-24,2026-02-24,2026-02-25,false,ユニット,ユニット,U-8,01,,不明,,自宅,自宅退所,4,8,true,2026-02-18,3,
E_00146793_20260222,00146793,2026-02-22,2026-03-01,2026-03-01,2026-03-02,false,2F,2F,207,01,,不明,,自宅,自宅退所,8,8,true,2026-02-16,6,
E_00136653_20260223,00136653,2026-02-23,2026-04-07,2026-04-07,2026-04-08,false,2F,2F,223,01,,不明,,死亡,死亡退所,44,2,true,2026-02-21,2,
E_00149589_20260224,00149589,2026-02-24,2026-03-06,2026-03-06,2026-03-07,false,2F,2F,206,01,,不明,,自宅,自宅退所,11,2,true,2026-02-20,4,
E_00082392_20260224,00082392,2026-02-24,,2026-05-31,,true,2F,2F,206,03,長期,不明,,不明,不明,97,6,true,2026-02-21,3,
E_00107995_20260224,00107995,2026-02-24,2026-02-27,2026-02-27,2026-02-28,false,3F,3F,307,03,,不明,,自宅,自宅退所,4,26,true,2026-02-06,18,
E_00149052_20260226,00149052,2026-02-26,2026-02-28,2026-02-28,2026-03-01,false,2F,2F,220,02,,不明,,自宅,自宅退所,3,11,true,2026-01-21,36,
E_00050154_20260226,00050154,2026-02-26,2026-03-02,2026-03-02,2026-03-03,false,3F,3F,307,01,,不明,,自宅,自宅退所,5,11,true,2025-12-15,73,
E_00109276_20260227,00109276,2026-02-27,2026-05-09,2026-05-09,2026-05-10,false,2F,2F,208,02,,不明,,自宅,自宅退所,72,3,true,2026-02-20,7,
E_00141394_20260228,00141394,2026-02-28,2026-03-02,2026-03-02,2026-03-03,false,2F,2F,216,01,,不明,,自宅,自宅退所,3,20,true,2026-02-17,11,
E_00092936_20260303,00092936,2026-03-03,2026-03-07,2026-03-07,2026-03-08,false,2F,2F,216,01,,不明,,自宅,自宅退所,5,13,true,2026-02-21,10,
E_00107616_20260303,00107616,2026-03-03,2026-03-09,2026-03-09,2026-03-10,false,2F,2F,220,02,,不明,,自宅,自宅退所,7,12,true,2026-02-24,7,
E_00107995_20260303,00107995,2026-03-03,2026-03-07,2026-03-07,2026-03-08,false,3F,3F,303,01,,不明,,自宅,自宅退所,5,27,true,2026-02-27,4,
E_00046976_20260303,00046976,2026-03-03,2026-03-09,2026-03-09,2026-03-10,false,ユニット,ユニット,U-8,01,,不明,,自宅,自宅退所,7,11,true,2026-02-12,19,
E_00074049_20260305,00074049,2026-03-05,2026-03-12,2026-03-12,2026-03-13,false,2F,2F,203,02,,不明,,自宅,自宅退所,8,20,true,2026-02-26,7,
E_00154374_20260305,00154374,2026-03-05,2026-03-07,2026-03-07,2026-03-08,false,2F,2F,208,01,,不明,,自宅,自宅退所,3,13,true,2026-02-14,19,
E_00141884_20260306,00141884,2026-03-06,2026-03-12,2026-03-12,2026-03-13,false,3F,3F,307,03,,不明,,自宅,自宅退所,7,2,true,2026-02-27,7,
E_00052434_20260307,00052434,2026-03-07,2026-03-10,2026-03-10,2026-03-11,false,2F,2F,203,04,,不明,,自宅,自宅退所,4,11,true,2026-02-13,22,
E_00050154_20260307,00050154,2026-03-07,2026-03-08,2026-03-08,2026-03-09,false,3F,3F,303,01,,不明,,自宅,自宅退所,2,12,true,2026-03-02,5,
E_00146793_20260309,00146793,2026-03-09,2026-03-15,2026-03-15,2026-03-16,false,2F,2F,206,01,,不明,,自宅,自宅退所,7,9,true,2026-03-01,8,
E_00146240_20260309,00146240,2026-03-09,,2026-05-31,,true,2F,2F,208,01,長期,不明,,不明,不明,84,5,true,2026-02-27,10,
E_00149589_20260309,00149589,2026-03-09,2026-03-19,2026-03-19,2026-03-20,false,2F,2F,220,02,,不明,,自宅,自宅退所,11,3,true,2026-03-06,3,
E_00135729_20260309,00135729,2026-03-09,2026-03-12,2026-03-12,2026-03-13,false,ユニット,ユニット,U-8,01,,不明,,自宅,自宅退所,4,9,true,2026-02-24,13,
E_00149052_20260310,00149052,2026-03-10,2026-03-12,2026-03-12,2026-03-13,false,2F,2F,203,04,,不明,,自宅,自宅退所,3,12,true,2026-02-28,10,
E_00114754_20260310,00114754,2026-03-10,2026-03-16,2026-03-16,2026-03-17,false,2F,2F,216,01,,不明,,自宅,自宅退所,7,24,true,2026-02-28,10,
E_00060950_20260312,00060950,2026-03-12,2026-03-16,2026-03-16,2026-03-17,false,2F,2F,203,04,,不明,,自宅,自宅退所,5,11,true,2026-02-19,21,
E_00152259_20260312,00152259,2026-03-12,2026-03-19,2026-03-19,2026-03-20,false,3F,3F,305,01,,不明,,自宅,自宅退所,8,13,true,2025-12-20,82,
E_00081906_20260312,00081906,2026-03-12,2026-03-14,2026-03-14,2026-03-15,false,ユニット,ユニット,U-8,01,,不明,,自宅,自宅退所,3,7,true,2026-02-04,36,
E_00133246_20260313,00133246,2026-03-13,,2026-05-31,,true,2F,2F,203,03,長期,不明,,不明,不明,80,3,true,2026-02-05,36,
E_00141394_20260314,00141394,2026-03-14,2026-03-16,2026-03-16,2026-03-17,false,2F,2F,205,02,,不明,,自宅,自宅退所,3,21,true,2026-03-02,12,
E_00092183_20260314,00092183,2026-03-14,2026-03-19,2026-03-19,2026-03-20,false,2F,2F,208,03,,不明,,不明,不明,6,12,true,2026-02-21,21,
E_00107995_20260314,00107995,2026-03-14,2026-03-19,2026-03-19,2026-03-20,false,3F,3F,312,04,,不明,,自宅,自宅退所,6,28,true,2026-03-07,7,
E_00120484_20260314,00120484,2026-03-14,2026-04-13,2026-04-13,2026-04-14,false,ユニット,ユニット,U-8,01,長期,不明,,2F,施設内移動,31,3,true,2026-03-13,1,
E_00124842_20260316,00124842,2026-03-16,2026-04-09,2026-04-09,2026-04-10,false,2F,2F,205,02,,不明,,自宅,自宅退所,25,6,true,2026-03-12,4,
E_00078507_20260316,00078507,2026-03-16,2026-04-03,2026-04-03,2026-04-04,false,2F,2F,206,01,,不明,,自宅,自宅退所,19,4,true,2026-03-09,7,
E_00154234_20260317,00154234,2026-03-17,2026-03-19,2026-03-19,2026-03-20,false,2F,2F,205,04,,不明,,自宅,自宅退所,3,6,true,2026-02-19,26,
E_00050154_20260318,00050154,2026-03-18,2026-03-20,2026-03-20,2026-03-21,false,3F,3F,307,03,,不明,,自宅,自宅退所,3,13,true,2026-03-08,10,
E_00074049_20260319,00074049,2026-03-19,2026-03-26,2026-03-26,2026-03-27,false,2F,2F,205,01,,不明,,自宅,自宅退所,8,21,true,2026-03-12,7,
E_00147744_20260319,00147744,2026-03-19,,2026-05-31,,true,2F,2F,205,02,長期,不明,,不明,不明,74,8,true,2026-03-14,5,
E_00107616_20260319,00107616,2026-03-19,2026-03-23,2026-03-23,2026-03-24,false,2F,2F,220,02,,不明,,自宅,自宅退所,5,13,true,2026-03-09,10,
E_00096864_20260319,00096864,2026-03-19,2026-03-25,2026-03-25,2026-03-26,false,3F,3F,312,03,,不明,,自宅,自宅退所,7,12,true,2026-02-19,28,
E_00129553_20260319,00129553,2026-03-19,2026-05-07,2026-05-07,2026-05-08,false,3F,3F,312,03,長期,不明,,ユニット,施設内移動,50,2,true,2026-03-18,1,
E_00135729_20260319,00135729,2026-03-19,2026-03-23,2026-03-23,2026-03-24,false,ユニット,ユニット,U-3,01,,不明,,自宅,自宅退所,5,10,true,2026-03-12,7,
E_00138290_20260321,00138290,2026-03-21,2026-05-16,2026-05-16,2026-05-17,false,2F,2F,203,04,,不明,,自宅,自宅退所,57,4,true,2025-06-16,278,
E_00145463_20260321,00145463,2026-03-21,2026-03-24,2026-03-24,2026-03-25,false,2F,2F,200,02,,不明,,自宅,自宅退所,4,12,true,2026-03-04,17,
E_00083160_20260321,00083160,2026-03-21,2026-03-23,2026-03-23,2026-03-24,false,3F,3F,312,03,,不明,,自宅,自宅退所,3,23,true,2026-02-12,37,
E_00146793_20260322,00146793,2026-03-22,,2026-05-31,,true,2F,2F,207,04,長期,不明,,不明,不明,71,10,true,2026-03-15,7,
E_00114754_20260323,00114754,2026-03-23,2026-04-03,2026-04-03,2026-04-04,false,2F,2F,216,01,,不明,,自宅,自宅退所,12,25,true,2026-03-16,7,
E_00149589_20260323,00149589,2026-03-23,,2026-05-31,,true,2F,2F,223,01,長期,不明,,不明,不明,70,4,true,2026-03-19,4,
E_00141884_20260323,00141884,2026-03-23,2026-03-27,2026-03-27,2026-03-28,false,3F,3F,307,03,,不明,,自宅,自宅退所,5,3,true,2026-03-12,11,
E_00081906_20260323,00081906,2026-03-23,2026-03-26,2026-03-26,2026-03-27,false,ユニット,ユニット,U-3,01,,不明,,自宅,自宅退所,4,8,true,2026-03-14,9,
E_00164377_20260324,00164377,2026-03-24,2026-04-04,2026-04-04,2026-04-05,false,2F,2F,208,03,,不明,,自宅,自宅退所,12,2,true,2026-03-22,2,
E_00152259_20260326,00152259,2026-03-26,2026-04-01,2026-04-01,2026-04-02,false,ユニット,ユニット,U-3,01,短期,不明,,3F,施設内移動,7,14,true,2026-03-19,7,
E_00028837_20260327,00028837,2026-03-27,2026-03-31,2026-03-31,2026-04-01,false,2F,2F,201,03,,不明,,自宅,自宅退所,5,9,true,2025-10-09,169,
E_00103521_20260328,00103521,2026-03-28,2026-03-30,2026-03-30,2026-03-31,false,2F,2F,205,01,,不明,,自宅,自宅退所,3,7,true,2026-03-22,6,
E_00141394_20260330,00141394,2026-03-30,2026-04-04,2026-04-04,2026-04-05,false,2F,2F,205,01,,不明,,自宅,自宅退所,6,22,true,2026-03-16,14,
E_00107995_20260330,00107995,2026-03-30,2026-04-06,2026-04-06,2026-04-07,false,3F,3F,310,01,,不明,,自宅,自宅退所,8,29,true,2026-03-19,11,
E_00074049_20260402,00074049,2026-04-02,2026-04-10,2026-04-10,2026-04-11,false,2F,2F,201,03,,不明,,自宅,自宅退所,9,22,true,2026-03-26,7,
E_00152259_20260402,00152259,2026-04-02,,2026-05-31,,true,3F,3F,305,01,長期,不明,,不明,不明,60,15,true,2026-04-01,1,
E_00092183_20260403,00092183,2026-04-03,2026-04-07,2026-04-07,2026-04-08,false,2F,2F,216,01,,不明,,不明,不明,5,13,true,2026-03-19,15,
E_00145463_20260404,00145463,2026-04-04,2026-04-09,2026-04-09,2026-04-10,false,2F,2F,200,02,,不明,,自宅,自宅退所,6,13,true,2026-03-24,11,
E_00103521_20260404,00103521,2026-04-04,2026-04-20,2026-04-20,2026-04-21,false,2F,2F,205,01,,不明,,自宅,自宅退所,17,8,true,2026-03-30,5,
E_00107616_20260404,00107616,2026-04-04,2026-04-08,2026-04-08,2026-04-09,false,2F,2F,206,01,,不明,,自宅,自宅退所,5,14,true,2026-03-23,12,
E_00082424_20260406,00082424,2026-04-06,2026-04-30,2026-04-30,2026-05-01,false,2F,2F,218,02,,不明,,不明,不明,25,2,true,2026-04-02,4,
E_00141884_20260406,00141884,2026-04-06,2026-04-15,2026-04-15,2026-04-16,false,3F,3F,307,03,,不明,,自宅,自宅退所,10,4,true,2026-03-27,10,
E_00083160_20260406,00083160,2026-04-06,2026-04-08,2026-04-08,2026-04-09,false,3F,3F,312,02,,不明,,自宅,自宅退所,3,24,true,2026-03-23,14,
E_00149052_20260408,00149052,2026-04-08,2026-04-10,2026-04-10,2026-04-11,false,2F,2F,206,01,,不明,,自宅,自宅退所,3,13,true,2026-03-12,27,
E_00078507_20260409,00078507,2026-04-09,,2026-05-31,,true,2F,2F,205,04,長期,不明,,不明,不明,53,5,true,2026-04-03,6,
E_00054209_20260409,00054209,2026-04-09,,2026-05-31,,true,2F,2F,206,04,長期,不明,,不明,不明,53,4,true,2026-03-07,33,
E_00154374_20260409,00154374,2026-04-09,2026-04-11,2026-04-11,2026-04-12,false,2F,2F,208,03,,不明,,自宅,自宅退所,3,14,true,2026-03-07,33,
E_00096864_20260409,00096864,2026-04-09,2026-04-16,2026-04-16,2026-04-17,false,3F,3F,312,02,,不明,,自宅,自宅退所,8,13,true,2026-03-25,15,
E_00060950_20260410,00060950,2026-04-10,2026-04-13,2026-04-13,2026-04-14,false,2F,2F,201,03,,不明,,自宅,自宅退所,4,12,true,2026-03-16,25,
E_00089032_20260411,00089032,2026-04-11,2026-04-13,2026-04-13,2026-04-14,false,2F,2F,200,02,,不明,,自宅,自宅退所,3,2,true,2025-07-26,259,
E_00050154_20260411,00050154,2026-04-11,2026-04-13,2026-04-13,2026-04-14,false,3F,3F,308,04,,不明,,自宅,自宅退所,3,14,true,2026-03-20,22,
E_00052434_20260413,00052434,2026-04-13,2026-04-16,2026-04-16,2026-04-17,false,2F,2F,201,03,,不明,,自宅,自宅退所,4,12,true,2026-03-10,34,
E_00124842_20260413,00124842,2026-04-13,,2026-05-31,,true,2F,2F,220,02,長期,不明,,不明,不明,49,7,true,2026-04-09,4,
E_00163928_20260413,00163928,2026-04-13,2026-05-08,2026-05-08,2026-05-09,false,3F,3F,308,01,,不明,,自宅,自宅退所,26,2,true,2026-04-09,4,
E_00120484_20260414,00120484,2026-04-14,,2026-05-31,,true,2F,2F,208,03,長期,不明,,不明,不明,48,4,true,2026-04-13,1,
E_00118090_20260415,00118090,2026-04-15,2026-05-09,2026-05-09,2026-05-10,false,2F,2F,208,04,,不明,,自宅,自宅退所,25,6,true,2026-04-11,4,
E_00107995_20260415,00107995,2026-04-15,2026-04-21,2026-04-21,2026-04-22,false,3F,3F,308,04,,不明,,自宅,自宅退所,7,30,true,2026-04-06,9,
E_00074049_20260416,00074049,2026-04-16,2026-04-23,2026-04-23,2026-04-24,false,2F,2F,201,03,,不明,,自宅,自宅退所,8,23,true,2026-04-10,6,
E_00121152_20260416,00121152,2026-04-16,2026-05-11,2026-05-11,2026-05-12,false,2F,2F,206,01,,不明,,自宅,自宅退所,26,7,true,2026-04-09,7,
E_00145463_20260416,00145463,2026-04-16,,2026-05-31,,true,2F,2F,221,04,長期,不明,,不明,不明,46,14,true,2026-04-09,7,
E_00114754_20260417,00114754,2026-04-17,2026-04-21,2026-04-21,2026-04-22,false,2F,2F,216,01,,不明,,自宅,自宅退所,5,26,true,2026-04-03,14,
E_00150575_20260417,00150575,2026-04-17,2026-05-10,2026-05-10,2026-05-11,false,2F,2F,218,01,,不明,,自宅,自宅退所,24,6,true,2026-04-12,5,
E_00134391_20260418,00134391,2026-04-18,2026-04-22,2026-04-22,2026-04-23,false,2F,2F,200,02,,不明,,自宅,自宅退所,5,2,true,2026-04-16,2,
E_00046976_20260418,00046976,2026-04-18,2026-05-09,2026-05-09,2026-05-10,false,ユニット,ユニット,U-12,01,,不明,,自宅,自宅退所,22,12,true,2026-03-09,40,
E_00142228_20260420,00142228,2026-04-20,2026-04-30,2026-04-30,2026-05-01,false,3F,3F,311,02,,不明,,不明,不明,11,10,true,2026-04-11,9,
E_00135729_20260420,00135729,2026-04-20,2026-04-23,2026-04-23,2026-04-24,false,ユニット,ユニット,U-2,01,,不明,,自宅,自宅退所,4,11,true,2026-03-23,28,
E_00154234_20260421,00154234,2026-04-21,2026-04-24,2026-04-24,2026-04-25,false,2F,2F,203,01,,不明,,自宅,自宅退所,4,7,true,2026-03-19,33,
E_00092936_20260421,00092936,2026-04-21,2026-04-25,2026-04-25,2026-04-26,false,2F,2F,216,01,,不明,,自宅,自宅退所,5,14,true,2026-03-07,45,
E_00079686_20260422,00079686,2026-04-22,,2026-05-31,,true,2F,2F,200,02,長期,不明,,不明,不明,40,2,true,2026-04-12,10,
E_00103521_20260422,00103521,2026-04-22,,2026-05-31,,true,2F,2F,205,01,長期,不明,,不明,不明,40,9,true,2026-04-20,2,
E_00141884_20260422,00141884,2026-04-22,2026-04-27,2026-04-27,2026-04-28,false,3F,3F,307,03,,不明,,自宅,自宅退所,6,5,true,2026-04-15,7,
E_00051294_20260423,00051294,2026-04-23,2026-05-02,2026-05-02,2026-05-03,false,2F,2F,206,02,,不明,,自宅,自宅退所,10,6,true,2026-04-17,6,
E_00157418_20260424,00157418,2026-04-24,2026-04-27,2026-04-27,2026-04-28,false,2F,2F,203,01,短期,不明,,ユニット,施設内移動,4,2,true,2026-04-21,3,
E_00141394_20260425,00141394,2026-04-25,2026-04-30,2026-04-30,2026-05-01,false,2F,2F,202,04,,不明,,自宅,自宅退所,6,23,true,2026-04-04,21,
E_00142443_20260427,00142443,2026-04-27,2026-05-22,2026-05-22,2026-05-23,false,2F,2F,202,03,,不明,,不明,不明,26,4,true,2026-04-24,3,
E_00114754_20260427,00114754,2026-04-27,2026-05-01,2026-05-01,2026-05-02,false,2F,2F,216,01,,不明,,自宅,自宅退所,5,27,true,2026-04-21,6,
E_00083160_20260427,00083160,2026-04-27,2026-05-13,2026-05-13,2026-05-14,false,3F,3F,308,04,,不明,,自宅,自宅退所,17,25,true,2026-04-08,19,
E_00081906_20260427,00081906,2026-04-27,2026-04-28,2026-04-28,2026-04-29,false,ユニット,ユニット,U-2,01,,不明,,自宅,自宅退所,2,9,true,2026-03-26,32,
E_00157418_20260428,00157418,2026-04-28,2026-05-19,2026-05-19,2026-05-20,false,ユニット,ユニット,U-2,01,,不明,,不明,不明,22,3,true,2026-04-27,1,
E_00074049_20260430,00074049,2026-04-30,2026-05-07,2026-05-07,2026-05-08,false,2F,2F,202,04,,不明,,自宅,自宅退所,8,24,true,2026-04-23,7,
E_00107995_20260430,00107995,2026-04-30,2026-05-07,2026-05-07,2026-05-08,false,3F,3F,311,02,,不明,,自宅,自宅退所,8,31,true,2026-04-21,9,
E_00028837_20260501,00028837,2026-05-01,2026-05-06,2026-05-06,2026-05-07,false,2F,2F,203,01,,不明,,自宅,自宅退所,6,10,true,2026-03-31,31,
E_00131740_20260506,00131740,2026-05-06,2026-05-08,2026-05-08,2026-05-09,false,ユニット,ユニット,U-6,01,,不明,,不明,不明,3,5,true,2025-10-26,192,
E_00051294_20260507,00051294,2026-05-07,2026-05-15,2026-05-15,2026-05-16,false,2F,2F,206,02,,不明,,自宅,自宅退所,9,7,true,2026-05-02,5,
E_00082424_20260507,00082424,2026-05-07,,2026-05-31,,true,2F,2F,218,02,長期,不明,,不明,不明,25,3,true,2026-04-30,7,
E_00141884_20260507,00141884,2026-05-07,2026-05-15,2026-05-15,2026-05-16,false,3F,3F,308,04,,不明,,自宅,自宅退所,9,6,true,2026-04-27,10,
E_00114754_20260508,00114754,2026-05-08,2026-05-15,2026-05-15,2026-05-16,false,2F,2F,216,01,,不明,,自宅,自宅退所,8,28,true,2026-05-01,7,
E_00142228_20260508,00142228,2026-05-08,2026-05-14,2026-05-14,2026-05-15,false,3F,3F,312,03,,不明,,自宅,自宅退所,7,11,true,2026-04-30,8,
E_00081906_20260508,00081906,2026-05-08,2026-05-24,2026-05-24,2026-05-25,false,ユニット,ユニット,U-6,01,短期,不明,,2F,施設内移動,17,10,true,2026-04-28,10,
E_00129553_20260508,00129553,2026-05-08,,2026-05-31,,true,ユニット,ユニット,U-10,01,長期,不明,,不明,不明,24,3,true,2026-05-07,1,
E_00141394_20260509,00141394,2026-05-09,2026-05-13,2026-05-13,2026-05-14,false,2F,2F,203,01,,不明,,自宅,自宅退所,5,24,true,2026-04-30,9,
E_00151132_20260511,00151132,2026-05-11,,2026-05-31,,true,2F,2F,201,01,短期,不明,,不明,不明,21,7,true,2026-05-07,4,
E_00060950_20260511,00060950,2026-05-11,2026-05-14,2026-05-14,2026-05-15,false,2F,2F,206,01,,不明,,自宅,自宅退所,4,13,true,2026-04-13,28,
E_00154078_20260511,00154078,2026-05-11,2026-05-14,2026-05-14,2026-05-15,false,2F,2F,208,02,,不明,,自宅,自宅退所,4,6,true,2026-02-07,93,
E_00163928_20260511,00163928,2026-05-11,,2026-05-31,,true,3F,3F,312,03,長期,不明,,不明,不明,21,3,true,2026-05-08,3,
E_00135729_20260511,00135729,2026-05-11,2026-05-14,2026-05-14,2026-05-15,false,ユニット,ユニット,U-12,01,,不明,,自宅,自宅退所,4,12,true,2026-04-23,18,
E_00118090_20260512,00118090,2026-05-12,,2026-05-31,,true,2F,2F,208,04,長期,不明,,不明,不明,20,7,true,2026-05-09,3,
E_00092936_20260512,00092936,2026-05-12,2026-05-16,2026-05-16,2026-05-17,false,2F,2F,210,01,,不明,,自宅,自宅退所,5,15,true,2026-04-25,17,
E_00149052_20260513,00149052,2026-05-13,2026-05-15,2026-05-15,2026-05-16,false,2F,2F,203,01,,不明,,自宅,自宅退所,3,14,true,2026-04-10,33,
E_00150575_20260513,00150575,2026-05-13,,2026-05-31,,true,2F,2F,218,01,長期,不明,,不明,不明,19,7,true,2026-05-10,3,
E_00121152_20260514,00121152,2026-05-14,,2026-05-31,,true,2F,2F,206,01,長期,不明,,不明,不明,18,8,true,2026-05-11,3,
E_00154374_20260514,00154374,2026-05-14,2026-05-16,2026-05-16,2026-05-17,false,2F,2F,208,02,,不明,,自宅,自宅退所,3,15,true,2026-04-11,33,
E_00096864_20260514,00096864,2026-05-14,2026-05-20,2026-05-20,2026-05-21,false,3F,3F,312,03,,不明,,自宅,自宅退所,7,14,true,2026-04-16,28,
E_00052434_20260515,00052434,2026-05-15,2026-05-18,2026-05-18,2026-05-19,false,2F,2F,203,01,,不明,,自宅,自宅退所,4,13,true,2026-04-16,29,
E_00155078_20260515,00155078,2026-05-15,,2026-05-31,,true,2F,2F,217,01,短期,不明,,不明,不明,17,8,true,2026-05-12,3,
E_00107995_20260515,00107995,2026-05-15,2026-05-19,2026-05-19,2026-05-20,false,3F,3F,308,03,,不明,,自宅,自宅退所,5,32,true,2026-05-07,8,
E_00107616_20260516,00107616,2026-05-16,2026-05-19,2026-05-19,2026-05-20,false,2F,2F,203,04,,不明,,自宅,自宅退所,4,15,true,2026-04-08,38,
E_00092183_20260516,00092183,2026-05-16,2026-05-20,2026-05-20,2026-05-21,false,2F,2F,208,02,,不明,,不明,不明,5,14,true,2026-04-07,39,
E_00074049_20260518,00074049,2026-05-18,2026-05-22,2026-05-22,2026-05-23,false,2F,2F,203,01,,不明,,不明,不明,5,25,true,2026-05-07,11,
E_00051294_20260518,00051294,2026-05-18,,2026-05-31,,true,2F,2F,206,02,長期,不明,,不明,不明,14,8,true,2026-05-15,3,
E_00114754_20260518,00114754,2026-05-18,2026-05-20,2026-05-20,2026-05-21,false,2F,2F,216,01,,不明,,自宅,自宅退所,3,29,true,2026-05-15,3,
E_00154234_20260519,00154234,2026-05-19,2026-05-22,2026-05-22,2026-05-23,false,2F,2F,203,04,,不明,,自宅,自宅退所,4,8,true,2026-04-24,25,
E_00092998_20260520,00092998,2026-05-20,,2026-05-31,,true,2F,2F,216,01,,不明,,不明,不明,12,2,true,2026-05-01,19,
E_00142228_20260520,00142228,2026-05-20,2026-05-22,2026-05-22,2026-05-23,false,3F,3F,312,03,,不明,,自宅,自宅退所,3,12,true,2026-05-14,6,
E_00141884_20260522,00141884,2026-05-22,2026-05-25,2026-05-25,2026-05-26,false,3F,3F,308,03,,不明,,自宅,自宅退所,4,7,true,2026-05-15,7,
E_00157418_20260522,00157418,2026-05-22,,2026-05-31,,true,ユニット,ユニット,U-2,01,長期,不明,,不明,不明,10,4,true,2026-05-19,3,
E_00094530_20260522,00094530,2026-05-22,,2026-05-31,,true,ユニット,ユニット,U-12,01,長期,不明,,不明,不明,10,6,true,2026-05-08,14,
E_00162769_20260523,00162769,2026-05-23,2026-05-27,2026-05-27,2026-05-28,false,2F,2F,200,03,,不明,,自宅,自宅退所,5,3,true,2025-11-18,186,
E_00142443_20260523,00142443,2026-05-23,,2026-05-31,,true,2F,2F,202,03,長期,不明,,不明,不明,9,5,true,2026-05-22,1,
E_00074049_20260523,00074049,2026-05-23,,2026-05-31,,true,2F,2F,203,01,長期,不明,,不明,不明,9,26,true,2026-05-22,1,
E_00138290_20260523,00138290,2026-05-23,,2026-05-31,,true,2F,2F,203,04,短期,不明,,不明,不明,9,5,true,2026-05-16,7,
E_00141394_20260523,00141394,2026-05-23,2026-05-25,2026-05-25,2026-05-26,false,ユニット,ユニット,U-5,01,,不明,,自宅,自宅退所,3,25,true,2026-05-13,10,
E_00167134_20260524,00167134,2026-05-24,2026-05-25,2026-05-25,2026-05-26,false,ユニット,ユニット,U-8,01,,不明,,自宅,自宅退所,2,2,true,2026-05-22,2,
E_00081906_20260525,00081906,2026-05-25,,2026-05-31,,true,2F,2F,200,03,長期,不明,,不明,不明,7,11,true,2026-05-24,1,
E_00136094_20260525,00136094,2026-05-25,,2026-05-31,,true,ユニット,ユニット,U-5,01,長期,不明,,不明,不明,7,2,true,2026-05-24,1,
E_00050154_20260526,00050154,2026-05-26,2026-05-28,2026-05-28,2026-05-29,false,3F,3F,308,01,,不明,,自宅,自宅退所,3,15,true,2026-04-13,43,
E_00142228_20260527,00142228,2026-05-27,2026-05-29,2026-05-29,2026-05-30,false,3F,3F,301,03,,不明,,自宅,自宅退所,3,13,true,2026-05-22,5,
E_00107995_20260529,00107995,2026-05-29,,2026-05-31,,true,3F,3F,308,01,短期,不明,,不明,不明,3,33,true,2026-05-19,10,
E_00114754_20260530,00114754,2026-05-30,,2026-05-31,,true,2F,2F,213,01,短期,不明,,不明,不明,2,30,true,2026-05-20,10,
E_00167134_20260530,00167134,2026-05-30,,2026-05-31,,true,ユニット,ユニット,U-6,01,短期,不明,,不明,不明,2,3,true,2026-05-25,5,
