month,avg_census,avg_vacancy,full_days,days,full_day_pct,days_34_or_less
2025-04,36.13,0.23,25,30,83.3,2
2025-05,36.19,0.29,24,31,77.4,2
2025-06,35.57,0.67,18,30,60.0,6
2025-07,35.52,0.68,16,31,51.6,5
2025-08,36.58,0.03,30,31,96.8,0
2025-09,35.9,0.4,18,30,60.0,0
2025-10,35.06,1.1,14,31,45.2,13
2025-11,35.2,0.9,12,30,40.0,7
2025-12,35.58,0.52,16,31,51.6,1
2026-01,35.65,0.42,19,31,61.3,1
2026-02,34.93,1.25,13,28,46.4,13
2026-03,35.19,0.9,14,31,45.2,6
2026-04,34.07,1.93,3,30,10.0,18
2026-05,34.35,1.65,5,31,16.1,17
