event_id,service_area,movement_type,scheduled_date,schedule_month,weekday,form,count,is_new,person_name,person_name_key,time_text,transport,place,note,source_kind,source_file,sheet_name,source_row,source_side,matched_user_id,matched_segment_start,matched_segment_end,match_delta_days,match_status
S_fef117082f9d2e08,ユニット,floor_out,2025-04-01,2025-04,火,入所,1,,藤田 祐公,藤田祐公,10:00,,自宅,,excel_workbook,/Users/tama2025mini/.codex/attachments/2bb2ce51-9979-4bd6-aaef-7239236e92eb/アルボースﾕﾆｯﾄ入退所予定表.xls,R7年4月,5,right,00144252,2025-04-01,2025-04-01,0,matched_exact
S_5f48acbffa2550c1,ユニット,floor_in,2025-04-08,2025-04,火,ショート,1,,宮田 初江,宮田初江,11:00,,自宅,,excel_workbook,/Users/tama2025mini/.codex/attachments/2bb2ce51-9979-4bd6-aaef-7239236e92eb/アルボースﾕﾆｯﾄ入退所予定表.xls,R7年4月,61,left,00122276,2025-04-08,2025-04-19,0,matched_exact
S_1deb7df3d4f89f7a,ユニット,floor_in,2025-04-17,2025-04,木,ショート,1,,関口 靖子,関口靖子,AM,迎,自宅,,excel_workbook,/Users/tama2025mini/.codex/attachments/2bb2ce51-9979-4bd6-aaef-7239236e92eb/アルボースﾕﾆｯﾄ入退所予定表.xls,R7年4月,133,left,00055487,2025-04-17,2025-04-18,0,matched_exact
S_0121cbdbbfdef69c,ユニット,floor_out,2025-04-17,2025-04,木,ショート,1,,山口 一明,山口一明,AM,送,自宅,,excel_workbook,/Users/tama2025mini/.codex/attachments/2bb2ce51-9979-4bd6-aaef-7239236e92eb/アルボースﾕﾆｯﾄ入退所予定表.xls,R7年4月,133,right,00046976,2025-04-01,2025-04-17,0,matched_exact
S_ea29604718b74efd,ユニット,floor_in,2025-04-18,2025-04,金,入所,1,,竹内 健次,竹内健次,10:30,,2F,,excel_workbook,/Users/tama2025mini/.codex/attachments/2bb2ce51-9979-4bd6-aaef-7239236e92eb/アルボースﾕﾆｯﾄ入退所予定表.xls,R7年4月,141,left,00135831,2025-04-18,2025-05-25,0,matched_exact
S_5a31cab921dfd647,ユニット,floor_out,2025-04-18,2025-04,金,ショート,1,,関口 靖子,関口靖子,AM,送,自宅,,excel_workbook,/Users/tama2025mini/.codex/attachments/2bb2ce51-9979-4bd6-aaef-7239236e92eb/アルボースﾕﾆｯﾄ入退所予定表.xls,R7年4月,141,right,00055487,2025-04-17,2025-04-18,0,matched_exact
S_cc497300a30c80f6,ユニット,floor_out,2025-04-19,2025-04,土,ショート,1,,宮田 初江,宮田初江,10:00,,自宅,,excel_workbook,/Users/tama2025mini/.codex/attachments/2bb2ce51-9979-4bd6-aaef-7239236e92eb/アルボースﾕﾆｯﾄ入退所予定表.xls,R7年4月,149,right,00122276,2025-04-08,2025-04-19,0,matched_exact
S_ef3b46524622aaa7,ユニット,floor_in,2025-05-01,2025-05,木,ショート,1,,山口 一明,山口一明,AM,迎,自宅,,excel_workbook,/Users/tama2025mini/.codex/attachments/2bb2ce51-9979-4bd6-aaef-7239236e92eb/アルボースﾕﾆｯﾄ入退所予定表.xls,R7.5月,5,left,00046976,2025-05-01,2025-05-15,0,matched_exact
S_f50de64a614ba50e,ユニット,floor_in,2025-05-08,2025-05,木,ショート,1,,奥原 孝子,奥原孝子,10:30,,自宅,,excel_workbook,/Users/tama2025mini/.codex/attachments/2bb2ce51-9979-4bd6-aaef-7239236e92eb/アルボースﾕﾆｯﾄ入退所予定表.xls,R7.5月,61,left,00131740,2025-05-08,2025-05-10,0,matched_exact
S_fffa0e3e5bf13afa,ユニット,floor_out,2025-05-08,2025-05,木,入所,1,,星野 タカ子,星野タカ子,10:00,,自宅,介護タクシー,excel_workbook,/Users/tama2025mini/.codex/attachments/2bb2ce51-9979-4bd6-aaef-7239236e92eb/アルボースﾕﾆｯﾄ入退所予定表.xls,R7.5月,61,right,00134463,2025-04-01,2025-05-08,0,matched_exact
S_4052fe5bf30ad2ea,ユニット,floor_out,2025-05-10,2025-05,土,ショート,1,,奥原 孝子,奥原孝子,10:00,,自宅,,excel_workbook,/Users/tama2025mini/.codex/attachments/2bb2ce51-9979-4bd6-aaef-7239236e92eb/アルボースﾕﾆｯﾄ入退所予定表.xls,R7.5月,77,right,00131740,2025-05-08,2025-05-10,0,matched_exact
S_e0b65c859f4adfab,ユニット,floor_in,2025-05-12,2025-05,月,ショート,1,,星野 タカ子,星野タカ子,AM,迎,自宅,,excel_workbook,/Users/tama2025mini/.codex/attachments/2bb2ce51-9979-4bd6-aaef-7239236e92eb/アルボースﾕﾆｯﾄ入退所予定表.xls,R7.5月,93,left,00134463,2025-05-12,2025-06-05,0,matched_exact
S_69625192fd5ba9a4,ユニット,floor_out,2025-05-12,2025-05,月,入所,1,,鵤木 静江,鵤木静江,10:00,,自宅,,excel_workbook,/Users/tama2025mini/.codex/attachments/2bb2ce51-9979-4bd6-aaef-7239236e92eb/アルボースﾕﾆｯﾄ入退所予定表.xls,R7.5月,93,right,00094530,2025-04-01,2025-05-12,0,matched_exact
S_d445517496b67e31,ユニット,floor_in,2025-05-14,2025-05,水,ショート,1,,鵤木 静江,鵤木静江,10:30,,自宅,,excel_workbook,/Users/tama2025mini/.codex/attachments/2bb2ce51-9979-4bd6-aaef-7239236e92eb/アルボースﾕﾆｯﾄ入退所予定表.xls,R7.5月,109,left,00094530,2025-05-14,2025-05-29,0,matched_exact
S_478ce7485e7b2a1d,ユニット,floor_in,2025-05-15,2025-05,木,ショート,1,,関口 靖子,関口靖子,AM,迎,自宅,,excel_workbook,/Users/tama2025mini/.codex/attachments/2bb2ce51-9979-4bd6-aaef-7239236e92eb/アルボースﾕﾆｯﾄ入退所予定表.xls,R7.5月,117,left,00055487,2025-05-15,2025-05-16,0,matched_exact
S_7c27df823f1a84da,ユニット,floor_out,2025-05-15,2025-05,木,ショート,1,,山口 一明,山口一明,09:00,,自宅,,excel_workbook,/Users/tama2025mini/.codex/attachments/2bb2ce51-9979-4bd6-aaef-7239236e92eb/アルボースﾕﾆｯﾄ入退所予定表.xls,R7.5月,117,right,00046976,2025-05-01,2025-05-15,0,matched_exact
S_978641bf25b92153,ユニット,floor_in,2025-05-16,2025-05,金,入所,1,新,加藤 要子,加藤要子,10:30,,群馬リハ,,excel_workbook,/Users/tama2025mini/.codex/attachments/2bb2ce51-9979-4bd6-aaef-7239236e92eb/アルボースﾕﾆｯﾄ入退所予定表.xls,R7.5月,125,left,00162975,2025-05-16,2026-02-09,0,matched_exact
S_babef679c6981e67,ユニット,floor_out,2025-05-16,2025-05,金,ショート,1,,関口 靖子,関口靖子,AM,送,自宅,,excel_workbook,/Users/tama2025mini/.codex/attachments/2bb2ce51-9979-4bd6-aaef-7239236e92eb/アルボースﾕﾆｯﾄ入退所予定表.xls,R7.5月,125,right,00055487,2025-05-15,2025-05-16,0,matched_exact
S_043c8d4904f33917,ユニット,floor_out,2025-05-26,2025-05,月,入所,1,,竹内 健次,竹内健次,,,2F,,excel_workbook,/Users/tama2025mini/.codex/attachments/2bb2ce51-9979-4bd6-aaef-7239236e92eb/アルボースﾕﾆｯﾄ入退所予定表.xls,R7.5月,205,right,00135831,2025-04-18,2025-05-25,-1,matched_within_tolerance
S_d032498cd3c0a797,ユニット,floor_out,2025-05-29,2025-05,木,ショート,1,,鵤木 静江,鵤木静江,10:00,,自宅,,excel_workbook,/Users/tama2025mini/.codex/attachments/2bb2ce51-9979-4bd6-aaef-7239236e92eb/アルボースﾕﾆｯﾄ入退所予定表.xls,R7.5月,229,right,00094530,2025-05-14,2025-05-29,0,matched_exact
S_36a7ee67581bc878,ユニット,floor_in,2025-05-31,2025-05,土,ショート,1,,鵤木 静江,鵤木静江,10:30,,自宅,,excel_workbook,/Users/tama2025mini/.codex/attachments/2bb2ce51-9979-4bd6-aaef-7239236e92eb/アルボースﾕﾆｯﾄ入退所予定表.xls,R7.5月,245,left,00094530,2025-05-31,2025-06-12,0,matched_exact
S_c25703bcddec703b,ユニット,floor_in,2025-05-31,2025-05,土,ショート,1,,山口 一明,山口一明,AM,迎,自宅,,excel_workbook,/Users/tama2025mini/.codex/attachments/2bb2ce51-9979-4bd6-aaef-7239236e92eb/アルボースﾕﾆｯﾄ入退所予定表.xls,R7.5月,251,left,00046976,2025-05-31,2025-06-16,0,matched_exact
S_f17748312f95fdd6,ユニット,floor_out,2025-06-05,2025-06,木,ショート,1,,星野 タカ子,星野タカ子,AM,送,自宅,,excel_workbook,/Users/tama2025mini/.codex/attachments/2bb2ce51-9979-4bd6-aaef-7239236e92eb/アルボースﾕﾆｯﾄ入退所予定表.xls,R7.6月,37,right,00134463,2025-05-12,2025-06-05,0,matched_exact
S_b7bc5aaeb218300a,ユニット,floor_in,2025-06-09,2025-06,月,入所,1,,星野 タカ子,星野タカ子,10:30,,自宅,,excel_workbook,/Users/tama2025mini/.codex/attachments/2bb2ce51-9979-4bd6-aaef-7239236e92eb/アルボースﾕﾆｯﾄ入退所予定表.xls,R7.6月,69,left,00134463,2025-06-09,2025-09-27,0,matched_exact
S_acc0e220a01e090a,ユニット,floor_out,2025-06-12,2025-06,木,ショート,1,,鵤木 静枝,鵤木静枝,10:00,,自宅,,excel_workbook,/Users/tama2025mini/.codex/attachments/2bb2ce51-9979-4bd6-aaef-7239236e92eb/アルボースﾕﾆｯﾄ入退所予定表.xls,R7.6月,93,right,00094530,2025-05-31,2025-06-12,0,matched_boundary_only_name_mismatch
S_a647e88637daa537,ユニット,floor_in,2025-06-14,2025-06,土,入所,1,,鵤木 静枝,鵤木静枝,10:30,,自宅,,excel_workbook,/Users/tama2025mini/.codex/attachments/2bb2ce51-9979-4bd6-aaef-7239236e92eb/アルボースﾕﾆｯﾄ入退所予定表.xls,R7.6月,109,left,00094530,2025-06-14,2025-10-15,0,matched_boundary_only_name_mismatch
S_d58b12f7a30066c1,ユニット,floor_out,2025-06-16,2025-06,月,ショート,1,,山口 一明,山口一明,AM,送,自宅,,excel_workbook,/Users/tama2025mini/.codex/attachments/2bb2ce51-9979-4bd6-aaef-7239236e92eb/アルボースﾕﾆｯﾄ入退所予定表.xls,R7.6月,125,right,00046976,2025-05-31,2025-06-16,0,matched_exact
S_5cddd30281fea5ef,ユニット,floor_in,2025-06-19,2025-06,木,ショート,1,,関口 靖子,関口靖子,AM,迎,自宅,,excel_workbook,/Users/tama2025mini/.codex/attachments/2bb2ce51-9979-4bd6-aaef-7239236e92eb/アルボースﾕﾆｯﾄ入退所予定表.xls,R7.6月,149,left,00055487,2025-06-19,2025-06-20,0,matched_exact
S_dfb98a68cd5d6821,ユニット,floor_out,2025-06-20,2025-06,金,ショート,1,,関口 靖子,関口靖子,AM,送,自宅,,excel_workbook,/Users/tama2025mini/.codex/attachments/2bb2ce51-9979-4bd6-aaef-7239236e92eb/アルボースﾕﾆｯﾄ入退所予定表.xls,R7.6月,157,right,00055487,2025-06-19,2025-06-20,0,matched_exact
S_c7844a0393a9a559,ユニット,floor_in,2025-06-21,2025-06,土,ショート,1,,磯田 カヅ子,磯田カヅ子,10:30,,自宅,,excel_workbook,/Users/tama2025mini/.codex/attachments/2bb2ce51-9979-4bd6-aaef-7239236e92eb/アルボースﾕﾆｯﾄ入退所予定表.xls,R7.6月,165,left,00141394,2025-06-21,2025-06-23,0,matched_exact
S_d28e59fb47450a63,ユニット,floor_in,2025-06-23,2025-06,月,ショート,1,,五十嵐 秀夫,五十嵐秀夫,10:30,,自宅,,excel_workbook,/Users/tama2025mini/.codex/attachments/2bb2ce51-9979-4bd6-aaef-7239236e92eb/アルボースﾕﾆｯﾄ入退所予定表.xls,R7.6月,181,left,00152259,2025-06-23,2025-06-25,0,matched_exact
S_ea4974cc063e4dd4,ユニット,floor_out,2025-06-23,2025-06,月,ショート,1,,磯田 カヅ子,磯田カヅ子,10:00,,自宅,,excel_workbook,/Users/tama2025mini/.codex/attachments/2bb2ce51-9979-4bd6-aaef-7239236e92eb/アルボースﾕﾆｯﾄ入退所予定表.xls,R7.6月,181,right,00141394,2025-06-21,2025-06-23,0,matched_exact
S_84deb78b24c01e2b,ユニット,floor_in,2025-06-25,2025-06,水,ショート,1,,奥原 孝子,奥原孝子,10:30,,自宅,,excel_workbook,/Users/tama2025mini/.codex/attachments/2bb2ce51-9979-4bd6-aaef-7239236e92eb/アルボースﾕﾆｯﾄ入退所予定表.xls,R7.6月,197,left,00131740,2025-06-25,2025-06-28,0,matched_exact
S_eb8c94407e66b727,ユニット,floor_out,2025-06-25,2025-06,水,ショート,1,,五十嵐 秀夫,五十嵐秀夫,AM,送,自宅,,excel_workbook,/Users/tama2025mini/.codex/attachments/2bb2ce51-9979-4bd6-aaef-7239236e92eb/アルボースﾕﾆｯﾄ入退所予定表.xls,R7.6月,197,right,00152259,2025-06-23,2025-06-25,0,matched_exact
S_1e92c279cbf8bd54,ユニット,floor_in,2025-06-28,2025-06,土,ショート,1,再,原嶋 キン,原嶋キン,10:30,,自宅,,excel_workbook,/Users/tama2025mini/.codex/attachments/2bb2ce51-9979-4bd6-aaef-7239236e92eb/アルボースﾕﾆｯﾄ入退所予定表.xls,R7.6月,221,left,00095955,2025-06-28,2025-06-30,0,matched_exact
S_684c45b67f15b667,ユニット,floor_out,2025-06-28,2025-06,土,ショート,1,,奥原 孝子,奥原孝子,10:00,,自宅,,excel_workbook,/Users/tama2025mini/.codex/attachments/2bb2ce51-9979-4bd6-aaef-7239236e92eb/アルボースﾕﾆｯﾄ入退所予定表.xls,R7.6月,221,right,00131740,2025-06-25,2025-06-28,0,matched_exact
S_bf639ec1406a3023,ユニット,floor_out,2025-06-30,2025-06,月,ショート,1,,原嶋 キン,原嶋キン,16:00,,自宅,,excel_workbook,/Users/tama2025mini/.codex/attachments/2bb2ce51-9979-4bd6-aaef-7239236e92eb/アルボースﾕﾆｯﾄ入退所予定表.xls,R7.6月,237,right,00095955,2025-06-28,2025-06-30,0,matched_exact
