user_id,note,latest_status,total_episodes,completed_episodes,is_current,current_episode_id,latest_admission_date,latest_discharge_date,latest_seen_date,latest_floor,latest_admission_type,average_stay_days,readmission_interval_count,average_readmission_interval_days,estimated_usage_cycle_days,next_expected_admission_date,days_until_expected_admission,followup_alert,followup_priority,followup_category,followup_excluded,exclusion_reason,exclusion_detail,followup_window_start,followup_window_end,followup_reason
00002999,,除外,3,3,false,,2025-05-17,2025-09-25,2025-09-25,2F,,109,2,4,4,2025-09-29,-244,false,,対象外,true,施設退所,特養アミーキ / 施設退所,2026-05-31,2026-06-30,
00009045,,利用中,1,0,true,E_00009045_20251105,2025-11-05,,2026-05-31,3F,長期,208,0,,,,,false,,利用中,false,,,2026-05-31,2026-06-30,
00011023,,利用中,1,0,true,E_00011023_20260116,2026-01-16,,2026-05-31,2F,長期,136,0,,,,,false,,利用中,false,,,2026-05-31,2026-06-30,
00014028,,退所済,1,1,false,,2026-05-15,2026-05-20,2026-05-20,ユニット,,6,0,,,,,false,,周期不足,false,,,2026-05-31,2026-06-30,
00014287,,除外,2,2,false,,2025-04-24,2025-07-09,2025-07-09,2F,,49,1,6,6,2025-07-15,-320,false,,対象外,true,死亡退院,死亡 / 死亡退所,2026-05-31,2026-06-30,
00017349,,退所済,1,1,false,,2025-06-13,2026-05-19,2026-05-19,3F,,341,0,,,,,false,,周期不足,false,,,2026-05-31,2026-06-30,
00020430,,利用中,3,2,true,E_00020430_20250707,2025-07-07,,2026-05-31,2F,長期,314,2,3,3,,,false,,利用中,false,,,2026-05-31,2026-06-30,
00020434,,退所済,1,1,false,,2026-05-01,2026-05-04,2026-05-04,3F,短期,4,0,,,,,false,,周期不足,false,,,2026-05-31,2026-06-30,
00021571,,利用中,2,1,true,E_00021571_20251225,2025-12-25,,2026-05-31,3F,長期,80,1,34,34,,,false,,利用中,false,,,2026-05-31,2026-06-30,
00023273,,除外,1,1,false,,2025-04-11,2025-07-09,2025-07-09,2F,,90,0,,,,,false,,対象外,true,施設退所,住宅型有料「東ライフライン」 / 施設退所,2026-05-31,2026-06-30,
00023757,,除外,1,1,false,,2021-10-20,2026-05-22,2026-05-22,ユニット,,1676,0,,,,,false,,対象外,true,死亡退院,死亡 / 死亡退所,2026-05-31,2026-06-30,
00024310,,利用中,1,0,true,E_00024310_20260513,2026-05-13,,2026-05-31,3F,長期,19,0,,,,,false,,利用中,false,,,2026-05-31,2026-06-30,
00027925,,除外,3,3,false,,2026-01-14,2026-03-14,2026-03-14,3F,,128,2,3,3,2026-03-17,-75,false,,対象外,true,施設退所,介護付有料 / 施設退所,2026-05-31,2026-06-30,
00028032,,利用中,4,3,true,E_00028032_20260210,2026-02-10,,2026-05-31,2F,長期,72,3,5,5,,,false,,利用中,false,,,2026-05-31,2026-06-30,
00028545,,利用中,5,4,true,E_00028545_20260131,2026-01-31,,2026-05-31,2F,長期,68,4,18,18,,,false,,利用中,false,,,2026-05-31,2026-06-30,
00028837,,退所済,10,10,false,,2026-05-01,2026-05-06,2026-05-06,2F,,5,9,41,41,2026-06-16,16,true,低,今後30日以内,false,,,2026-05-31,2026-06-30,平均41日周期の想定再利用日まで16日
00030604,,退所済,1,1,false,,2025-07-14,2025-11-02,2025-11-02,2F,,112,0,,,,,false,,周期不足,false,,,2026-05-31,2026-06-30,
00041772,,退所済,1,1,false,,2025-08-15,2025-10-11,2025-10-11,2F,,58,0,,,,,false,,周期不足,false,,,2026-05-31,2026-06-30,
00042165,,利用中,5,4,true,E_00042165_20260216,2026-02-16,,2026-05-31,2F,長期,84,4,22,22,,,false,,利用中,false,,,2026-05-31,2026-06-30,
00042757,,利用中,3,2,true,E_00042757_20250811,2025-08-11,,2026-05-31,2F,長期,150,2,4,4,,,false,,利用中,false,,,2026-05-31,2026-06-30,
00045762,,退所済,1,1,false,,2025-11-06,2025-12-19,2025-12-19,2F,,44,0,,,,,false,,周期不足,false,,,2026-05-31,2026-06-30,
00046976,,退所済,12,12,false,,2026-04-18,2026-05-09,2026-05-09,ユニット,,13,11,24,24,2026-06-02,2,true,高,今後30日以内,false,,,2026-05-31,2026-06-30,平均24日周期の想定再利用日まで2日
00048877,,利用中,3,2,true,E_00048877_20250816,2025-08-16,,2026-05-31,2F,長期,373,2,1,1,,,false,,利用中,false,,,2026-05-31,2026-06-30,
00050154,,退所済,15,15,false,,2026-05-26,2026-05-28,2026-05-28,3F,,3,14,26,26,2026-06-23,23,true,低,今後30日以内,false,,,2026-05-31,2026-06-30,平均26日周期の想定再利用日まで23日
00050546,,利用中,1,0,true,E_00050546_20260226,2026-02-26,,2026-05-31,2F,長期,95,0,,,,,false,,利用中,false,,,2026-05-31,2026-06-30,
00050567,,退所済,2,2,false,,2025-06-09,2025-12-19,2025-12-19,2F,,98,1,1,1,2025-12-20,-162,false,別枠,60日以上超過,false,,,2026-05-31,2026-06-30,平均1日周期の想定再利用日を162日超過
00050841,,利用中,2,1,true,E_00050841_20260203,2026-02-03,,2026-05-31,2F,長期,62,1,1,1,,,false,,利用中,false,,,2026-05-31,2026-06-30,
00050974,,退所済,1,1,false,,2025-05-26,2025-05-28,2025-05-28,2F,,3,0,,,,,false,,周期不足,false,,,2026-05-31,2026-06-30,
00051294,,利用中,8,7,true,E_00051294_20260518,2026-05-18,,2026-05-31,2F,長期,62,7,5,5,,,false,,利用中,false,,,2026-05-31,2026-06-30,
00051362,,利用中,1,0,true,E_00051362_20260530,2026-05-30,,2026-05-31,ユニット,短期,2,0,,,,,false,,利用中,false,,,2026-05-31,2026-06-30,
00052434,,退所済,13,13,false,,2026-05-15,2026-05-18,2026-05-18,2F,,4,12,30,30,2026-06-17,17,true,低,今後30日以内,false,,,2026-05-31,2026-06-30,平均30日周期の想定再利用日まで17日
00053616,,利用中,1,0,true,E_00053616_20260309,2026-03-09,,2026-05-31,3F,長期,84,0,,,,,false,,利用中,false,,,2026-05-31,2026-06-30,
00054022,,退所済,2,2,false,,2026-02-12,2026-02-17,2026-02-17,2F,,4,1,8,8,2026-02-25,-95,false,別枠,60日以上超過,false,,,2026-05-31,2026-06-30,平均8日周期の想定再利用日を95日超過
00054209,,利用中,4,3,true,E_00054209_20260409,2026-04-09,,2026-05-31,2F,長期,74,3,35,35,,,false,,利用中,false,,,2026-05-31,2026-06-30,
00054284,,利用中,3,2,true,E_00054284_20250729,2025-07-29,,2026-05-31,3F,長期,152,2,10,10,,,false,,利用中,false,,,2026-05-31,2026-06-30,
00054821,,除外,3,3,false,,2025-09-13,2026-03-21,2026-03-21,3F,,118,2,7,7,2026-03-28,-64,false,,対象外,true,施設退所,住宅型有料 / 施設退所,2026-05-31,2026-06-30,
00055204,,退所済,3,3,false,,2025-10-29,2025-11-02,2025-11-02,ユニット,,5,2,79,79,2026-01-20,-131,false,別枠,60日以上超過,false,,,2026-05-31,2026-06-30,平均79日周期の想定再利用日を131日超過
00055487,,退所済,3,3,false,,2025-06-19,2025-06-20,2025-06-20,ユニット,,2,2,30,30,2025-07-20,-315,false,別枠,60日以上超過,false,,,2026-05-31,2026-06-30,平均30日周期の想定再利用日を315日超過
00055539,,退所済,2,2,false,,2025-08-09,2025-08-14,2025-08-14,2F,,6,1,94,94,2025-11-16,-196,false,別枠,60日以上超過,false,,,2026-05-31,2026-06-30,平均94日周期の想定再利用日を196日超過
00057874,,除外,1,1,false,,2025-07-01,2025-07-02,2025-07-02,2F,,2,0,,,,,false,,対象外,true,死亡退院,死亡 / 死亡退所,2026-05-31,2026-06-30,
00059692,,退所済,1,1,false,,2025-02-03,2025-04-12,2025-04-12,2F,,69,0,,,,,false,,周期不足,false,,,2026-05-31,2026-06-30,
00059906,,退所済,1,1,false,,2025-02-26,2025-08-14,2025-08-14,3F,,170,0,,,,,false,,周期不足,false,,,2026-05-31,2026-06-30,
00060337,,退所済,5,5,false,,2025-08-16,2025-08-27,2025-08-27,2F,,12,4,20,20,2025-09-16,-257,false,別枠,60日以上超過,false,,,2026-05-31,2026-06-30,平均20日周期の想定再利用日を257日超過
00060895,,利用中,1,0,true,E_00060895_20260311,2026-03-11,,2026-05-31,3F,長期,82,0,,,,,false,,利用中,false,,,2026-05-31,2026-06-30,
00060950,,退所済,13,13,false,,2026-05-11,2026-05-14,2026-05-14,2F,,5,12,28,28,2026-06-11,11,true,中,今後30日以内,false,,,2026-05-31,2026-06-30,平均28日周期の想定再利用日まで11日
00061228,,退所済,1,1,false,,2025-03-18,2025-05-30,2025-05-30,2F,,74,0,,,,,false,,周期不足,false,,,2026-05-31,2026-06-30,
00062378,,退所済,2,2,false,,2025-09-29,2025-10-29,2025-10-29,2F,,18,1,37,37,2025-12-05,-177,false,別枠,60日以上超過,false,,,2026-05-31,2026-06-30,平均37日周期の想定再利用日を177日超過
00066541,,退所済,1,1,false,,2024-11-16,2025-09-05,2025-09-05,3F,,294,0,,,,,false,,周期不足,false,,,2026-05-31,2026-06-30,
00069873,,退所済,4,4,false,,2025-12-18,2026-02-22,2026-02-22,2F,,82,3,5,5,2026-02-27,-93,false,別枠,60日以上超過,false,,,2026-05-31,2026-06-30,平均5日周期の想定再利用日を93日超過
00070078,,退所済,2,2,false,,2025-09-17,2025-10-21,2025-10-21,3F,,19,1,60,60,2025-12-20,-162,false,別枠,60日以上超過,false,,,2026-05-31,2026-06-30,平均60日周期の想定再利用日を162日超過
00070507,,退所済,1,1,false,,2025-12-17,2026-05-08,2026-05-08,2F,,143,0,,,,,false,,周期不足,false,,,2026-05-31,2026-06-30,
00072267,,除外,1,1,false,,2024-03-30,2025-09-06,2025-09-06,3F,,526,0,,,,,false,,対象外,true,死亡退院,死亡 / 死亡退所,2026-05-31,2026-06-30,
00074049,,利用中,26,25,true,E_00074049_20260523,2026-05-23,,2026-05-31,2F,長期,9,25,8,8,,,false,,利用中,false,,,2026-05-31,2026-06-30,
00074478,,除外,1,1,false,,2025-02-28,2026-03-17,2026-03-17,2F,,383,0,,,,,false,,対象外,true,施設退所,特養「小泉の杜」 / 施設退所,2026-05-31,2026-06-30,
00076641,,利用中,1,0,true,E_00076641_20240819,2024-08-19,,2026-05-31,3F,長期,651,0,,,,,false,,利用中,false,,,2026-05-31,2026-06-30,
00077047,,利用中,1,0,true,E_00077047_20250911,2025-09-11,,2026-05-31,3F,長期,263,0,,,,,false,,利用中,false,,,2026-05-31,2026-06-30,
00077083,,利用中,2,1,true,E_00077083_20250502,2025-05-02,,2026-05-31,3F,長期,202,1,1,1,,,false,,利用中,false,,,2026-05-31,2026-06-30,
00078507,,利用中,5,4,true,E_00078507_20260409,2026-04-09,,2026-05-31,2F,長期,89,4,6,6,,,false,,利用中,false,,,2026-05-31,2026-06-30,
00079686,,利用中,2,1,true,E_00079686_20260422,2026-04-22,,2026-05-31,2F,長期,24,1,10,10,,,false,,利用中,false,,,2026-05-31,2026-06-30,
00081292,,利用中,7,6,true,E_00081292_20250920,2025-09-20,,2026-05-31,3F,長期,40,6,12,12,,,false,,利用中,false,,,2026-05-31,2026-06-30,
00081906,,利用中,11,10,true,E_00081906_20260525,2026-05-25,,2026-05-31,2F,長期,5,10,26,26,,,false,,利用中,false,,,2026-05-31,2026-06-30,
00082392,,利用中,6,5,true,E_00082392_20260224,2026-02-24,,2026-05-31,2F,長期,76,5,2,2,,,false,,利用中,false,,,2026-05-31,2026-06-30,
00082424,,利用中,3,2,true,E_00082424_20260507,2026-05-07,,2026-05-31,2F,長期,48,2,6,6,,,false,,利用中,false,,,2026-05-31,2026-06-30,
00082806,,除外,2,2,false,,2025-11-01,2026-01-15,2026-01-15,2F,,43,1,1,1,2026-01-16,-135,false,,対象外,true,施設退所,住宅型有料「つつじが岡」 / 施設退所,2026-05-31,2026-06-30,
00083160,,退所済,25,25,false,,2026-04-27,2026-05-13,2026-05-13,3F,,6,24,12,12,2026-05-25,-6,true,高,直近超過1-59日,false,,,2026-05-31,2026-06-30,平均12日周期の想定再利用日を6日超過
00084730,,利用中,1,0,true,E_00084730_20260106,2026-01-06,,2026-05-31,3F,長期,146,0,,,,,false,,利用中,false,,,2026-05-31,2026-06-30,
00088736,,退所済,4,4,false,,2025-09-29,2025-10-04,2025-10-04,3F,,18,3,17,17,2025-10-21,-222,false,別枠,60日以上超過,false,,,2026-05-31,2026-06-30,平均17日周期の想定再利用日を222日超過
00089032,,退所済,2,2,false,,2026-04-11,2026-04-13,2026-04-13,2F,,4,1,259,259,2026-12-28,211,false,,対象外,false,,,2026-05-31,2026-06-30,
00089244,,除外,4,4,false,,2025-06-18,2025-10-14,2025-10-14,3F,,83,3,2,2,2025-10-16,-227,false,,対象外,true,死亡退院,死亡 / 死亡退所,2026-05-31,2026-06-30,
00089421,,利用中,1,0,true,E_00089421_20260302,2026-03-02,,2026-05-31,2F,長期,91,0,,,,,false,,利用中,false,,,2026-05-31,2026-06-30,
00090744,,除外,1,1,false,,2024-12-18,2025-06-21,2025-06-21,3F,,186,0,,,,,false,,対象外,true,死亡退院,死亡 / 死亡退所,2026-05-31,2026-06-30,
00092160,,除外,1,1,false,,2025-01-18,2025-12-10,2025-12-10,3F,,327,0,,,,,false,,対象外,true,施設退所,GH,2026-05-31,2026-06-30,
00092183,,退所済,14,14,false,,2026-05-16,2026-05-20,2026-05-20,2F,,6,13,27,27,2026-06-16,16,true,低,今後30日以内,false,,,2026-05-31,2026-06-30,平均27日周期の想定再利用日まで16日
00092936,,退所済,15,15,false,,2026-05-12,2026-05-16,2026-05-16,2F,,7,14,22,22,2026-06-07,7,true,高,今後30日以内,false,,,2026-05-31,2026-06-30,平均22日周期の想定再利用日まで7日
00092998,,利用中,2,1,true,E_00092998_20260520,2026-05-20,,2026-05-31,2F,,8,1,19,19,,,false,,利用中,false,,,2026-05-31,2026-06-30,
00093421,,退所済,3,3,false,,2025-05-21,2025-09-18,2025-09-18,2F,,111,2,3,3,2025-09-21,-252,false,別枠,60日以上超過,false,,,2026-05-31,2026-06-30,平均3日周期の想定再利用日を252日超過
00094530,,利用中,6,5,true,E_00094530_20260522,2026-05-22,,2026-05-31,ユニット,長期,86,5,11,11,,,false,,利用中,false,,,2026-05-31,2026-06-30,
00094866,,利用中,2,1,true,E_00094866_20251009,2025-10-09,,2026-05-31,3F,長期,188,1,90,90,,,false,,利用中,false,,,2026-05-31,2026-06-30,
00095547,,除外,1,1,false,,2025-06-02,2025-09-01,2025-09-01,2F,,92,0,,,,,false,,対象外,true,施設退所,特養「ゆたか」 / 施設退所,2026-05-31,2026-06-30,
00095955,,退所済,1,1,false,,2025-06-28,2025-06-30,2025-06-30,ユニット,,3,0,,,,,false,,周期不足,false,,,2026-05-31,2026-06-30,
00096466,,利用中,10,9,true,E_00096466_20251218,2025-12-18,,2026-05-31,3F,長期,38,9,6,6,,,false,,利用中,false,,,2026-05-31,2026-06-30,
00096864,,退所済,14,14,false,,2026-05-14,2026-05-20,2026-05-20,3F,,8,13,24,24,2026-06-13,13,true,中,今後30日以内,false,,,2026-05-31,2026-06-30,平均24日周期の想定再利用日まで13日
00097034,,除外,3,3,false,,2025-05-12,2026-01-12,2026-01-12,3F,,130,2,3,3,2026-01-15,-136,false,,対象外,true,施設退所,特養 / 施設退所,2026-05-31,2026-06-30,
00097889,,利用中,1,0,true,E_00097889_20241029,2024-10-29,,2026-05-31,3F,長期,580,0,,,,,false,,利用中,false,,,2026-05-31,2026-06-30,
00098048,,退所済,1,1,false,,2026-02-25,2026-02-28,2026-02-28,ユニット,,4,0,,,,,false,,周期不足,false,,,2026-05-31,2026-06-30,
00098319,,退所済,1,1,false,,2025-09-26,2025-11-10,2025-11-10,2F,,46,0,,,,,false,,周期不足,false,,,2026-05-31,2026-06-30,
00099724,,除外,1,1,false,,2025-02-13,2025-09-11,2025-09-11,3F,,211,0,,,,,false,,対象外,true,死亡退院,死亡 / 死亡退所,2026-05-31,2026-06-30,
00100042,,退所済,1,1,false,,2025-02-17,2025-11-18,2025-11-18,2F,長期,275,0,,,,,false,,周期不足,false,,,2026-05-31,2026-06-30,
00100621,,除外,1,1,false,,2024-01-22,2025-06-04,2025-06-04,3F,,500,0,,,,,false,,対象外,true,施設退所,住宅型有料「笑ふく」 / 施設退所,2026-05-31,2026-06-30,
00100859,,退所済,7,7,false,,2026-01-22,2026-04-02,2026-04-02,3F,,16,6,44,44,2026-05-16,-15,true,高,直近超過1-59日,false,,,2026-05-31,2026-06-30,平均44日周期の想定再利用日を15日超過
00101111,,除外,4,4,false,,2025-07-07,2026-03-10,2026-03-10,3F,,112,3,3,3,2026-03-13,-79,false,,対象外,true,死亡退院,死亡 / 死亡退所,2026-05-31,2026-06-30,
00102827,,退所済,28,28,false,,2026-02-06,2026-02-10,2026-02-10,3F,,7,27,5,5,2026-02-15,-105,false,別枠,60日以上超過,false,,,2026-05-31,2026-06-30,平均5日周期の想定再利用日を105日超過
00103521,,利用中,9,8,true,E_00103521_20260422,2026-04-22,,2026-05-31,2F,長期,41,8,8,8,,,false,,利用中,false,,,2026-05-31,2026-06-30,
00103789,,退所済,1,1,false,,2025-01-14,2025-04-16,2025-04-16,2F,,93,0,,,,,false,,周期不足,false,,,2026-05-31,2026-06-30,
00103812,,除外,1,1,false,,2023-12-20,2025-07-14,2025-07-14,3F,,573,0,,,,,false,,対象外,true,施設退所,「住宅型有料」WILL / 施設退所,2026-05-31,2026-06-30,
00104287,,退所済,1,1,false,,2025-09-02,2025-09-05,2025-09-05,2F,,4,0,,,,,false,,周期不足,false,,,2026-05-31,2026-06-30,
00104919,,利用中,1,0,true,E_00104919_20240827,2024-08-27,,2026-05-31,3F,長期,643,0,,,,,false,,利用中,false,,,2026-05-31,2026-06-30,
00105279,,退所済,1,1,false,,2026-05-08,2026-05-11,2026-05-11,2F,,4,0,,,,,false,,周期不足,false,,,2026-05-31,2026-06-30,
00105798,,退所済,2,2,false,,2025-07-14,2025-10-20,2025-10-20,ユニット,,139,1,59,59,2025-12-18,-164,false,別枠,60日以上超過,false,,,2026-05-31,2026-06-30,平均59日周期の想定再利用日を164日超過
00106138,,退所済,1,1,false,,2026-04-30,2026-05-06,2026-05-06,3F,,7,0,,,,,false,,周期不足,false,,,2026-05-31,2026-06-30,
00106457,,退所済,1,1,false,,2025-06-23,2025-06-25,2025-06-25,2F,,3,0,,,,,false,,周期不足,false,,,2026-05-31,2026-06-30,
00106591,,退所済,1,1,false,,2025-08-20,2025-08-21,2025-08-21,2F,,2,0,,,,,false,,周期不足,false,,,2026-05-31,2026-06-30,
00106631,,除外,1,1,false,,2024-08-26,2025-06-06,2025-06-06,3F,,285,0,,,,,false,,対象外,true,施設退所,サ高住「こうばやしの家」 / 施設退所,2026-05-31,2026-06-30,
00106776,,退所済,1,1,false,,2026-03-02,2026-03-04,2026-03-04,2F,,3,0,,,,,false,,周期不足,false,,,2026-05-31,2026-06-30,
00106970,,利用中,2,1,true,E_00106970_20250616,2025-06-16,,2026-05-31,2F,長期,216,1,14,14,,,false,,利用中,false,,,2026-05-31,2026-06-30,
00107616,,退所済,15,15,false,,2026-05-16,2026-05-19,2026-05-19,2F,,6,14,24,24,2026-06-12,12,true,中,今後30日以内,false,,,2026-05-31,2026-06-30,平均24日周期の想定再利用日まで12日
00107882,,利用中,1,0,true,E_00107882_20260413,2026-04-13,,2026-05-31,2F,長期,49,0,,,,,false,,利用中,false,,,2026-05-31,2026-06-30,
00107995,,利用中,33,32,true,E_00107995_20260529,2026-05-29,,2026-05-31,3F,短期,7,32,7,7,,,false,,利用中,false,,,2026-05-31,2026-06-30,
00108449,,利用中,2,1,true,E_00108449_20250430,2025-04-30,,2026-05-31,2F,長期,209,1,8,8,,,false,,利用中,false,,,2026-05-31,2026-06-30,
00108883,,退所済,1,1,false,,2025-09-20,2025-09-22,2025-09-22,3F,,3,0,,,,,false,,周期不足,false,,,2026-05-31,2026-06-30,
00109276,,退所済,3,3,false,,2026-02-27,2026-05-09,2026-05-09,2F,,85,2,57,57,2026-07-05,35,false,,対象外,false,,,2026-05-31,2026-06-30,
00112027,,除外,7,7,false,,2025-12-19,2026-03-22,2026-03-22,3F,,72,6,3,3,2026-03-25,-67,false,,対象外,true,死亡退院,死亡 / 死亡退所,2026-05-31,2026-06-30,
00112713,,退所済,2,2,false,,2025-12-23,2026-03-24,2026-03-24,2F,,94,1,30,30,2026-04-23,-38,true,高,直近超過1-59日,false,,,2026-05-31,2026-06-30,平均30日周期の想定再利用日を38日超過
00113600,,利用中,4,3,true,E_00113600_20250724,2025-07-24,,2026-05-31,3F,長期,216,3,2,2,,,false,,利用中,false,,,2026-05-31,2026-06-30,
00114125,,退所済,1,1,false,,2025-10-30,2025-12-15,2025-12-15,2F,,47,0,,,,,false,,周期不足,false,,,2026-05-31,2026-06-30,
00114754,,利用中,30,29,true,E_00114754_20260530,2026-05-30,,2026-05-31,2F,短期,7,29,8,8,,,false,,利用中,false,,,2026-05-31,2026-06-30,
00115009,,除外,1,1,false,,2025-07-23,2025-11-19,2025-11-19,3F,,120,0,,,,,false,,対象外,true,施設退所,住宅型有料 / 施設退所,2026-05-31,2026-06-30,
00115453,,除外,4,4,false,,2025-06-14,2025-06-26,2025-06-26,2F,,11,3,18,18,2025-07-14,-321,false,,対象外,true,施設退所,特養「あいの詩」 / 施設退所,2026-05-31,2026-06-30,
00116523,,利用中,3,2,true,E_00116523_20250721,2025-07-21,,2026-05-31,3F,長期,165,2,2,2,,,false,,利用中,false,,,2026-05-31,2026-06-30,
00117662,,退所済,1,1,false,,2025-08-08,2025-08-10,2025-08-10,2F,,3,0,,,,,false,,周期不足,false,,,2026-05-31,2026-06-30,
00118090,,利用中,7,6,true,E_00118090_20260512,2026-05-12,,2026-05-31,2F,長期,65,6,4,4,,,false,,利用中,false,,,2026-05-31,2026-06-30,
00120484,,利用中,4,3,true,E_00120484_20260414,2026-04-14,,2026-05-31,2F,長期,63,3,2,2,,,false,,利用中,false,,,2026-05-31,2026-06-30,
00120863,,利用中,1,0,true,E_00120863_20240830,2024-08-30,,2026-05-31,2F,長期,640,0,,,,,false,,利用中,false,,,2026-05-31,2026-06-30,
00121152,,利用中,8,7,true,E_00121152_20260514,2026-05-14,,2026-05-31,2F,長期,52,7,5,5,,,false,,利用中,false,,,2026-05-31,2026-06-30,
00121528,,退所済,1,1,false,,2025-05-27,2025-05-30,2025-05-30,2F,,4,0,,,,,false,,周期不足,false,,,2026-05-31,2026-06-30,
00121802,,退所済,1,1,false,,2025-10-20,2025-10-22,2025-10-22,ユニット,,3,0,,,,,false,,周期不足,false,,,2026-05-31,2026-06-30,
00121839,,退所済,4,4,false,,2025-11-14,2025-11-17,2025-11-17,2F,,30,3,35,35,2025-12-22,-160,false,別枠,60日以上超過,false,,,2026-05-31,2026-06-30,平均35日周期の想定再利用日を160日超過
00122184,,退所済,1,1,false,,2026-02-27,2026-03-03,2026-03-03,3F,,5,0,,,,,false,,周期不足,false,,,2026-05-31,2026-06-30,
00122276,,退所済,1,1,false,,2025-04-08,2025-04-19,2025-04-19,ユニット,,12,0,,,,,false,,周期不足,false,,,2026-05-31,2026-06-30,
00122949,,退所済,1,1,false,,2025-10-27,2025-11-29,2025-11-29,2F,,34,0,,,,,false,,周期不足,false,,,2026-05-31,2026-06-30,
00124842,,利用中,7,6,true,E_00124842_20260413,2026-04-13,,2026-05-31,2F,長期,59,6,4,4,,,false,,利用中,false,,,2026-05-31,2026-06-30,
00125158,,退所済,7,7,false,,2026-02-21,2026-05-29,2026-05-29,2F,,65,6,5,5,2026-06-03,3,true,高,今後30日以内,false,,,2026-05-31,2026-06-30,平均5日周期の想定再利用日まで3日
00127161,,利用中,1,0,true,E_00127161_20260515,2026-05-15,,2026-05-31,3F,長期,17,0,,,,,false,,利用中,false,,,2026-05-31,2026-06-30,
00127244,,利用中,3,2,true,E_00127244_20250617,2025-06-17,,2026-05-31,3F,長期,194,2,4,4,,,false,,利用中,false,,,2026-05-31,2026-06-30,
00129553,,利用中,3,2,true,E_00129553_20260508,2026-05-08,,2026-05-31,ユニット,長期,222,2,1,1,,,false,,利用中,false,,,2026-05-31,2026-06-30,
00129630,,退所済,6,6,false,,2026-01-10,2026-01-19,2026-01-19,2F,,43,5,11,11,2026-01-30,-121,false,別枠,60日以上超過,false,,,2026-05-31,2026-06-30,平均11日周期の想定再利用日を121日超過
00130963,,利用中,4,3,true,E_00130963_20250811,2025-08-11,,2026-05-31,3F,長期,108,3,4,4,,,false,,利用中,false,,,2026-05-31,2026-06-30,
00131740,,退所済,5,5,false,,2026-05-06,2026-05-08,2026-05-08,ユニット,,4,4,87,87,2026-08-03,64,false,,対象外,false,,,2026-05-31,2026-06-30,
00132185,,利用中,4,3,true,E_00132185_20250717,2025-07-17,,2026-05-31,3F,長期,169,3,3,3,,,false,,利用中,false,,,2026-05-31,2026-06-30,
00132208,,利用中,4,3,true,E_00132208_20260126,2026-01-26,,2026-05-31,3F,長期,123,3,7,7,,,false,,利用中,false,,,2026-05-31,2026-06-30,
00132374,,退所済,1,1,false,,2024-11-01,2025-05-02,2025-05-02,3F,,183,0,,,,,false,,周期不足,false,,,2026-05-31,2026-06-30,
00133246,,利用中,3,2,true,E_00133246_20260313,2026-03-13,,2026-05-31,2F,長期,193,2,34,34,,,false,,利用中,false,,,2026-05-31,2026-06-30,
00134007,,利用中,3,2,true,E_00134007_20250716,2025-07-16,,2026-05-31,2F,長期,233,2,1,1,,,false,,利用中,false,,,2026-05-31,2026-06-30,
00134391,,退所済,2,2,false,,2026-04-18,2026-04-22,2026-04-22,2F,,72,1,2,2,2026-04-24,-37,true,高,直近超過1-59日,false,,,2026-05-31,2026-06-30,平均2日周期の想定再利用日を37日超過
00134463,,利用中,5,4,true,E_00134463_20251028,2025-10-28,,2026-05-31,ユニット,長期,107,4,5,5,,,false,,利用中,false,,,2026-05-31,2026-06-30,
00134783,,退所済,7,7,false,,2026-02-14,2026-02-16,2026-02-16,2F,,23,6,26,26,2026-03-14,-78,false,別枠,60日以上超過,false,,,2026-05-31,2026-06-30,平均26日周期の想定再利用日を78日超過
00135729,,退所済,12,12,false,,2026-05-11,2026-05-14,2026-05-14,ユニット,,7,11,13,13,2026-05-27,-4,true,高,直近超過1-59日,false,,,2026-05-31,2026-06-30,平均13日周期の想定再利用日を4日超過
00135831,,除外,3,3,false,,2025-05-26,2025-06-24,2025-06-24,2F,,214,2,1,1,2025-06-25,-340,false,,対象外,true,死亡退院,死亡 / 死亡退所,2026-05-31,2026-06-30,
00135901,,利用中,1,0,true,E_00135901_20260526,2026-05-26,,2026-05-31,3F,長期,6,0,,,,,false,,利用中,false,,,2026-05-31,2026-06-30,
00135983,,退所済,1,1,false,,2025-08-20,2025-08-22,2025-08-22,3F,,3,0,,,,,false,,周期不足,false,,,2026-05-31,2026-06-30,
00136094,,利用中,2,1,true,E_00136094_20260525,2026-05-25,,2026-05-31,ユニット,長期,35,1,1,1,,,false,,利用中,false,,,2026-05-31,2026-06-30,
00136387,,退所済,2,2,false,,2025-12-04,2026-01-10,2026-01-10,ユニット,,42,1,2,2,2026-01-12,-139,false,別枠,60日以上超過,false,,,2026-05-31,2026-06-30,平均2日周期の想定再利用日を139日超過
00136653,,除外,2,2,false,,2026-02-23,2026-04-07,2026-04-07,2F,,26,1,2,2,2026-04-09,-52,false,,対象外,true,死亡退院,死亡 / 死亡退所,2026-05-31,2026-06-30,
00137071,,利用中,4,3,true,E_00137071_20251116,2025-11-16,,2026-05-31,3F,長期,100,3,2,2,,,false,,利用中,false,,,2026-05-31,2026-06-30,
00138290,,利用中,5,4,true,E_00138290_20260523,2026-05-23,,2026-05-31,2F,短期,16,4,77,77,,,false,,利用中,false,,,2026-05-31,2026-06-30,
00138385,,利用中,3,2,true,E_00138385_20260220,2026-02-20,,2026-05-31,3F,長期,286,2,6,6,,,false,,利用中,false,,,2026-05-31,2026-06-30,
00140931,,利用中,1,0,true,E_00140931_20250122,2025-01-22,,2026-05-31,2F,長期,495,0,,,,,false,,利用中,false,,,2026-05-31,2026-06-30,
00141394,,退所済,25,25,false,,2026-05-23,2026-05-25,2026-05-25,ユニット,,4,24,14,14,2026-06-08,8,true,中,今後30日以内,false,,,2026-05-31,2026-06-30,平均14日周期の想定再利用日まで8日
00141523,,退所済,1,1,false,,2026-04-15,2026-04-20,2026-04-20,ユニット,,6,0,,,,,false,,周期不足,false,,,2026-05-31,2026-06-30,
00141670,,除外,6,6,false,,2025-09-12,2025-10-27,2025-10-27,3F,,11,5,27,27,2025-11-23,-189,false,,対象外,true,施設退所,住宅型有料「優楽舎」 / 施設退所,2026-05-31,2026-06-30,
00141884,,退所済,7,7,false,,2026-05-22,2026-05-25,2026-05-25,3F,,6,6,9,9,2026-06-03,3,true,高,今後30日以内,false,,,2026-05-31,2026-06-30,平均9日周期の想定再利用日まで3日
00142228,,退所済,13,13,false,,2026-05-27,2026-05-29,2026-05-29,3F,,46,12,6,6,2026-06-04,4,true,高,今後30日以内,false,,,2026-05-31,2026-06-30,平均6日周期の想定再利用日まで4日
00142422,,除外,1,1,false,,2024-10-16,2025-05-14,2025-05-14,3F,,211,0,,,,,false,,対象外,true,死亡退院,死亡 / 死亡退所,2026-05-31,2026-06-30,
00142443,,利用中,5,4,true,E_00142443_20260523,2026-05-23,,2026-05-31,2F,長期,51,4,5,5,,,false,,利用中,false,,,2026-05-31,2026-06-30,
00142642,,退所済,3,3,false,,2026-01-28,2026-02-10,2026-02-10,2F,,20,2,6,6,2026-02-16,-104,false,別枠,60日以上超過,false,,,2026-05-31,2026-06-30,平均6日周期の想定再利用日を104日超過
00143303,,利用中,4,3,true,E_00143303_20250526,2025-05-26,,2026-05-31,3F,長期,162,3,4,4,,,false,,利用中,false,,,2026-05-31,2026-06-30,
00143482,,退所済,10,10,false,,2026-01-24,2026-01-31,2026-01-31,2F,,7,9,10,10,2026-02-10,-110,false,別枠,60日以上超過,false,,,2026-05-31,2026-06-30,平均10日周期の想定再利用日を110日超過
00144252,,退所済,3,3,false,,2025-12-10,2026-04-15,2026-04-15,ユニット,,109,2,86,86,2026-07-10,40,false,,対象外,false,,,2026-05-31,2026-06-30,
00144692,,利用中,5,4,true,E_00144692_20251007,2025-10-07,,2026-05-31,2F,長期,110,4,3,3,,,false,,利用中,false,,,2026-05-31,2026-06-30,
00145297,,除外,1,1,false,,2024-11-21,2025-04-18,2025-04-18,3F,,149,0,,,,,false,,対象外,true,施設退所,退所後は恵風荘入所 / 施設退所,2026-05-31,2026-06-30,
00145463,,利用中,14,13,true,E_00145463_20260416,2026-04-16,,2026-05-31,2F,長期,22,13,9,9,,,false,,利用中,false,,,2026-05-31,2026-06-30,
00145557,,退所済,1,1,false,,2025-02-27,2025-08-08,2025-08-08,2F,,163,0,,,,,false,,周期不足,false,,,2026-05-31,2026-06-30,
00145768,,除外,1,1,false,,2025-01-08,2025-04-22,2025-04-22,2F,,105,0,,,,,false,,対象外,true,施設退所,サ高住「パルクフローラ」 / 施設退所,2026-05-31,2026-06-30,
00146136,,退所済,1,1,false,,2025-04-26,2025-04-28,2025-04-28,2F,,3,0,,,,,false,,周期不足,false,,,2026-05-31,2026-06-30,
00146225,,利用中,3,2,true,E_00146225_20260113,2026-01-13,,2026-05-31,2F,長期,92,2,4,4,,,false,,利用中,false,,,2026-05-31,2026-06-30,
00146240,,利用中,5,4,true,E_00146240_20260309,2026-03-09,,2026-05-31,2F,長期,71,4,26,26,,,false,,利用中,false,,,2026-05-31,2026-06-30,
00146569,,利用中,1,0,true,E_00146569_20231015,2023-10-15,,2026-05-31,ユニット,長期,960,0,,,,,false,,利用中,false,,,2026-05-31,2026-06-30,
00146699,,退所済,1,1,false,,2025-05-27,2025-07-03,2025-07-03,3F,,38,0,,,,,false,,周期不足,false,,,2026-05-31,2026-06-30,
00146793,,利用中,10,9,true,E_00146793_20260322,2026-03-22,,2026-05-31,2F,長期,47,9,7,7,,,false,,利用中,false,,,2026-05-31,2026-06-30,
00147502,,除外,1,1,false,,2026-01-13,2026-02-11,2026-02-11,3F,,30,0,,,,,false,,対象外,true,死亡退院,死亡 / 死亡退所,2026-05-31,2026-06-30,
00147744,,利用中,8,7,true,E_00147744_20260319,2026-03-19,,2026-05-31,2F,長期,48,7,7,7,,,false,,利用中,false,,,2026-05-31,2026-06-30,
00148041,,利用中,3,2,true,E_00148041_20250814,2025-08-14,,2026-05-31,ユニット,長期,257,2,2,2,,,false,,利用中,false,,,2026-05-31,2026-06-30,
00148879,,利用中,4,3,true,E_00148879_20251015,2025-10-15,,2026-05-31,2F,長期,107,3,5,5,,,false,,利用中,false,,,2026-05-31,2026-06-30,
00149052,,退所済,14,14,false,,2026-05-13,2026-05-15,2026-05-15,2F,,3,13,28,28,2026-06-12,12,true,中,今後30日以内,false,,,2026-05-31,2026-06-30,平均28日周期の想定再利用日まで12日
00149229,,退所済,1,1,false,,2026-01-21,2026-01-26,2026-01-26,2F,,6,0,,,,,false,,周期不足,false,,,2026-05-31,2026-06-30,
00149589,,利用中,4,3,true,E_00149589_20260323,2026-03-23,,2026-05-31,2F,長期,66,3,4,4,,,false,,利用中,false,,,2026-05-31,2026-06-30,
00149982,,退所済,2,2,false,,2025-11-26,2026-03-29,2026-03-29,3F,,66,1,1,1,2026-03-30,-62,false,別枠,60日以上超過,false,,,2026-05-31,2026-06-30,平均1日周期の想定再利用日を62日超過
00150575,,利用中,7,6,true,E_00150575_20260513,2026-05-13,,2026-05-31,2F,長期,59,6,4,4,,,false,,利用中,false,,,2026-05-31,2026-06-30,
00150658,,利用中,4,3,true,E_00150658_20251024,2025-10-24,,2026-05-31,2F,長期,103,3,7,7,,,false,,利用中,false,,,2026-05-31,2026-06-30,
00151132,,利用中,7,6,true,E_00151132_20260511,2026-05-11,,2026-05-31,2F,短期,59,6,4,4,,,false,,利用中,false,,,2026-05-31,2026-06-30,
00152259,,利用中,15,14,true,E_00152259_20260402,2026-04-02,,2026-05-31,3F,長期,7,14,18,18,,,false,,利用中,false,,,2026-05-31,2026-06-30,
00153629,,除外,2,2,false,,2026-01-27,2026-02-11,2026-02-11,3F,,132,1,6,6,2026-02-17,-103,false,,対象外,true,死亡退院,死亡 / 死亡退所,2026-05-31,2026-06-30,
00154078,,退所済,6,6,false,,2026-05-11,2026-05-14,2026-05-14,2F,,4,5,76,76,2026-07-29,59,false,,対象外,false,,,2026-05-31,2026-06-30,
00154234,,退所済,8,8,false,,2026-05-19,2026-05-22,2026-05-22,2F,,8,7,37,37,2026-06-28,28,true,低,今後30日以内,false,,,2026-05-31,2026-06-30,平均37日周期の想定再利用日まで28日
00154374,,退所済,15,15,false,,2026-05-14,2026-05-16,2026-05-16,2F,,3,14,27,27,2026-06-12,12,true,中,今後30日以内,false,,,2026-05-31,2026-06-30,平均27日周期の想定再利用日まで12日
00154494,,退所済,2,2,false,,2026-02-04,2026-02-10,2026-02-10,2F,,6,1,101,101,2026-05-22,-9,true,高,直近超過1-59日,false,,,2026-05-31,2026-06-30,平均101日周期の想定再利用日を9日超過
00154926,,退所済,2,2,false,,2025-12-01,2026-02-28,2026-02-28,2F,,106,1,62,62,2026-05-01,-30,true,高,直近超過1-59日,false,,,2026-05-31,2026-06-30,平均62日周期の想定再利用日を30日超過
00155078,,利用中,8,7,true,E_00155078_20260515,2026-05-15,,2026-05-31,2F,短期,62,7,3,3,,,false,,利用中,false,,,2026-05-31,2026-06-30,
00155335,,退所済,1,1,false,,2025-02-14,2025-05-09,2025-05-09,2F,,85,0,,,,,false,,周期不足,false,,,2026-05-31,2026-06-30,
00155370,,利用中,7,6,true,E_00155370_20260211,2026-02-11,,2026-05-31,2F,長期,67,6,6,6,,,false,,利用中,false,,,2026-05-31,2026-06-30,
00155411,,除外,1,1,false,,2024-12-17,2025-11-12,2025-11-12,2F,,331,0,,,,,false,,対象外,true,施設退所,サ高住「うしいけ」 / 施設退所,2026-05-31,2026-06-30,
00155782,,退所済,1,1,false,,2024-12-28,2025-04-21,2025-04-21,3F,,115,0,,,,,false,,周期不足,false,,,2026-05-31,2026-06-30,
00155895,,除外,1,1,false,,2025-05-08,2025-07-22,2025-07-22,2F,,76,0,,,,,false,,対象外,true,施設退所,特養「いずみ」 / 施設退所,2026-05-31,2026-06-30,
00156186,,除外,1,1,false,,2024-06-14,2025-07-14,2025-07-14,ユニット,,396,0,,,,,false,,対象外,true,施設退所,有料「ちょうめい」 / 施設退所,2026-05-31,2026-06-30,
00157418,,利用中,4,3,true,E_00157418_20260522,2026-05-22,,2026-05-31,ユニット,長期,51,3,2,2,,,false,,利用中,false,,,2026-05-31,2026-06-30,
00157857,,退所済,1,1,false,,2025-01-11,2025-05-29,2025-05-29,3F,,139,0,,,,,false,,周期不足,false,,,2026-05-31,2026-06-30,
00158374,,退所済,1,1,false,,2025-11-27,2025-12-01,2025-12-01,3F,,5,0,,,,,false,,周期不足,false,,,2026-05-31,2026-06-30,
00159362,,利用中,4,3,true,E_00159362_20251215,2025-12-15,,2026-05-31,2F,長期,110,3,5,5,,,false,,利用中,false,,,2026-05-31,2026-06-30,
00159533,,除外,1,1,false,,2024-11-26,2025-05-31,2025-05-31,2F,,187,0,,,,,false,,対象外,true,施設退所,有料「上泉」 / 施設退所,2026-05-31,2026-06-30,
00159547,,退所済,1,1,false,,2025-11-25,2026-02-10,2026-02-10,3F,,78,0,,,,,false,,周期不足,false,,,2026-05-31,2026-06-30,
00159813,,除外,1,1,false,,2024-10-30,2025-09-26,2025-09-26,2F,,332,0,,,,,false,,対象外,true,死亡退院,死亡 / 死亡退所,2026-05-31,2026-06-30,
00160020,,利用中,2,1,true,E_00160020_20251104,2025-11-04,,2026-05-31,3F,長期,108,1,1,1,,,false,,利用中,false,,,2026-05-31,2026-06-30,
00160221,,除外,1,1,false,,2025-03-25,2025-07-08,2025-07-08,2F,,106,0,,,,,false,,対象外,true,施設退所,住宅型有料「ナーシングホームあい想」 / 施設退所,2026-05-31,2026-06-30,
00161225,,退所済,4,4,false,,2025-09-27,2025-12-20,2025-12-20,2F,,25,3,21,21,2026-01-10,-141,false,別枠,60日以上超過,false,,,2026-05-31,2026-06-30,平均21日周期の想定再利用日を141日超過
00161316,,退所済,1,1,false,,2025-03-06,2025-05-27,2025-05-27,3F,,83,0,,,,,false,,周期不足,false,,,2026-05-31,2026-06-30,
00161371,,除外,1,1,false,,2025-07-08,2025-09-23,2025-09-23,2F,,78,0,,,,,false,,対象外,true,施設退所,サ高住「くれよん」 / 施設退所,2026-05-31,2026-06-30,
00161830,,利用中,1,0,true,E_00161830_20260204,2026-02-04,,2026-05-31,3F,長期,117,0,,,,,false,,利用中,false,,,2026-05-31,2026-06-30,
00161856,,除外,1,1,false,,2025-03-10,2025-08-29,2025-08-29,2F,,173,0,,,,,false,,対象外,true,施設退所,住宅型有料「はなわホーム」 / 施設退所,2026-05-31,2026-06-30,
00161893,,退所済,5,5,false,,2025-10-17,2025-10-19,2025-10-19,2F,,3,4,26,26,2025-11-14,-198,false,別枠,60日以上超過,false,,,2026-05-31,2026-06-30,平均26日周期の想定再利用日を198日超過
00161935,,退所済,1,1,false,,2025-05-28,2025-07-16,2025-07-16,2F,,50,0,,,,,false,,周期不足,false,,,2026-05-31,2026-06-30,
00162004,,利用中,1,0,true,E_00162004_20250307,2025-03-07,,2026-05-31,2F,長期,451,0,,,,,false,,利用中,false,,,2026-05-31,2026-06-30,
00162137,,退所済,1,1,false,,2025-08-20,2025-09-26,2025-09-26,2F,,38,0,,,,,false,,周期不足,false,,,2026-05-31,2026-06-30,
00162164,,退所済,2,2,false,,2025-04-02,2025-04-29,2025-04-29,2F,,21,1,1,1,2025-04-30,-396,false,別枠,60日以上超過,false,,,2026-05-31,2026-06-30,平均1日周期の想定再利用日を396日超過
00162558,,退所済,1,1,false,,2025-06-04,2025-07-31,2025-07-31,2F,,58,0,,,,,false,,周期不足,false,,,2026-05-31,2026-06-30,
00162769,,退所済,3,3,false,,2026-05-23,2026-05-27,2026-05-27,2F,,3,2,104,104,2026-09-08,100,false,,対象外,false,,,2026-05-31,2026-06-30,
00162971,,退所済,1,1,false,,2025-06-24,2025-11-15,2025-11-15,2F,,145,0,,,,,false,,周期不足,false,,,2026-05-31,2026-06-30,
00162975,,除外,1,1,false,,2025-05-16,2026-02-09,2026-02-09,ユニット,,270,0,,,,,false,,対象外,true,施設退所,住宅型有料 / 施設退所,2026-05-31,2026-06-30,
00163013,,除外,1,1,false,,2025-06-20,2025-06-24,2025-06-24,3F,,5,0,,,,,false,,対象外,true,施設退所,住宅型有料「つつじヶ丘」 / 施設退所,2026-05-31,2026-06-30,
00163072,,退所済,2,2,false,,2025-06-18,2025-08-29,2025-08-29,3F,,48,1,7,7,2025-09-05,-268,false,別枠,60日以上超過,false,,,2026-05-31,2026-06-30,平均7日周期の想定再利用日を268日超過
00163816,,退所済,1,1,false,,2025-07-10,2025-10-14,2025-10-14,3F,,97,0,,,,,false,,周期不足,false,,,2026-05-31,2026-06-30,
00163923,,退所済,1,1,false,,2025-08-25,2026-01-31,2026-01-31,3F,,160,0,,,,,false,,周期不足,false,,,2026-05-31,2026-06-30,
00163928,,利用中,3,2,true,E_00163928_20260511,2026-05-11,,2026-05-31,3F,長期,104,2,4,4,,,false,,利用中,false,,,2026-05-31,2026-06-30,
00164185,,利用中,1,0,true,E_00164185_20251223,2025-12-23,,2026-05-31,2F,長期,160,0,,,,,false,,利用中,false,,,2026-05-31,2026-06-30,
00164377,,退所済,2,2,false,,2026-03-24,2026-04-04,2026-04-04,2F,,54,1,2,2,2026-04-06,-55,true,高,直近超過1-59日,false,,,2026-05-31,2026-06-30,平均2日周期の想定再利用日を55日超過
00164488,,利用中,1,0,true,E_00164488_20250909,2025-09-09,,2026-05-31,3F,長期,265,0,,,,,false,,利用中,false,,,2026-05-31,2026-06-30,
00165071,,退所済,1,1,false,,2025-10-02,2025-10-29,2025-10-29,ユニット,長期,28,0,,,,,false,,周期不足,false,,,2026-05-31,2026-06-30,
00165136,,除外,1,1,false,,2026-01-15,2026-05-14,2026-05-14,2F,,120,0,,,,,false,,対象外,true,施設退所,住宅型有料 / 施設退所,2026-05-31,2026-06-30,
00165443,,利用中,1,0,true,E_00165443_20260302,2026-03-02,,2026-05-31,3F,長期,91,0,,,,,false,,利用中,false,,,2026-05-31,2026-06-30,
00165904,,退所済,1,1,false,,2025-11-26,2026-03-30,2026-03-30,3F,,125,0,,,,,false,,周期不足,false,,,2026-05-31,2026-06-30,
00166821,,退所済,1,1,false,,2026-01-15,2026-05-06,2026-05-06,ユニット,,112,0,,,,,false,,周期不足,false,,,2026-05-31,2026-06-30,
00167134,,利用中,3,2,true,E_00167134_20260530,2026-05-30,,2026-05-31,ユニット,短期,35,2,4,4,,,false,,利用中,false,,,2026-05-31,2026-06-30,
00167203,,利用中,1,0,true,E_00167203_20260525,2026-05-25,,2026-05-31,2F,長期,7,0,,,,,false,,利用中,false,,,2026-05-31,2026-06-30,
00167325,,利用中,1,0,true,E_00167325_20260421,2026-04-21,,2026-05-31,2F,長期,41,0,,,,,false,,利用中,false,,,2026-05-31,2026-06-30,
00167775,,利用中,1,0,true,E_00167775_20260401,2026-04-01,,2026-05-31,3F,長期,61,0,,,,,false,,利用中,false,,,2026-05-31,2026-06-30,
00167944,,利用中,1,0,true,E_00167944_20260410,2026-04-10,,2026-05-31,ユニット,長期,52,0,,,,,false,,利用中,false,,,2026-05-31,2026-06-30,
