利用者ID,最新状態,最新入所日,最新退所日,最新確認日,最新フロア,最新入所形態,退所先,退所理由,除外理由,利用回数,退所済み回数,平均利用日数,平均再利用周期,次回想定入所日,次回想定日まで,声かけ優先度,声かけ区分,声かけ理由
00002999,除外,2025-05-17,2025-09-25,2025-09-25,2F,,特養アミーキ,施設退所,施設退所,3,3,109,4,2025-09-29,-244,,対象外,
00009045,利用中,2025-11-05,,2026-05-31,3F,長期,不明,不明,,1,0,208,,,,,利用中,
00011023,利用中,2026-01-16,,2026-05-31,2F,長期,不明,不明,,1,0,136,,,,,利用中,
00014028,退所済,2026-05-15,2026-05-20,2026-05-20,ユニット,,自宅,自宅退所,,1,1,6,,,,,周期不足,
00014287,除外,2025-04-24,2025-07-09,2025-07-09,2F,,死亡,死亡退所,死亡退院,2,2,49,6,2025-07-15,-320,,対象外,
00017349,退所済,2025-06-13,2026-05-19,2026-05-19,3F,,不明,不明,,1,1,341,,,,,周期不足,
00020430,利用中,2025-07-07,,2026-05-31,2F,長期,不明,不明,,3,2,314,3,,,,利用中,
00020434,退所済,2026-05-01,2026-05-04,2026-05-04,3F,短期,美原Hsp,ショート終了,,1,1,4,,,,,周期不足,
00021571,利用中,2025-12-25,,2026-05-31,3F,長期,不明,不明,,2,1,80,34,,,,利用中,
00023273,除外,2025-04-11,2025-07-09,2025-07-09,2F,,住宅型有料「東ライフライン」,施設退所,施設退所,1,1,90,,,,,対象外,
00023757,除外,2021-10-20,2026-05-22,2026-05-22,ユニット,,死亡,死亡退所,死亡退院,1,1,1676,,,,,対象外,
00024310,利用中,2026-05-13,,2026-05-31,3F,長期,不明,不明,,1,0,19,,,,,利用中,
00027925,除外,2026-01-14,2026-03-14,2026-03-14,3F,,介護付有料,施設退所,施設退所,3,3,128,3,2026-03-17,-75,,対象外,
00028032,利用中,2026-02-10,,2026-05-31,2F,長期,不明,不明,,4,3,72,5,,,,利用中,
00028545,利用中,2026-01-31,,2026-05-31,2F,長期,不明,不明,,5,4,68,18,,,,利用中,
00028837,退所済,2026-05-01,2026-05-06,2026-05-06,2F,,自宅,自宅退所,,10,10,5,41,2026-06-16,16,低,今後30日以内,平均41日周期の想定再利用日まで16日
00030604,退所済,2025-07-14,2025-11-02,2025-11-02,2F,,自宅,自宅退所,,1,1,112,,,,,周期不足,
00041772,退所済,2025-08-15,2025-10-11,2025-10-11,2F,,自宅,自宅退所,,1,1,58,,,,,周期不足,
00042165,利用中,2026-02-16,,2026-05-31,2F,長期,不明,不明,,5,4,84,22,,,,利用中,
00042757,利用中,2025-08-11,,2026-05-31,2F,長期,不明,不明,,3,2,150,4,,,,利用中,
00045762,退所済,2025-11-06,2025-12-19,2025-12-19,2F,,不明,不明,,1,1,44,,,,,周期不足,
00046976,退所済,2026-04-18,2026-05-09,2026-05-09,ユニット,,自宅,自宅退所,,12,12,13,24,2026-06-02,2,高,今後30日以内,平均24日周期の想定再利用日まで2日
00048877,利用中,2025-08-16,,2026-05-31,2F,長期,不明,不明,,3,2,373,1,,,,利用中,
00050154,退所済,2026-05-26,2026-05-28,2026-05-28,3F,,自宅,自宅退所,,15,15,3,26,2026-06-23,23,低,今後30日以内,平均26日周期の想定再利用日まで23日
00050546,利用中,2026-02-26,,2026-05-31,2F,長期,不明,不明,,1,0,95,,,,,利用中,
00050567,退所済,2025-06-09,2025-12-19,2025-12-19,2F,,不明,不明,,2,2,98,1,2025-12-20,-162,別枠,60日以上超過,平均1日周期の想定再利用日を162日超過
00050841,利用中,2026-02-03,,2026-05-31,2F,長期,不明,不明,,2,1,62,1,,,,利用中,
00050974,退所済,2025-05-26,2025-05-28,2025-05-28,2F,,不明,不明,,1,1,3,,,,,周期不足,
00051294,利用中,2026-05-18,,2026-05-31,2F,長期,不明,不明,,8,7,62,5,,,,利用中,
00051362,利用中,2026-05-30,,2026-05-31,ユニット,短期,不明,不明,,1,0,2,,,,,利用中,
00052434,退所済,2026-05-15,2026-05-18,2026-05-18,2F,,自宅,自宅退所,,13,13,4,30,2026-06-17,17,低,今後30日以内,平均30日周期の想定再利用日まで17日
00053616,利用中,2026-03-09,,2026-05-31,3F,長期,不明,不明,,1,0,84,,,,,利用中,
00054022,退所済,2026-02-12,2026-02-17,2026-02-17,2F,,自宅,自宅退所,,2,2,4,8,2026-02-25,-95,別枠,60日以上超過,平均8日周期の想定再利用日を95日超過
00054209,利用中,2026-04-09,,2026-05-31,2F,長期,不明,不明,,4,3,74,35,,,,利用中,
00054284,利用中,2025-07-29,,2026-05-31,3F,長期,不明,不明,,3,2,152,10,,,,利用中,
00054821,除外,2025-09-13,2026-03-21,2026-03-21,3F,,住宅型有料,施設退所,施設退所,3,3,118,7,2026-03-28,-64,,対象外,
00055204,退所済,2025-10-29,2025-11-02,2025-11-02,ユニット,,自宅,自宅退所,,3,3,5,79,2026-01-20,-131,別枠,60日以上超過,平均79日周期の想定再利用日を131日超過
00055487,退所済,2025-06-19,2025-06-20,2025-06-20,ユニット,,自宅,自宅退所,,3,3,2,30,2025-07-20,-315,別枠,60日以上超過,平均30日周期の想定再利用日を315日超過
00055539,退所済,2025-08-09,2025-08-14,2025-08-14,2F,,自宅,自宅退所,,2,2,6,94,2025-11-16,-196,別枠,60日以上超過,平均94日周期の想定再利用日を196日超過
00057874,除外,2025-07-01,2025-07-02,2025-07-02,2F,,死亡,死亡退所,死亡退院,1,1,2,,,,,対象外,
00059692,退所済,2025-02-03,2025-04-12,2025-04-12,2F,,自宅,自宅退所,,1,1,69,,,,,周期不足,
00059906,退所済,2025-02-26,2025-08-14,2025-08-14,3F,,自宅,自宅退所,,1,1,170,,,,,周期不足,
00060337,退所済,2025-08-16,2025-08-27,2025-08-27,2F,,自宅,自宅退所,,5,5,12,20,2025-09-16,-257,別枠,60日以上超過,平均20日周期の想定再利用日を257日超過
00060895,利用中,2026-03-11,,2026-05-31,3F,長期,不明,不明,,1,0,82,,,,,利用中,
00060950,退所済,2026-05-11,2026-05-14,2026-05-14,2F,,自宅,自宅退所,,13,13,5,28,2026-06-11,11,中,今後30日以内,平均28日周期の想定再利用日まで11日
00061228,退所済,2025-03-18,2025-05-30,2025-05-30,2F,,自宅,自宅退所,,1,1,74,,,,,周期不足,
00062378,退所済,2025-09-29,2025-10-29,2025-10-29,2F,,不明,不明,,2,2,18,37,2025-12-05,-177,別枠,60日以上超過,平均37日周期の想定再利用日を177日超過
00066541,退所済,2024-11-16,2025-09-05,2025-09-05,3F,,不明,不明,,1,1,294,,,,,周期不足,
00069873,退所済,2025-12-18,2026-02-22,2026-02-22,2F,,不明,不明,,4,4,82,5,2026-02-27,-93,別枠,60日以上超過,平均5日周期の想定再利用日を93日超過
00070078,退所済,2025-09-17,2025-10-21,2025-10-21,3F,,自宅,自宅退所,,2,2,19,60,2025-12-20,-162,別枠,60日以上超過,平均60日周期の想定再利用日を162日超過
00070507,退所済,2025-12-17,2026-05-08,2026-05-08,2F,,自宅,自宅退所,,1,1,143,,,,,周期不足,
00072267,除外,2024-03-30,2025-09-06,2025-09-06,3F,,死亡,死亡退所,死亡退院,1,1,526,,,,,対象外,
00074049,利用中,2026-05-23,,2026-05-31,2F,長期,不明,不明,,26,25,9,8,,,,利用中,
00074478,除外,2025-02-28,2026-03-17,2026-03-17,2F,,特養「小泉の杜」,施設退所,施設退所,1,1,383,,,,,対象外,
00076641,利用中,2024-08-19,,2026-05-31,3F,長期,不明,不明,,1,0,651,,,,,利用中,
00077047,利用中,2025-09-11,,2026-05-31,3F,長期,不明,不明,,1,0,263,,,,,利用中,
00077083,利用中,2025-05-02,,2026-05-31,3F,長期,不明,不明,,2,1,202,1,,,,利用中,
00078507,利用中,2026-04-09,,2026-05-31,2F,長期,不明,不明,,5,4,89,6,,,,利用中,
00079686,利用中,2026-04-22,,2026-05-31,2F,長期,不明,不明,,2,1,24,10,,,,利用中,
00081292,利用中,2025-09-20,,2026-05-31,3F,長期,不明,不明,,7,6,40,12,,,,利用中,
00081906,利用中,2026-05-25,,2026-05-31,2F,長期,不明,不明,,11,10,5,26,,,,利用中,
00082392,利用中,2026-02-24,,2026-05-31,2F,長期,不明,不明,,6,5,76,2,,,,利用中,
00082424,利用中,2026-05-07,,2026-05-31,2F,長期,不明,不明,,3,2,48,6,,,,利用中,
00082806,除外,2025-11-01,2026-01-15,2026-01-15,2F,,住宅型有料「つつじが岡」,施設退所,施設退所,2,2,43,1,2026-01-16,-135,,対象外,
00083160,退所済,2026-04-27,2026-05-13,2026-05-13,3F,,自宅,自宅退所,,25,25,6,12,2026-05-25,-6,高,直近超過1-59日,平均12日周期の想定再利用日を6日超過
00084730,利用中,2026-01-06,,2026-05-31,3F,長期,不明,不明,,1,0,146,,,,,利用中,
00088736,退所済,2025-09-29,2025-10-04,2025-10-04,3F,,自宅,自宅退所,,4,4,18,17,2025-10-21,-222,別枠,60日以上超過,平均17日周期の想定再利用日を222日超過
00089032,退所済,2026-04-11,2026-04-13,2026-04-13,2F,,自宅,自宅退所,,2,2,4,259,2026-12-28,211,,対象外,
00089244,除外,2025-06-18,2025-10-14,2025-10-14,3F,,死亡,死亡退所,死亡退院,4,4,83,2,2025-10-16,-227,,対象外,
00089421,利用中,2026-03-02,,2026-05-31,2F,長期,不明,不明,,1,0,91,,,,,利用中,
00090744,除外,2024-12-18,2025-06-21,2025-06-21,3F,,死亡,死亡退所,死亡退院,1,1,186,,,,,対象外,
00092160,除外,2025-01-18,2025-12-10,2025-12-10,3F,,GH,不明,施設退所,1,1,327,,,,,対象外,
00092183,退所済,2026-05-16,2026-05-20,2026-05-20,2F,,不明,不明,,14,14,6,27,2026-06-16,16,低,今後30日以内,平均27日周期の想定再利用日まで16日
00092936,退所済,2026-05-12,2026-05-16,2026-05-16,2F,,自宅,自宅退所,,15,15,7,22,2026-06-07,7,高,今後30日以内,平均22日周期の想定再利用日まで7日
00092998,利用中,2026-05-20,,2026-05-31,2F,,不明,不明,,2,1,8,19,,,,利用中,
00093421,退所済,2025-05-21,2025-09-18,2025-09-18,2F,,不明,不明,,3,3,111,3,2025-09-21,-252,別枠,60日以上超過,平均3日周期の想定再利用日を252日超過
00094530,利用中,2026-05-22,,2026-05-31,ユニット,長期,不明,不明,,6,5,86,11,,,,利用中,
00094866,利用中,2025-10-09,,2026-05-31,3F,長期,不明,不明,,2,1,188,90,,,,利用中,
00095547,除外,2025-06-02,2025-09-01,2025-09-01,2F,,特養「ゆたか」,施設退所,施設退所,1,1,92,,,,,対象外,
00095955,退所済,2025-06-28,2025-06-30,2025-06-30,ユニット,,自宅,自宅退所,,1,1,3,,,,,周期不足,
00096466,利用中,2025-12-18,,2026-05-31,3F,長期,不明,不明,,10,9,38,6,,,,利用中,
00096864,退所済,2026-05-14,2026-05-20,2026-05-20,3F,,自宅,自宅退所,,14,14,8,24,2026-06-13,13,中,今後30日以内,平均24日周期の想定再利用日まで13日
00097034,除外,2025-05-12,2026-01-12,2026-01-12,3F,,特養,施設退所,施設退所,3,3,130,3,2026-01-15,-136,,対象外,
00097889,利用中,2024-10-29,,2026-05-31,3F,長期,不明,不明,,1,0,580,,,,,利用中,
00098048,退所済,2026-02-25,2026-02-28,2026-02-28,ユニット,,自宅,自宅退所,,1,1,4,,,,,周期不足,
00098319,退所済,2025-09-26,2025-11-10,2025-11-10,2F,,自宅,自宅退所,,1,1,46,,,,,周期不足,
00099724,除外,2025-02-13,2025-09-11,2025-09-11,3F,,死亡,死亡退所,死亡退院,1,1,211,,,,,対象外,
00100042,退所済,2025-02-17,2025-11-18,2025-11-18,2F,長期,併設Hsp,病院退所,,1,1,275,,,,,周期不足,
00100621,除外,2024-01-22,2025-06-04,2025-06-04,3F,,住宅型有料「笑ふく」,施設退所,施設退所,1,1,500,,,,,対象外,
00100859,退所済,2026-01-22,2026-04-02,2026-04-02,3F,,自宅,自宅退所,,7,7,16,44,2026-05-16,-15,高,直近超過1-59日,平均44日周期の想定再利用日を15日超過
00101111,除外,2025-07-07,2026-03-10,2026-03-10,3F,,死亡,死亡退所,死亡退院,4,4,112,3,2026-03-13,-79,,対象外,
00102827,退所済,2026-02-06,2026-02-10,2026-02-10,3F,,自宅,自宅退所,,28,28,7,5,2026-02-15,-105,別枠,60日以上超過,平均5日周期の想定再利用日を105日超過
00103521,利用中,2026-04-22,,2026-05-31,2F,長期,不明,不明,,9,8,41,8,,,,利用中,
00103789,退所済,2025-01-14,2025-04-16,2025-04-16,2F,,自宅,自宅退所,,1,1,93,,,,,周期不足,
00103812,除外,2023-12-20,2025-07-14,2025-07-14,3F,,「住宅型有料」WILL,施設退所,施設退所,1,1,573,,,,,対象外,
00104287,退所済,2025-09-02,2025-09-05,2025-09-05,2F,,自宅,自宅退所,,1,1,4,,,,,周期不足,
00104919,利用中,2024-08-27,,2026-05-31,3F,長期,不明,不明,,1,0,643,,,,,利用中,
00105279,退所済,2026-05-08,2026-05-11,2026-05-11,2F,,自宅,自宅退所,,1,1,4,,,,,周期不足,
00105798,退所済,2025-07-14,2025-10-20,2025-10-20,ユニット,,自宅,自宅退所,,2,2,139,59,2025-12-18,-164,別枠,60日以上超過,平均59日周期の想定再利用日を164日超過
00106138,退所済,2026-04-30,2026-05-06,2026-05-06,3F,,自宅,自宅退所,,1,1,7,,,,,周期不足,
00106457,退所済,2025-06-23,2025-06-25,2025-06-25,2F,,自宅,自宅退所,,1,1,3,,,,,周期不足,
00106591,退所済,2025-08-20,2025-08-21,2025-08-21,2F,,市民HP,病院退所,,1,1,2,,,,,周期不足,
00106631,除外,2024-08-26,2025-06-06,2025-06-06,3F,,サ高住「こうばやしの家」,施設退所,施設退所,1,1,285,,,,,対象外,
00106776,退所済,2026-03-02,2026-03-04,2026-03-04,2F,,不明,不明,,1,1,3,,,,,周期不足,
00106970,利用中,2025-06-16,,2026-05-31,2F,長期,不明,不明,,2,1,216,14,,,,利用中,
00107616,退所済,2026-05-16,2026-05-19,2026-05-19,2F,,自宅,自宅退所,,15,15,6,24,2026-06-12,12,中,今後30日以内,平均24日周期の想定再利用日まで12日
00107882,利用中,2026-04-13,,2026-05-31,2F,長期,不明,不明,,1,0,49,,,,,利用中,
00107995,利用中,2026-05-29,,2026-05-31,3F,短期,不明,不明,,33,32,7,7,,,,利用中,
00108449,利用中,2025-04-30,,2026-05-31,2F,長期,不明,不明,,2,1,209,8,,,,利用中,
00108883,退所済,2025-09-20,2025-09-22,2025-09-22,3F,,自宅,自宅退所,,1,1,3,,,,,周期不足,
00109276,退所済,2026-02-27,2026-05-09,2026-05-09,2F,,自宅,自宅退所,,3,3,85,57,2026-07-05,35,,対象外,
00112027,除外,2025-12-19,2026-03-22,2026-03-22,3F,,死亡,死亡退所,死亡退院,7,7,72,3,2026-03-25,-67,,対象外,
00112713,退所済,2025-12-23,2026-03-24,2026-03-24,2F,,不明,不明,,2,2,94,30,2026-04-23,-38,高,直近超過1-59日,平均30日周期の想定再利用日を38日超過
00113600,利用中,2025-07-24,,2026-05-31,3F,長期,不明,不明,,4,3,216,2,,,,利用中,
00114125,退所済,2025-10-30,2025-12-15,2025-12-15,2F,,市民病院,病院退所,,1,1,47,,,,,周期不足,
00114754,利用中,2026-05-30,,2026-05-31,2F,短期,不明,不明,,30,29,7,8,,,,利用中,
00115009,除外,2025-07-23,2025-11-19,2025-11-19,3F,,住宅型有料,施設退所,施設退所,1,1,120,,,,,対象外,
00115453,除外,2025-06-14,2025-06-26,2025-06-26,2F,,特養「あいの詩」,施設退所,施設退所,4,4,11,18,2025-07-14,-321,,対象外,
00116523,利用中,2025-07-21,,2026-05-31,3F,長期,不明,不明,,3,2,165,2,,,,利用中,
00117662,退所済,2025-08-08,2025-08-10,2025-08-10,2F,,不明,不明,,1,1,3,,,,,周期不足,
00118090,利用中,2026-05-12,,2026-05-31,2F,長期,不明,不明,,7,6,65,4,,,,利用中,
00120484,利用中,2026-04-14,,2026-05-31,2F,長期,不明,不明,,4,3,63,2,,,,利用中,
00120863,利用中,2024-08-30,,2026-05-31,2F,長期,不明,不明,,1,0,640,,,,,利用中,
00121152,利用中,2026-05-14,,2026-05-31,2F,長期,不明,不明,,8,7,52,5,,,,利用中,
00121528,退所済,2025-05-27,2025-05-30,2025-05-30,2F,,不明,不明,,1,1,4,,,,,周期不足,
00121802,退所済,2025-10-20,2025-10-22,2025-10-22,ユニット,,不明,不明,,1,1,3,,,,,周期不足,
00121839,退所済,2025-11-14,2025-11-17,2025-11-17,2F,,自宅,自宅退所,,4,4,30,35,2025-12-22,-160,別枠,60日以上超過,平均35日周期の想定再利用日を160日超過
00122184,退所済,2026-02-27,2026-03-03,2026-03-03,3F,,自宅,自宅退所,,1,1,5,,,,,周期不足,
00122276,退所済,2025-04-08,2025-04-19,2025-04-19,ユニット,,自宅,自宅退所,,1,1,12,,,,,周期不足,
00122949,退所済,2025-10-27,2025-11-29,2025-11-29,2F,,自宅,自宅退所,,1,1,34,,,,,周期不足,
00124842,利用中,2026-04-13,,2026-05-31,2F,長期,不明,不明,,7,6,59,4,,,,利用中,
00125158,退所済,2026-02-21,2026-05-29,2026-05-29,2F,,自宅,自宅退所,,7,7,65,5,2026-06-03,3,高,今後30日以内,平均5日周期の想定再利用日まで3日
00127161,利用中,2026-05-15,,2026-05-31,3F,長期,不明,不明,,1,0,17,,,,,利用中,
00127244,利用中,2025-06-17,,2026-05-31,3F,長期,不明,不明,,3,2,194,4,,,,利用中,
00129553,利用中,2026-05-08,,2026-05-31,ユニット,長期,不明,不明,,3,2,222,1,,,,利用中,
00129630,退所済,2026-01-10,2026-01-19,2026-01-19,2F,,自宅,自宅退所,,6,6,43,11,2026-01-30,-121,別枠,60日以上超過,平均11日周期の想定再利用日を121日超過
00130963,利用中,2025-08-11,,2026-05-31,3F,長期,不明,不明,,4,3,108,4,,,,利用中,
00131740,退所済,2026-05-06,2026-05-08,2026-05-08,ユニット,,不明,不明,,5,5,4,87,2026-08-03,64,,対象外,
00132185,利用中,2025-07-17,,2026-05-31,3F,長期,不明,不明,,4,3,169,3,,,,利用中,
00132208,利用中,2026-01-26,,2026-05-31,3F,長期,不明,不明,,4,3,123,7,,,,利用中,
00132374,退所済,2024-11-01,2025-05-02,2025-05-02,3F,,アミーキ,不明,,1,1,183,,,,,周期不足,
00133246,利用中,2026-03-13,,2026-05-31,2F,長期,不明,不明,,3,2,193,34,,,,利用中,
00134007,利用中,2025-07-16,,2026-05-31,2F,長期,不明,不明,,3,2,233,1,,,,利用中,
00134391,退所済,2026-04-18,2026-04-22,2026-04-22,2F,,自宅,自宅退所,,2,2,72,2,2026-04-24,-37,高,直近超過1-59日,平均2日周期の想定再利用日を37日超過
00134463,利用中,2025-10-28,,2026-05-31,ユニット,長期,不明,不明,,5,4,107,5,,,,利用中,
00134783,退所済,2026-02-14,2026-02-16,2026-02-16,2F,,不明,不明,,7,7,23,26,2026-03-14,-78,別枠,60日以上超過,平均26日周期の想定再利用日を78日超過
00135729,退所済,2026-05-11,2026-05-14,2026-05-14,ユニット,,自宅,自宅退所,,12,12,7,13,2026-05-27,-4,高,直近超過1-59日,平均13日周期の想定再利用日を4日超過
00135831,除外,2025-05-26,2025-06-24,2025-06-24,2F,,死亡,死亡退所,死亡退院,3,3,214,1,2025-06-25,-340,,対象外,
00135901,利用中,2026-05-26,,2026-05-31,3F,長期,不明,不明,,1,0,6,,,,,利用中,
00135983,退所済,2025-08-20,2025-08-22,2025-08-22,3F,,自宅,自宅退所,,1,1,3,,,,,周期不足,
00136094,利用中,2026-05-25,,2026-05-31,ユニット,長期,不明,不明,,2,1,35,1,,,,利用中,
00136387,退所済,2025-12-04,2026-01-10,2026-01-10,ユニット,,自宅,自宅退所,,2,2,42,2,2026-01-12,-139,別枠,60日以上超過,平均2日周期の想定再利用日を139日超過
00136653,除外,2026-02-23,2026-04-07,2026-04-07,2F,,死亡,死亡退所,死亡退院,2,2,26,2,2026-04-09,-52,,対象外,
00137071,利用中,2025-11-16,,2026-05-31,3F,長期,不明,不明,,4,3,100,2,,,,利用中,
00138290,利用中,2026-05-23,,2026-05-31,2F,短期,不明,不明,,5,4,16,77,,,,利用中,
00138385,利用中,2026-02-20,,2026-05-31,3F,長期,不明,不明,,3,2,286,6,,,,利用中,
00140931,利用中,2025-01-22,,2026-05-31,2F,長期,不明,不明,,1,0,495,,,,,利用中,
00141394,退所済,2026-05-23,2026-05-25,2026-05-25,ユニット,,自宅,自宅退所,,25,25,4,14,2026-06-08,8,中,今後30日以内,平均14日周期の想定再利用日まで8日
00141523,退所済,2026-04-15,2026-04-20,2026-04-20,ユニット,,自宅,自宅退所,,1,1,6,,,,,周期不足,
00141670,除外,2025-09-12,2025-10-27,2025-10-27,3F,,住宅型有料「優楽舎」,施設退所,施設退所,6,6,11,27,2025-11-23,-189,,対象外,
00141884,退所済,2026-05-22,2026-05-25,2026-05-25,3F,,自宅,自宅退所,,7,7,6,9,2026-06-03,3,高,今後30日以内,平均9日周期の想定再利用日まで3日
00142228,退所済,2026-05-27,2026-05-29,2026-05-29,3F,,自宅,自宅退所,,13,13,46,6,2026-06-04,4,高,今後30日以内,平均6日周期の想定再利用日まで4日
00142422,除外,2024-10-16,2025-05-14,2025-05-14,3F,,死亡,死亡退所,死亡退院,1,1,211,,,,,対象外,
00142443,利用中,2026-05-23,,2026-05-31,2F,長期,不明,不明,,5,4,51,5,,,,利用中,
00142642,退所済,2026-01-28,2026-02-10,2026-02-10,2F,,不明,不明,,3,3,20,6,2026-02-16,-104,別枠,60日以上超過,平均6日周期の想定再利用日を104日超過
00143303,利用中,2025-05-26,,2026-05-31,3F,長期,不明,不明,,4,3,162,4,,,,利用中,
00143482,退所済,2026-01-24,2026-01-31,2026-01-31,2F,,自宅,自宅退所,,10,10,7,10,2026-02-10,-110,別枠,60日以上超過,平均10日周期の想定再利用日を110日超過
00144252,退所済,2025-12-10,2026-04-15,2026-04-15,ユニット,,自宅,自宅退所,,3,3,109,86,2026-07-10,40,,対象外,
00144692,利用中,2025-10-07,,2026-05-31,2F,長期,不明,不明,,5,4,110,3,,,,利用中,
00145297,除外,2024-11-21,2025-04-18,2025-04-18,3F,,退所後は恵風荘入所,施設退所,施設退所,1,1,149,,,,,対象外,
00145463,利用中,2026-04-16,,2026-05-31,2F,長期,不明,不明,,14,13,22,9,,,,利用中,
00145557,退所済,2025-02-27,2025-08-08,2025-08-08,2F,,アミーキ,不明,,1,1,163,,,,,周期不足,
00145768,除外,2025-01-08,2025-04-22,2025-04-22,2F,,サ高住「パルクフローラ」,施設退所,施設退所,1,1,105,,,,,対象外,
00146136,退所済,2025-04-26,2025-04-28,2025-04-28,2F,,自宅,自宅退所,,1,1,3,,,,,周期不足,
00146225,利用中,2026-01-13,,2026-05-31,2F,長期,不明,不明,,3,2,92,4,,,,利用中,
00146240,利用中,2026-03-09,,2026-05-31,2F,長期,不明,不明,,5,4,71,26,,,,利用中,
00146569,利用中,2023-10-15,,2026-05-31,ユニット,長期,不明,不明,,1,0,960,,,,,利用中,
00146699,退所済,2025-05-27,2025-07-03,2025-07-03,3F,,大島病院,病院退所,,1,1,38,,,,,周期不足,
00146793,利用中,2026-03-22,,2026-05-31,2F,長期,不明,不明,,10,9,47,7,,,,利用中,
00147502,除外,2026-01-13,2026-02-11,2026-02-11,3F,,死亡,死亡退所,死亡退院,1,1,30,,,,,対象外,
00147744,利用中,2026-03-19,,2026-05-31,2F,長期,不明,不明,,8,7,48,7,,,,利用中,
00148041,利用中,2025-08-14,,2026-05-31,ユニット,長期,不明,不明,,3,2,257,2,,,,利用中,
00148879,利用中,2025-10-15,,2026-05-31,2F,長期,不明,不明,,4,3,107,5,,,,利用中,
00149052,退所済,2026-05-13,2026-05-15,2026-05-15,2F,,自宅,自宅退所,,14,14,3,28,2026-06-12,12,中,今後30日以内,平均28日周期の想定再利用日まで12日
00149229,退所済,2026-01-21,2026-01-26,2026-01-26,2F,,自宅,自宅退所,,1,1,6,,,,,周期不足,
00149589,利用中,2026-03-23,,2026-05-31,2F,長期,不明,不明,,4,3,66,4,,,,利用中,
00149982,退所済,2025-11-26,2026-03-29,2026-03-29,3F,,不明,不明,,2,2,66,1,2026-03-30,-62,別枠,60日以上超過,平均1日周期の想定再利用日を62日超過
00150575,利用中,2026-05-13,,2026-05-31,2F,長期,不明,不明,,7,6,59,4,,,,利用中,
00150658,利用中,2025-10-24,,2026-05-31,2F,長期,不明,不明,,4,3,103,7,,,,利用中,
00151132,利用中,2026-05-11,,2026-05-31,2F,短期,不明,不明,,7,6,59,4,,,,利用中,
00152259,利用中,2026-04-02,,2026-05-31,3F,長期,不明,不明,,15,14,7,18,,,,利用中,
00153629,除外,2026-01-27,2026-02-11,2026-02-11,3F,,死亡,死亡退所,死亡退院,2,2,132,6,2026-02-17,-103,,対象外,
00154078,退所済,2026-05-11,2026-05-14,2026-05-14,2F,,自宅,自宅退所,,6,6,4,76,2026-07-29,59,,対象外,
00154234,退所済,2026-05-19,2026-05-22,2026-05-22,2F,,自宅,自宅退所,,8,8,8,37,2026-06-28,28,低,今後30日以内,平均37日周期の想定再利用日まで28日
00154374,退所済,2026-05-14,2026-05-16,2026-05-16,2F,,自宅,自宅退所,,15,15,3,27,2026-06-12,12,中,今後30日以内,平均27日周期の想定再利用日まで12日
00154494,退所済,2026-02-04,2026-02-10,2026-02-10,2F,,自宅,自宅退所,,2,2,6,101,2026-05-22,-9,高,直近超過1-59日,平均101日周期の想定再利用日を9日超過
00154926,退所済,2025-12-01,2026-02-28,2026-02-28,2F,,自宅,自宅退所,,2,2,106,62,2026-05-01,-30,高,直近超過1-59日,平均62日周期の想定再利用日を30日超過
00155078,利用中,2026-05-15,,2026-05-31,2F,短期,不明,不明,,8,7,62,3,,,,利用中,
00155335,退所済,2025-02-14,2025-05-09,2025-05-09,2F,,自宅,自宅退所,,1,1,85,,,,,周期不足,
00155370,利用中,2026-02-11,,2026-05-31,2F,長期,不明,不明,,7,6,67,6,,,,利用中,
00155411,除外,2024-12-17,2025-11-12,2025-11-12,2F,,サ高住「うしいけ」,施設退所,施設退所,1,1,331,,,,,対象外,
00155782,退所済,2024-12-28,2025-04-21,2025-04-21,3F,,恵風荘,不明,,1,1,115,,,,,周期不足,
00155895,除外,2025-05-08,2025-07-22,2025-07-22,2F,,特養「いずみ」,施設退所,施設退所,1,1,76,,,,,対象外,
00156186,除外,2024-06-14,2025-07-14,2025-07-14,ユニット,,有料「ちょうめい」,施設退所,施設退所,1,1,396,,,,,対象外,
00157418,利用中,2026-05-22,,2026-05-31,ユニット,長期,不明,不明,,4,3,51,2,,,,利用中,
00157857,退所済,2025-01-11,2025-05-29,2025-05-29,3F,,あずまライフライン,不明,,1,1,139,,,,,周期不足,
00158374,退所済,2025-11-27,2025-12-01,2025-12-01,3F,,自宅,自宅退所,,1,1,5,,,,,周期不足,
00159362,利用中,2025-12-15,,2026-05-31,2F,長期,不明,不明,,4,3,110,5,,,,利用中,
00159533,除外,2024-11-26,2025-05-31,2025-05-31,2F,,有料「上泉」,施設退所,施設退所,1,1,187,,,,,対象外,
00159547,退所済,2025-11-25,2026-02-10,2026-02-10,3F,,自宅,自宅退所,,1,1,78,,,,,周期不足,
00159813,除外,2024-10-30,2025-09-26,2025-09-26,2F,,死亡,死亡退所,死亡退院,1,1,332,,,,,対象外,
00160020,利用中,2025-11-04,,2026-05-31,3F,長期,不明,不明,,2,1,108,1,,,,利用中,
00160221,除外,2025-03-25,2025-07-08,2025-07-08,2F,,住宅型有料「ナーシングホームあい想」,施設退所,施設退所,1,1,106,,,,,対象外,
00161225,退所済,2025-09-27,2025-12-20,2025-12-20,2F,,自宅,自宅退所,,4,4,25,21,2026-01-10,-141,別枠,60日以上超過,平均21日周期の想定再利用日を141日超過
00161316,退所済,2025-03-06,2025-05-27,2025-05-27,3F,,小泉の杜,不明,,1,1,83,,,,,周期不足,
00161371,除外,2025-07-08,2025-09-23,2025-09-23,2F,,サ高住「くれよん」,施設退所,施設退所,1,1,78,,,,,対象外,
00161830,利用中,2026-02-04,,2026-05-31,3F,長期,不明,不明,,1,0,117,,,,,利用中,
00161856,除外,2025-03-10,2025-08-29,2025-08-29,2F,,住宅型有料「はなわホーム」,施設退所,施設退所,1,1,173,,,,,対象外,
00161893,退所済,2025-10-17,2025-10-19,2025-10-19,2F,,自宅,自宅退所,,5,5,3,26,2025-11-14,-198,別枠,60日以上超過,平均26日周期の想定再利用日を198日超過
00161935,退所済,2025-05-28,2025-07-16,2025-07-16,2F,,自宅,自宅退所,,1,1,50,,,,,周期不足,
00162004,利用中,2025-03-07,,2026-05-31,2F,長期,不明,不明,,1,0,451,,,,,利用中,
00162137,退所済,2025-08-20,2025-09-26,2025-09-26,2F,,不明,不明,,1,1,38,,,,,周期不足,
00162164,退所済,2025-04-02,2025-04-29,2025-04-29,2F,,不明,不明,,2,2,21,1,2025-04-30,-396,別枠,60日以上超過,平均1日周期の想定再利用日を396日超過
00162558,退所済,2025-06-04,2025-07-31,2025-07-31,2F,,自宅,自宅退所,,1,1,58,,,,,周期不足,
00162769,退所済,2026-05-23,2026-05-27,2026-05-27,2F,,自宅,自宅退所,,3,3,3,104,2026-09-08,100,,対象外,
00162971,退所済,2025-06-24,2025-11-15,2025-11-15,2F,,不明,不明,,1,1,145,,,,,周期不足,
00162975,除外,2025-05-16,2026-02-09,2026-02-09,ユニット,,住宅型有料,施設退所,施設退所,1,1,270,,,,,対象外,
00163013,除外,2025-06-20,2025-06-24,2025-06-24,3F,,住宅型有料「つつじヶ丘」,施設退所,施設退所,1,1,5,,,,,対象外,
00163072,退所済,2025-06-18,2025-08-29,2025-08-29,3F,,不明,不明,,2,2,48,7,2025-09-05,-268,別枠,60日以上超過,平均7日周期の想定再利用日を268日超過
00163816,退所済,2025-07-10,2025-10-14,2025-10-14,3F,,自宅,自宅退所,,1,1,97,,,,,周期不足,
00163923,退所済,2025-08-25,2026-01-31,2026-01-31,3F,,小多機,不明,,1,1,160,,,,,周期不足,
00163928,利用中,2026-05-11,,2026-05-31,3F,長期,不明,不明,,3,2,104,4,,,,利用中,
00164185,利用中,2025-12-23,,2026-05-31,2F,長期,不明,不明,,1,0,160,,,,,利用中,
00164377,退所済,2026-03-24,2026-04-04,2026-04-04,2F,,自宅,自宅退所,,2,2,54,2,2026-04-06,-55,高,直近超過1-59日,平均2日周期の想定再利用日を55日超過
00164488,利用中,2025-09-09,,2026-05-31,3F,長期,不明,不明,,1,0,265,,,,,利用中,
00165071,退所済,2025-10-02,2025-10-29,2025-10-29,ユニット,長期,併設,病院退所,,1,1,28,,,,,周期不足,
00165136,除外,2026-01-15,2026-05-14,2026-05-14,2F,,住宅型有料,施設退所,施設退所,1,1,120,,,,,対象外,
00165443,利用中,2026-03-02,,2026-05-31,3F,長期,不明,不明,,1,0,91,,,,,利用中,
00165904,退所済,2025-11-26,2026-03-30,2026-03-30,3F,,不明,不明,,1,1,125,,,,,周期不足,
00166821,退所済,2026-01-15,2026-05-06,2026-05-06,ユニット,,自宅,自宅退所,,1,1,112,,,,,周期不足,
00167134,利用中,2026-05-30,,2026-05-31,ユニット,短期,不明,不明,,3,2,35,4,,,,利用中,
00167203,利用中,2026-05-25,,2026-05-31,2F,長期,不明,不明,,1,0,7,,,,,利用中,
00167325,利用中,2026-04-21,,2026-05-31,2F,長期,不明,不明,,1,0,41,,,,,利用中,
00167775,利用中,2026-04-01,,2026-05-31,3F,長期,不明,不明,,1,0,61,,,,,利用中,
00167944,利用中,2026-04-10,,2026-05-31,ユニット,長期,不明,不明,,1,0,52,,,,,利用中,
