指示確認,ｵｰﾀﾞｰ,部屋,Bed,1号,患者ID,入院日,退院予定日,氏名,カナ氏名,年齢,性別,日数,形態,検査,薬,主治医,看護師,相談員,カルテ記載
☆,,200,01,,00140931,2025/01/22,,須藤　勝美,ｽﾄｳ ｶﾂﾐ,86歳,男,181,長期,,,美原　恵里,,(退)澤田　真紀,
,,200,02,,00100042,2025/02/17,2025/11/19,宇野　隆夫,ｳﾉ ﾀｶｵ,79歳,男,155,長期,,,美原　恵里,,,
,,200,03,,00125158,2025/06/16,2025/09/12,井野　忠,ｲﾉ ﾀﾀﾞｼ,90歳,男,36,長期,,,美原　恵里,,(退)澤田　真紀,
,,200,04,,00134783,2025/04/10,2025/08/19,關川　浩,ｾｷｶﾞﾜ ﾋﾛｼ,80歳,男,103,長期,,,美原　恵里,,大塚　彰太,
,,201,01,,00159813,2024/10/30,2025/09/26,長野　富美子,ﾅｶﾞﾉ ﾌﾐｺ,96歳,女,265,長期,,,美原　恵里,,(退)澤田　真紀,
☆,,201,02,,00106970,2025/06/16,,尾池　あきの,ｵｲｹ ｱｷﾉ,75歳,女,36,長期,,,美原　恵里,,吉田　拓也,
,,201,03,,00148879,2025/04/15,2025/09/11,荻原　久子,ｵｷﾞﾜﾗ ﾋｻｺ,81歳,女,98,長期,,,美原　恵里,,(退)澤田　真紀,
,○,201,04,,00124842,2025/07/21,2025/11/13,新井　君江,ｱﾗｲ ｷﾐｴ,73歳,女,1,長期,,○,美原　恵里,,(退)澤田　真紀,
,,201,04,,00161225,2025/07/16,2025/07/21(確),渋澤　美知子,ｼﾌﾞｻﾜ ﾐﾁｺ,77歳,女,6,,,,美原　恵里,,,
,,202,01,,00048877,2023/05/10,2025/08/01,市村　祐子,ｲﾁﾑﾗ ﾕｳｺ,73歳,女,804,長期,,,美原　恵里,,吉田　拓也,
☆,,202,02,,00162004,2025/03/07,,木暮　トシ子,ｺｸﾞﾚ ﾄｼｺ,84歳,女,137,長期,,,美原　恵里,,,
,,202,03,,00154926,2025/05/31,2025/09/30,山崎　政枝,ﾔﾏｻﾞｷ ﾏｻｴ,79歳,女,52,長期,,,美原　恵里,塚田　真紀子,髙橋　さとみ,
,,202,04,,00078507,2025/06/22,2026/03/09,下田　良子,ｼﾓﾀﾞ ﾖｼｺ,98歳,女,30,長期,,,美原　恵里,,吉田　拓也,
,,203,01,,00144692,2025/05/13,2025/09/06,大塚　勝子,ｵｵﾂｶ ｶﾂｺ,89歳,女,70,長期,,,美原　恵里,,(退)澤田　真紀,
,,203,02,,00151132,2025/04/22,2025/07/22,坂本　千鶴子,ｻｶﾓﾄ ﾁｽﾞｺ,90歳,女,91,長期,,,美原　恵里,,,
,,203,03,,00129630,2025/06/30,2025/12/10,小林　節子,ｺﾊﾞﾔｼ ｾﾂｺ,75歳,女,22,長期,,,美原　恵里,,吉田　拓也,
,,203,04,,00146793,2025/06/14,2025/11/01,河田　セツ子,ｶﾜﾀ ｾﾂｺ,85歳,女,38,長期,,,美原　恵里,,町田　節代,
,,205,02,,00133246,2024/08/24,2025/08/15,萩原　多美枝,ﾊｷﾞﾜﾗ ﾀﾐｴ,85歳,女,332,長期,,,美原　恵里,,,
,,205,03,,00161856,2025/03/10,2025/08/29,根岸　美津子,ﾈｷﾞｼ ﾐﾂｺ,86歳,女,134,長期,,,美原　恵里,,,
,,205,04,,00074478,2025/02/28,2026/03/17,平方　積衛,ﾋﾗｶﾀ ｾｷｴ,93歳,女,144,長期,,,美原　恵里,,(退)澤田　真紀,
☆,,206,01,,00108449,2025/04/30,,髙橋　とく子,ﾀｶﾊｼ ﾄｸｺ,96歳,女,83,長期,,,美原　恵里,,(退)澤田　真紀,
,,206,02,,00050567,2025/06/09,2025/12/19,浅野　セツ,ｱｻﾉ ｾﾂ,97歳,女,43,長期,,,美原　恵里,,,
,,206,03,,00154234,2025/07/09,2025/08/20,田村　美枝子,ﾀﾑﾗ ﾐｴｺ,76歳,女,13,長期,,,美原　恵里,,吉田　育,
,,206,04,,00103521,2025/07/19,2025/07/23,藤木　千尋,ﾌｼﾞｷ ﾁﾋﾛ,83歳,女,3,短期,,,美原　恵里,,(退)澤田　真紀,
,,207,01,,00051294,2025/07/15,2025/12/26,矢内　照子,ﾔﾅｲ ﾃﾙｺ,88歳,女,7,長期,,,美原　恵里,,,
,,207,02,,00147744,2025/07/19,2025/10/02,岩澤　秀子,ｲﾜｻﾜ ﾋﾃﾞｺ,83歳,女,3,長期,,,美原　恵里,,(退)澤田　真紀,
,,207,03,,00082392,2025/02/25,2026/01/24,小澤　香代子,ｵｻﾞﾜ ｶﾖｺ,68歳,女,147,長期,,,美原　恵里,,(退)澤田　真紀,
,,207,04,,00042757,2025/07/14,2025/08/07,藤井　幸枝,ﾌｼﾞｲ ﾕｷｴ,76歳,女,8,短期,,,美原　恵里,,吉田　拓也,
,,208,01,,00155895,2025/05/08,2025/07/22,私市　堯,ｷｻｲﾁ ﾀｶｼ,81歳,男,75,長期,,,美原　恵里,,,
,○,208,02,,00093421,2025/05/21,2025/09/18,逸見　弘久,ﾍﾝﾐ ﾋﾛﾋｻ,88歳,男,62,長期,,○,美原　恵里,,(退)澤田　真紀,
,,208,03,♪,00069873,2025/04/19,2025/11/24,中澤　正雄,ﾅｶｻﾞﾜ ﾏｻｵ,87歳,男,94,長期,,,美原　恵里,,,
,○,208,04,,00118090,2025/06/17,2025/11/15,富田　政喜,ﾄﾐﾀ ﾏｻｷ,53歳,男,35,長期,,●,美原　恵里,,(退)澤田　真紀,
,,210,01,,00155411,2024/12/17,2025/11/12,大谷内　時,ｵｵﾔｳﾁ ﾄｷ,90歳,女,217,長期,,,美原　恵里,,(退)澤田　真紀,
,,211,01,,00162558,2025/06/04,2025/07/31,森田　英一,ﾓﾘﾀ ｴｲｲﾁ,90歳,男,48,長期,,,美原　恵里,,髙橋　さとみ,
,,212,01,,00121839,2025/06/28,2025/10/08,井口　喜恵夫,ｲｸﾞﾁ ｷｴｵ,96歳,男,24,長期,,,美原　恵里,,吉田　拓也,
,,213,01,,00114754,2025/07/16,2025/07/25,原　貴美子,ﾊﾗ ｷﾐｺ,75歳,女,6,短期,,,美原　恵里,,(退)澤田　真紀,
,,215,01,,00030604,2025/07/14,2025/11/02,河合　善枝,ｶﾜｲ ﾖｼｴ,85歳,女,8,長期,,,美原　恵里,,,
,,216,01,♪,00161371,2025/07/08,2025/09/23,小保方　明,ｵﾎﾞｶﾀ ｱｷﾗ,59歳,男,14,長期,,,美原　恵里,上原　早希子,,
,,217,01,,00155078,2025/06/06,2025/09/09,吉岡　加津代,ﾖｼｵｶ ｶﾂﾖ,81歳,女,46,長期,,,美原　恵里,,(退)澤田　真紀,
,,218,01,,00141394,2025/07/18,2025/07/21(確),磯田　カヅ子,ｲｿﾀﾞ ｶﾂﾞｺ,87歳,女,4,,,,美原　恵里,,,
,,218,02,,00145557,2025/02/27,2025/08/08,島崎　波枝,ｼﾏｻﾞｷ ﾅﾐｴ,92歳,女,145,長期,,,美原　恵里,,,
,,220,01,,00155370,2025/05/24,2025/08/16,杉浦　好江,ｽｷﾞｳﾗ ﾖｼｴ,90歳,女,59,長期,,,美原　恵里,,,
,,220,02,,00002999,2025/05/17,2025/09/25,細井　君子,ﾎｿｲ ｷﾐｺ,99歳,女,66,長期,,,美原　恵里,,吉田　拓也,
☆,,220,03,,00020430,2025/07/07,,小暮　よし,ｺｸﾞﾚ ﾖｼ,95歳,女,15,長期,,,美原　恵里,,吉田　拓也,
,,220,04,,00121152,2025/07/17,2025/08/15,長谷川　浩子,ﾊｾｶﾞﾜ ﾋﾛｺ,54歳,女,5,短期,,,美原　恵里,,(退)澤田　真紀,
,○,221,01,,00162971,2025/06/24,2025/11/15,小賀野　博也,ｵｶﾞﾉ ﾋﾛﾔ,87歳,男,28,長期,,●,美原　恵里,,,
,,221,02,,00060337,2025/07/12,2025/07/23,中村　一雄,ﾅｶﾑﾗ ｶｽﾞｵ,90歳,男,10,短期,,,美原　恵里,,(退)澤田　真紀,
,,221,03,,00095547,2025/06/02,2025/09/01,鴨田　計夫,ｶﾓﾀ ｶｽﾞｵ,89歳,男,50,長期,,,美原　恵里,塚田　真紀子,,
,,221,04,,00146240,2025/06/30,2025/09/15,井上　勇,ｲﾉｳｴ ｲｻﾑ,82歳,男,22,長期,,,美原　恵里,,(退)澤田　真紀,
,,222,01,,00159362,2025/03/05,2025/10/14,横堀　誓一,ﾖｺﾎﾞﾘ ｾｲｲﾁ,50歳,男,139,長期,,,美原　恵里,,,
☆,,222,02,,00120863,2024/08/30,,神沢　朝吉,ｶﾝｻﾞﾜ ﾁｮｳｷﾁ,83歳,男,326,長期,,,美原　恵里,,,
,○,222,03,,00150658,2025/04/11,2025/09/19,根岸　一郎,ﾈｷﾞｼ ｲﾁﾛｳ,78歳,男,102,長期,,●,美原　恵里,,,
,,222,04,,00109276,2025/05/07,2025/10/25,吉野　勝三,ﾖｼﾉ ｶﾂｿﾞｳ,85歳,男,76,長期,,,美原　恵里,,,
☆,,223,01,,00134007,2025/07/16,,横澤　勝彦,ﾖｺｻﾞﾜ ｶﾂﾋｺ,69歳,男,6,長期,,,美原　恵里,,,
,,301,01,,00130963,2025/07/14,2025/08/01,藤田　惠美子,ﾌｼﾞﾀ ｴﾐｺ,96歳,女,8,短期,,,美原　恵里,,,
☆,,301,02,,00143303,2025/05/26,,古郡　のぶ江,ﾌﾙｺｵﾘ ﾉﾌﾞｴ,87歳,女,57,長期,,,美原　恵里,,,
☆,,301,03,,00077083,2025/05/02,,黒田　梅子,ｸﾛﾀﾞ ｳﾒｺ,90歳,女,81,長期,,,美原　恵里,,,
,,301,04,,00153629,2025/05/19,2026/01/21,中嶋　けい子,ﾅｶｼﾞﾏ ｹｲｺ,71歳,女,64,長期,,,美原　恵里,,,
☆,,302,02,♪,00097889,2024/10/29,,髙橋　福八,ﾀｶﾊｼ ﾌｸﾊﾁ,90歳,男,266,長期,,,美原　恵里,,,
,,302,03,,00099724,2025/02/13,2025/09/11,齋藤　宗之助,ｻｲﾄｳ ｿｳﾉｽｹ,93歳,男,159,長期,,,美原　恵里,,,
,,302,04,,00112027,2025/07/10,2025/11/14,木村　孝一,ｷﾑﾗ ｺｳｲﾁ,88歳,男,12,長期,,,美原　恵里,(退)山田　彩也華,,
,,303,01,,00083160,2025/07/19,2025/07/22,栗原　文子,ｸﾘﾊﾗ ﾌﾐｺ,96歳,女,3,短期,,,美原　恵里,,吉田　拓也,
,,305,01,,00163816,2025/07/10,2025/10/14,小川　ハツエ,ｵｶﾞﾜ ﾊﾂｴ,88歳,女,12,長期,,,美原　恵里,,,
,,306,01,♪,00072267,2024/03/30,2025/09/06,根岸　克彦,ﾈｷﾞｼ ｶﾂﾋｺ,82歳,男,479,長期,,,美原　恵里,,,
,,306,02,,00097034,2025/05/12,2026/01/12,村田　守平,ﾑﾗﾀ ﾓﾘﾍｲ,86歳,男,71,長期,,,美原　恵里,,町田　節代,
,,306,03,,00066541,2024/11/16,2025/09/05,大山　岩雄,ｵｵﾔﾏ ｲﾜｵ,81歳,男,248,長期,,,美原　恵里,,,
,,306,04,,00138385,2024/01/15,2026/01/15,梅澤　一夫,ｳﾒｻﾞﾜ ｶｽﾞｵ,94歳,男,554,長期,,,美原　恵里,,町田　節代,
,,307,01,,00132208,2025/01/08,2025/11/13,栗原　俊夫,ｸﾘﾊﾗ ﾄｼｵ,83歳,男,195,長期,,,美原　恵里,,,
☆,,307,02,,00127244,2025/06/17,,遠藤　幸義,ｴﾝﾄﾞｳ ﾕｷﾖｼ,80歳,男,35,長期,,,美原　恵里,,町田　節代,
,,307,03,,00028545,2025/06/26,2025/12/31,小林　壯吉,ｺﾊﾞﾔｼ ｿｳｷﾁ,82歳,男,26,長期,,,美原　恵里,,,
☆,,307,04,,00104919,2024/08/27,,中西　廣明,ﾅｶﾆｼ ﾋﾛｱｷ,76歳,男,329,長期,,,美原　恵里,,町田　節代,
,,308,01,,00107995,2025/07/19,2025/07/26,横澤　英子,ﾖｺｻﾞﾜ ﾋﾃﾞｺ,93歳,女,3,短期,,,美原　恵里,,,
☆,○,308,02,,00116523,2025/07/21,,石原　ヨシエ,ｲｼﾊﾗ ﾖｼｴ,89歳,女,1,長期,,○,美原　恵里,,,
,,308,03,,00142228,2025/07/16,2025/07/25,齋藤　文子,ｻｲﾄｳ ﾌﾐｺ,87歳,女,6,短期,,,美原　恵里,,,
,,308,04,,00092160,2025/01/18,2025/12/10,鈴木　ヒロ子,ｽｽﾞｷ ﾋﾛｺ,97歳,女,185,長期,,,美原　恵里,,,
,,310,01,,00089244,2025/06/18,2025/10/14,町田　ふみ枝,ﾏﾁﾀﾞ ﾌﾐｴ,102歳,女,34,長期,,,美原　恵里,,町田　節代,
,,310,02,,00163072,2025/06/18,2025/08/29,清水　フミ,ｼﾐｽﾞ ﾌﾐ,97歳,女,34,長期,,,美原　恵里,,,
,,310,03,,00054284,2025/06/18,2025/07/22,板橋　好子,ｲﾀﾊﾞｼ ﾖｼｺ,89歳,女,34,長期,,,美原　恵里,,(退)澤田　真紀,☆
,○,310,04,,00096466,2025/06/16,2025/11/17,原　文子,ﾊﾗ ﾌﾐｺ,78歳,女,36,長期,,○,美原　恵里,,吉田　拓也,
,,311,01,,00017349,2025/06/13,2026/05/19,小嶌　靜枝,ｺｼﾞﾏ ｼｽﾞｴ,90歳,女,39,長期,,,美原　恵里,,,
,,311,02,,00137071,2025/04/25,2025/10/10,山岸　君代,ﾔﾏｷﾞｼ ｷﾐﾖ,78歳,女,88,長期,,,美原　恵里,,,
☆,,311,03,,00076641,2024/08/19,,中村　きよ子,ﾅｶﾑﾗ ｷﾖｺ,91歳,女,337,長期,,,美原　恵里,,町田　節代,
,,311,04,,00113600,2025/07/09,2025/07/22,野崎　千代子,ﾉｻﾞｷ ﾁﾖｺ,91歳,女,13,短期,,,美原　恵里,,町田　節代,
☆,,312,01,,00132185,2025/07/17,,根岸　光江,ﾈｷﾞｼ ﾐﾂｴ,82歳,女,5,長期,,,美原　恵里,,,
,,312,02,,00027925,2025/02/19,2025/12/14,櫻井　幸子,ｻｸﾗｲ ﾕｷｺ,90歳,女,153,長期,,,美原　恵里,,吉田　拓也,
,,312,03,,00054821,2025/03/22,2025/08/09,小林　ます子,ｺﾊﾞﾔｼ ﾏｽｺ,91歳,女,122,長期,,,美原　恵里,,町田　節代,
,,312,04,,00101111,2025/07/07,2026/03/10,萩原　幸子,ﾊｷﾞﾜﾗ ｻﾁｺ,84歳,女,15,長期,,,美原　恵里,,町田　節代,
,○,313,01,,00163928,2025/07/18,2026/04/09,吉村　リツ子,ﾖｼﾑﾗ ﾘﾂｺ,95歳,女,4,長期,,○,美原　恵里,,,
,,315,01,,00059906,2025/02/26,2025/08/14,矢内　正,ﾔﾅｲ ﾀﾀﾞｼ,88歳,男,146,長期,,,美原　恵里,,,
,,U-1,01,,00134463,2025/06/09,2025/09/27,星野　タカ子,ﾎｼﾉ ﾀｶｺ,91歳,女,43,長期,,,美原　恵里,,,
,,U-2,01,,00162975,2025/05/16,2026/02/09,加藤　要子,ｶﾄｳ ﾖｳｺ,74歳,女,67,長期,,,美原　恵里,,,
,,U-3,01,,00129553,2024/08/03,2026/03/19,吉田　信子,ﾖｼﾀﾞ ﾉﾌﾞｺ,82歳,女,353,長期,,,美原　恵里,,大塚　彰太,
,,U-5,01,,00023757,2021/10/20,2026/05/22,須藤　美代子,ｽﾄｳ ﾐﾖｺ,100歳,女,1371,長期,,,美原　恵里,,大塚　彰太,
,,U-6,01,,00105798,2025/07/14,2025/10/20,小林　明子,ｺﾊﾞﾔｼ ｱｷｺ,92歳,女,8,長期,,,美原　恵里,,吉田　拓也,
☆,,U-7,01,♪,00146569,2023/10/15,,内野　昌子,ｳﾁﾉ ﾏｻｺ,86歳,女,646,長期,,,美原　恵里,,町田　節代,
,,U-10,01,♪,00046976,2025/07/18,2025/07/25,山口　一明,ﾔﾏｸﾞﾁ ｶｽﾞｱｷ,85歳,男,4,短期,,,美原　恵里,,,
,,U-11,01,,00148041,2025/07/20,2025/08/12,内野　昭八郎,ｳﾁﾉ ｼｮｳﾊﾁﾛｳ,92歳,男,2,短期,,,美原　恵里,,,
,,U-12,01,,00094530,2025/06/14,2025/10/15,鵤木　静江,ｲｶﾙｷﾞ ｼｽﾞｴ,89歳,女,38,長期,,,美原　恵里,,,