"level","full_address","address_for_input","lat","lng","map_x","map_y","map_x_ratio","map_y_ratio","source"
"town","群馬県伊勢崎市ひろせ町","群馬県伊勢崎市ひろせ町","36.300218","139.196857","189","327","0.422819","0.659274","geolonia-japanese-addresses"
"town","群馬県伊勢崎市三光町","群馬県伊勢崎市三光町","36.318012","139.191756","190","262","0.425056","0.528226","geolonia-japanese-addresses"
"town","群馬県伊勢崎市三和町","群馬県伊勢崎市三和町","36.350272","139.221884","245","226","0.548098","0.455645","geolonia-japanese-addresses"
"town","群馬県伊勢崎市三室町","群馬県伊勢崎市三室町","36.325078","139.239008","282","245","0.630872","0.493952","geolonia-japanese-addresses"
"town","群馬県伊勢崎市上植木本町","群馬県伊勢崎市上植木本町","36.336672","139.2113","223","232","0.498881","0.467742","geolonia-japanese-addresses"
"town","群馬県伊勢崎市上泉町","群馬県伊勢崎市上泉町","36.312609","139.191178","199","272","0.44519","0.548387","geolonia-japanese-addresses"
"town","群馬県伊勢崎市上田町","群馬県伊勢崎市上田町","36.35291","139.23551","269","189","0.60179","0.381048","geolonia-japanese-addresses"
"town","群馬県伊勢崎市上蓮町","群馬県伊勢崎市上蓮町","36.271613","139.216721","201","392","0.449664","0.790323","geolonia-japanese-addresses"
"town","群馬県伊勢崎市上諏訪町","群馬県伊勢崎市上諏訪町","36.328666","139.220342","228","229","0.510067","0.461694","geolonia-japanese-addresses"
"town","群馬県伊勢崎市下植木町","群馬県伊勢崎市下植木町","36.319502","139.213088","221","288","0.494407","0.580645","geolonia-japanese-addresses"
"town","群馬県伊勢崎市下蓮町","群馬県伊勢崎市下蓮町","36.269214","139.224771","206","407","0.46085","0.820565","geolonia-japanese-addresses"
"town","群馬県伊勢崎市下触町","群馬県伊勢崎市下触町","36.368786","139.20092","235","142","0.525727","0.28629","geolonia-japanese-addresses"
"town","群馬県伊勢崎市下道寺町","群馬県伊勢崎市下道寺町","36.277049","139.204572","221","399","0.494407","0.804435","geolonia-japanese-addresses"
"town","群馬県伊勢崎市中央町","群馬県伊勢崎市中央町","36.318862","139.200391","204","264","0.456376","0.532258","geolonia-japanese-addresses"
"town","群馬県伊勢崎市中町","群馬県伊勢崎市中町","36.299444","139.172151","174","363","0.389262","0.731855","geolonia-japanese-addresses"
"town","群馬県伊勢崎市乾町","群馬県伊勢崎市乾町","36.339601","139.191394","177","217","0.395973","0.4375","geolonia-japanese-addresses"
"town","群馬県伊勢崎市五目牛町","群馬県伊勢崎市五目牛町","36.356794","139.20679","217","135","0.485459","0.272177","geolonia-japanese-addresses"
"town","群馬県伊勢崎市今井町","群馬県伊勢崎市今井町","36.30143","139.179295","174","329","0.389262","0.663306","geolonia-japanese-addresses"
"town","群馬県伊勢崎市八坂町","群馬県伊勢崎市八坂町","36.313988","139.197812","204","275","0.456376","0.554435","geolonia-japanese-addresses"
"town","群馬県伊勢崎市八寸町","群馬県伊勢崎市八寸町","36.333609","139.229843","264","226","0.590604","0.455645","geolonia-japanese-addresses"
"town","群馬県伊勢崎市八幡町","群馬県伊勢崎市八幡町","36.337875","139.19945","182","216","0.407159","0.435484","geolonia-japanese-addresses"
"town","群馬県伊勢崎市八斗島町","群馬県伊勢崎市八斗島町","36.268173","139.191949","184","407","0.411633","0.820565","geolonia-japanese-addresses"
"town","群馬県伊勢崎市北千木町","群馬県伊勢崎市北千木町","36.302885","139.215647","226","306","0.505593","0.616935","geolonia-japanese-addresses"
"town","群馬県伊勢崎市南千木町","群馬県伊勢崎市南千木町","36.296182","139.215776","225","319","0.503356","0.643145","geolonia-japanese-addresses"
"town","群馬県伊勢崎市喜多町","群馬県伊勢崎市喜多町","36.329042","139.193332","183","226","0.409396","0.455645","geolonia-japanese-addresses"
"town","群馬県伊勢崎市国領町","群馬県伊勢崎市国領町","36.263388","139.232772","190","386","0.425056","0.778226","geolonia-japanese-addresses"
"town","群馬県伊勢崎市堀下町","群馬県伊勢崎市堀下町","36.366505","139.215944","223","151","0.498881","0.304435","geolonia-japanese-addresses"
"town","群馬県伊勢崎市堀口町","群馬県伊勢崎市堀口町","36.290643","139.183806","179","356","0.400447","0.717742","geolonia-japanese-addresses"
"town","群馬県伊勢崎市堤下町","群馬県伊勢崎市堤下町","36.338391","139.195839","180","211","0.402685","0.425403","geolonia-japanese-addresses"
"town","群馬県伊勢崎市堤西町","群馬県伊勢崎市堤西町","36.342288","139.19392","170","206","0.380313","0.415323","geolonia-japanese-addresses"
"town","群馬県伊勢崎市境","群馬県伊勢崎市境","36.271586","139.255265","344","339","0.769575","0.683468","geolonia-japanese-addresses"
"town","群馬県伊勢崎市境三ツ木","群馬県伊勢崎市境三ツ木","36.279433","139.272068","354","357","0.791946","0.719758","geolonia-japanese-addresses"
"town","群馬県伊勢崎市境上武士","群馬県伊勢崎市境上武士","36.28375","139.234182","324","324","0.724832","0.653226","geolonia-japanese-addresses"
"town","群馬県伊勢崎市境上渕名","群馬県伊勢崎市境上渕名","36.311931","139.250863","284","271","0.635347","0.546371","geolonia-japanese-addresses"
"town","群馬県伊勢崎市境上矢島","群馬県伊勢崎市境上矢島","36.286284","139.256725","305","331","0.682327","0.667339","geolonia-japanese-addresses"
"town","群馬県伊勢崎市境下武士","群馬県伊勢崎市境下武士","36.27517","139.238809","339","363","0.758389","0.731855","geolonia-japanese-addresses"
"town","群馬県伊勢崎市境下渕名","群馬県伊勢崎市境下渕名","36.30129","139.247422","300","291","0.671141","0.586694","geolonia-japanese-addresses"
"town","群馬県伊勢崎市境中島","群馬県伊勢崎市境中島","36.261532","139.253496","333","386","0.744966","0.778226","geolonia-japanese-addresses"
"town","群馬県伊勢崎市境伊与久","群馬県伊勢崎市境伊与久","36.301327","139.229934","261","296","0.583893","0.596774","geolonia-japanese-addresses"
"town","群馬県伊勢崎市境保泉","群馬県伊勢崎市境保泉","36.288544","139.223135","314","337","0.702461","0.679435","geolonia-japanese-addresses"
"town","群馬県伊勢崎市境女塚","群馬県伊勢崎市境女塚","36.270869","139.268521","369","331","0.825503","0.667339","geolonia-japanese-addresses"
"town","群馬県伊勢崎市境小此木","群馬県伊勢崎市境小此木","36.266859","139.238178","326","378","0.729306","0.762097","geolonia-japanese-addresses"
"town","群馬県伊勢崎市境島村","群馬県伊勢崎市境島村","36.257055","139.23761","408","395","0.912752","0.796371","geolonia-japanese-addresses"
"town","群馬県伊勢崎市境平塚","群馬県伊勢崎市境平塚","36.254341","139.266603","383","380","0.856823","0.766129","geolonia-japanese-addresses"
"town","群馬県伊勢崎市境新栄","群馬県伊勢崎市境新栄","36.276994","139.264554","373","344","0.834452","0.693548","geolonia-japanese-addresses"
"town","群馬県伊勢崎市境木島","群馬県伊勢崎市境木島","36.288103","139.243141","294","307","0.657718","0.618952","geolonia-japanese-addresses"
"town","群馬県伊勢崎市境東","群馬県伊勢崎市境東","36.272189","139.259616","354","335","0.791946","0.675403","geolonia-japanese-addresses"
"town","群馬県伊勢崎市境東新井","群馬県伊勢崎市境東新井","36.311683","139.26415","270","326","0.604027","0.657258","geolonia-japanese-addresses"
"town","群馬県伊勢崎市境栄","群馬県伊勢崎市境栄","36.271502","139.263304","357","343","0.798658","0.691532","geolonia-japanese-addresses"
"town","群馬県伊勢崎市境百々","群馬県伊勢崎市境百々","36.280222","139.252165","365","327","0.816555","0.659274","geolonia-japanese-addresses"
"town","群馬県伊勢崎市境百々東","群馬県伊勢崎市境百々東","36.279481","139.256316","375","319","0.838926","0.643145","geolonia-japanese-addresses"
"town","群馬県伊勢崎市境米岡","群馬県伊勢崎市境米岡","36.263772","139.26431","374","393","0.836689","0.792339","geolonia-japanese-addresses"
"town","群馬県伊勢崎市境美原","群馬県伊勢崎市境美原","36.278845","139.260079","366","337","0.818792","0.679435","geolonia-japanese-addresses"
"town","群馬県伊勢崎市境萩原","群馬県伊勢崎市境萩原","36.276382","139.250588","350","348","0.782998","0.701613","geolonia-japanese-addresses"
"town","群馬県伊勢崎市境西今井","群馬県伊勢崎市境西今井","36.282947","139.266775","341","329","0.762864","0.663306","geolonia-japanese-addresses"
"town","群馬県伊勢崎市大手町","群馬県伊勢崎市大手町","36.323635","139.194912","190","241","0.425056","0.485887","geolonia-japanese-addresses"
"town","群馬県伊勢崎市大正寺町","群馬県伊勢崎市大正寺町","36.283955","139.200041","213","385","0.47651","0.77621","geolonia-japanese-addresses"
"town","群馬県伊勢崎市太田町","群馬県伊勢崎市太田町","36.330439","139.187992","171","230","0.38255","0.46371","geolonia-japanese-addresses"
"town","群馬県伊勢崎市安堀町","群馬県伊勢崎市安堀町","36.335949","139.176987","166","236","0.371365","0.475806","geolonia-japanese-addresses"
"town","群馬県伊勢崎市宗高町","群馬県伊勢崎市宗高町","36.329577","139.20138","190","232","0.425056","0.467742","geolonia-japanese-addresses"
"town","群馬県伊勢崎市宮前町","群馬県伊勢崎市宮前町","36.323612","139.207509","211","268","0.472036","0.540323","geolonia-japanese-addresses"
"town","群馬県伊勢崎市宮古町","群馬県伊勢崎市宮古町","36.32181","139.151732","116","270","0.259508","0.544355","geolonia-japanese-addresses"
"town","群馬県伊勢崎市宮子町","群馬県伊勢崎市宮子町","36.332768","139.158089","122","287","0.272931","0.578629","geolonia-japanese-addresses"
"town","群馬県伊勢崎市富塚町","群馬県伊勢崎市富塚町","36.274663","139.195047","179","383","0.400447","0.772177","geolonia-japanese-addresses"
"town","群馬県伊勢崎市寿町","群馬県伊勢崎市寿町","36.333194","139.199373","188","228","0.420582","0.459677","geolonia-japanese-addresses"
"town","群馬県伊勢崎市小泉町","群馬県伊勢崎市小泉町","36.336188","139.257147","315","187","0.704698","0.377016","geolonia-japanese-addresses"
"town","群馬県伊勢崎市山王町","群馬県伊勢崎市山王町","36.295137","139.19339","178","348","0.39821","0.701613","geolonia-japanese-addresses"
"town","群馬県伊勢崎市平井町","群馬県伊勢崎市平井町","36.324364","139.26286","323","212","0.722595","0.427419","geolonia-japanese-addresses"
"town","群馬県伊勢崎市平和町","群馬県伊勢崎市平和町","36.32396","139.199732","196","246","0.438479","0.495968","geolonia-japanese-addresses"
"town","群馬県伊勢崎市戸谷塚町","群馬県伊勢崎市戸谷塚町","36.280695","139.178551","181","394","0.404922","0.794355","geolonia-japanese-addresses"
"town","群馬県伊勢崎市新栄町","群馬県伊勢崎市新栄町","36.30612","139.190944","178","306","0.39821","0.616935","geolonia-japanese-addresses"
"town","群馬県伊勢崎市日乃出町","群馬県伊勢崎市日乃出町","36.320698","139.224535","232","268","0.519016","0.540323","geolonia-japanese-addresses"
"town","群馬県伊勢崎市昭和町","群馬県伊勢崎市昭和町","36.328524","139.207447","203","244","0.454139","0.491935","geolonia-japanese-addresses"
"town","群馬県伊勢崎市曲沢町","群馬県伊勢崎市曲沢町","36.377114","139.249294","201","132","0.449664","0.266129","geolonia-japanese-addresses"
"town","群馬県伊勢崎市曲沢町","群馬県伊勢崎市曲沢町","36.37918","139.243572","201","132","0.449664","0.266129","geolonia-japanese-addresses"
"town","群馬県伊勢崎市曲輪町","群馬県伊勢崎市曲輪町","36.324218","139.190602","187","244","0.418345","0.491935","geolonia-japanese-addresses"
"town","群馬県伊勢崎市末広町","群馬県伊勢崎市末広町","36.334539","139.193042","188","222","0.420582","0.447581","geolonia-japanese-addresses"
"town","群馬県伊勢崎市本町","群馬県伊勢崎市本町","36.320259","139.195755","197","256","0.440716","0.516129","geolonia-japanese-addresses"
"town","群馬県伊勢崎市本関町","群馬県伊勢崎市本関町","36.349592","139.21107","212","205","0.474273","0.413306","geolonia-japanese-addresses"
"town","群馬県伊勢崎市東上之宮町","群馬県伊勢崎市東上之宮町","36.308924","139.152278","162","347","0.362416","0.699597","geolonia-japanese-addresses"
"town","群馬県伊勢崎市東小保方町","群馬県伊勢崎市東小保方町","36.326829","139.252583","310","226","0.693512","0.455645","geolonia-japanese-addresses"
"town","群馬県伊勢崎市東本町","群馬県伊勢崎市東本町","36.319097","139.205385","210","258","0.469799","0.520161","geolonia-japanese-addresses"
"town","群馬県伊勢崎市東町","群馬県伊勢崎市東町","36.341692","139.245583","304","205","0.680089","0.413306","geolonia-japanese-addresses"
"town","群馬県伊勢崎市柳原町","群馬県伊勢崎市柳原町","36.32832","139.198058","192","230","0.42953","0.46371","geolonia-japanese-addresses"
"town","群馬県伊勢崎市柴町","群馬県伊勢崎市柴町","36.288831","139.166742","193","370","0.431767","0.745968","geolonia-japanese-addresses"
"town","群馬県伊勢崎市波志江町","群馬県伊勢崎市波志江町","36.351928","139.188544","188","181","0.420582","0.364919","geolonia-japanese-addresses"
"town","群馬県伊勢崎市田中島町","群馬県伊勢崎市田中島町","36.321274","139.162455","139","300","0.310962","0.604839","geolonia-japanese-addresses"
"town","群馬県伊勢崎市田中町","群馬県伊勢崎市田中町","36.310859","139.16269","157","336","0.35123","0.677419","geolonia-japanese-addresses"
"town","群馬県伊勢崎市磯町","群馬県伊勢崎市磯町","36.395555","139.231115","204","111","0.456376","0.22379","geolonia-japanese-addresses"
"town","群馬県伊勢崎市福島町","群馬県伊勢崎市福島町","36.275516","139.181105","190","384","0.425056","0.774194","geolonia-japanese-addresses"
"town","群馬県伊勢崎市稲荷町","群馬県伊勢崎市稲荷町","36.327807","139.143755","139","321","0.310962","0.647177","geolonia-japanese-addresses"
"town","群馬県伊勢崎市粕川町","群馬県伊勢崎市粕川町","36.31113","139.216165","224","254","0.501119","0.512097","geolonia-japanese-addresses"
"town","群馬県伊勢崎市緑町","群馬県伊勢崎市緑町","36.317621","139.195973","200","268","0.447427","0.540323","geolonia-japanese-addresses"
"town","群馬県伊勢崎市美茂呂町","群馬県伊勢崎市美茂呂町","36.300309","139.20353","209","314","0.467562","0.633065","geolonia-japanese-addresses"
"town","群馬県伊勢崎市羽黒町","群馬県伊勢崎市羽黒町","36.288084","139.212914","234","330","0.52349","0.665323","geolonia-japanese-addresses"
"town","群馬県伊勢崎市若葉町","群馬県伊勢崎市若葉町","36.319097","139.188235","176","278","0.393736","0.560484","geolonia-japanese-addresses"
"town","群馬県伊勢崎市茂呂南町","群馬県伊勢崎市茂呂南町","36.294014","139.205709","227","330","0.50783","0.665323","geolonia-japanese-addresses"
"town","群馬県伊勢崎市華蔵寺町","群馬県伊勢崎市華蔵寺町","36.34144","139.198861","180","203","0.402685","0.409274","geolonia-japanese-addresses"
"town","群馬県伊勢崎市西上之宮町","群馬県伊勢崎市西上之宮町","36.312166","139.142956","151","350","0.337808","0.705645","geolonia-japanese-addresses"
"town","群馬県伊勢崎市西小保方町","群馬県伊勢崎市西小保方町","36.343438","139.234172","273","202","0.610738","0.407258","geolonia-japanese-addresses"
"town","群馬県伊勢崎市西田町","群馬県伊勢崎市西田町","36.333988","139.195802","180","222","0.402685","0.447581","geolonia-japanese-addresses"
"town","群馬県伊勢崎市西野町","群馬県伊勢崎市西野町","36.396808","139.221885","196","98","0.438479","0.197581","geolonia-japanese-addresses"
"town","群馬県伊勢崎市豊城町","群馬県伊勢崎市豊城町","36.337194","139.222189","219","223","0.489933","0.449597","geolonia-japanese-addresses"
"town","群馬県伊勢崎市赤堀鹿島町","群馬県伊勢崎市赤堀鹿島町","36.385912","139.253501","214","108","0.478747","0.217742","geolonia-japanese-addresses"
"town","群馬県伊勢崎市連取元町","群馬県伊勢崎市連取元町","36.310266","139.180037","157","305","0.35123","0.614919","geolonia-japanese-addresses"
"town","群馬県伊勢崎市連取本町","群馬県伊勢崎市連取本町","36.321637","139.177952","155","286","0.346756","0.576613","geolonia-japanese-addresses"
"town","群馬県伊勢崎市連取町","群馬県伊勢崎市連取町","36.317458","139.182638","166","296","0.371365","0.596774","geolonia-japanese-addresses"
"town","群馬県伊勢崎市野町","群馬県伊勢崎市野町","36.387443","139.227539","201","126","0.449664","0.254032","geolonia-japanese-addresses"
"town","群馬県伊勢崎市長沼町","群馬県伊勢崎市長沼町","36.265061","139.209077","215","420","0.480984","0.846774","geolonia-japanese-addresses"
"town","群馬県伊勢崎市間野谷町","群馬県伊勢崎市間野谷町","36.380676","139.2619","228","92","0.510067","0.185484","geolonia-japanese-addresses"
"town","群馬県伊勢崎市阿弥大寺町","群馬県伊勢崎市阿弥大寺町","36.302409","139.165799","190","360","0.425056","0.725806","geolonia-japanese-addresses"
"town","群馬県伊勢崎市除ケ町","群馬県伊勢崎市除ケ町","36.283253","139.192253","185","375","0.41387","0.756048","geolonia-japanese-addresses"
"town","群馬県伊勢崎市韮塚町","群馬県伊勢崎市韮塚町","36.306943","139.17467","157","324","0.35123","0.653226","geolonia-japanese-addresses"
"town","群馬県伊勢崎市飯島町","群馬県伊勢崎市飯島町","36.26541","139.221738","174","383","0.389262","0.772177","geolonia-japanese-addresses"
"town","群馬県伊勢崎市馬見塚町","群馬県伊勢崎市馬見塚町","36.280319","139.214922","222","373","0.496644","0.752016","geolonia-japanese-addresses"
"town","群馬県伊勢崎市鹿島町","群馬県伊勢崎市鹿島町","36.339247","139.204498","203","216","0.454139","0.435484","geolonia-japanese-addresses"
"chome","群馬県伊勢崎市今泉町一丁目","群馬県伊勢崎市今泉町1","36.3115","139.207457","235","286","0.525727","0.576613","geolonia-japanese-addresses"
"chome","群馬県伊勢崎市今泉町二丁目","群馬県伊勢崎市今泉町2","36.311881","139.19778","210","286","0.469799","0.576613","geolonia-japanese-addresses"
"chome","群馬県伊勢崎市国定町一丁目","群馬県伊勢崎市国定町1","36.363452","139.260005","369","156","0.825503","0.314516","geolonia-japanese-addresses"
"chome","群馬県伊勢崎市国定町二丁目","群馬県伊勢崎市国定町2","36.363948","139.241188","321","155","0.718121","0.3125","geolonia-japanese-addresses"
"chome","群馬県伊勢崎市境保泉一丁目","群馬県伊勢崎市境保泉1","36.288159","139.218159","262","345","0.58613","0.695565","geolonia-japanese-addresses"
"chome","群馬県伊勢崎市市場町一丁目","群馬県伊勢崎市市場町1","36.373723","139.220967","269","130","0.60179","0.262097","geolonia-japanese-addresses"
"chome","群馬県伊勢崎市市場町二丁目","群馬県伊勢崎市市場町2","36.362549","139.223951","277","158","0.619687","0.318548","geolonia-japanese-addresses"
"chome","群馬県伊勢崎市田部井町一丁目","群馬県伊勢崎市田部井町1","36.355778","139.247763","338","175","0.756152","0.352823","geolonia-japanese-addresses"
"chome","群馬県伊勢崎市田部井町三丁目","群馬県伊勢崎市田部井町3","36.349835","139.261029","372","190","0.832215","0.383065","geolonia-japanese-addresses"
"chome","群馬県伊勢崎市田部井町二丁目","群馬県伊勢崎市田部井町2","36.348963","139.246976","336","192","0.751678","0.387097","geolonia-japanese-addresses"
"chome","群馬県伊勢崎市茂呂町一丁目","群馬県伊勢崎市茂呂町1","36.306274","139.199351","214","300","0.478747","0.604839","geolonia-japanese-addresses"
"chome","群馬県伊勢崎市茂呂町二丁目","群馬県伊勢崎市茂呂町2","36.299453","139.209116","239","317","0.534676","0.639113","geolonia-japanese-addresses"
"chome","群馬県伊勢崎市西久保町一丁目","群馬県伊勢崎市西久保町1","36.379332","139.226424","283","116","0.63311","0.233871","geolonia-japanese-addresses"
"chome","群馬県伊勢崎市西久保町三丁目","群馬県伊勢崎市西久保町3","36.369096","139.231126","295","142","0.659955","0.28629","geolonia-japanese-addresses"
"chome","群馬県伊勢崎市西久保町二丁目","群馬県伊勢崎市西久保町2","36.376645","139.235622","307","123","0.686801","0.247984","geolonia-japanese-addresses"
"chome","群馬県伊勢崎市赤堀今井町一丁目","群馬県伊勢崎市赤堀今井町1","36.375959","139.210273","242","125","0.541387","0.252016","geolonia-japanese-addresses"
"chome","群馬県伊勢崎市赤堀今井町二丁目","群馬県伊勢崎市赤堀今井町2","36.388078","139.215084","254","94","0.568233","0.189516","geolonia-japanese-addresses"
"chome","群馬県伊勢崎市香林町一丁目","群馬県伊勢崎市香林町1","36.388123","139.241011","321","94","0.718121","0.189516","geolonia-japanese-addresses"
"chome","群馬県伊勢崎市香林町二丁目","群馬県伊勢崎市香林町2","36.399727","139.246789","335","65","0.749441","0.131048","geolonia-japanese-addresses"
