city,address_input,address_full,lat,lng,source,found_type,resolved_title
群馬県伊勢崎市,今泉町1,今泉町一丁目,36.311501,139.207458,gsi,検出,群馬県伊勢崎市今泉町一丁目
群馬県伊勢崎市,今泉町2,今泉町二丁目,36.311882,139.197784,gsi,検出,群馬県伊勢崎市今泉町二丁目
群馬県伊勢崎市,国定町1,国定町一丁目,36.363453,139.26001,gsi,検出,群馬県伊勢崎市国定町一丁目
群馬県伊勢崎市,国定町2,国定町二丁目,36.363949,139.24118,gsi,検出,群馬県伊勢崎市国定町二丁目
群馬県伊勢崎市,境保泉1,境保泉一丁目,36.288158,139.218155,gsi,検出,群馬県伊勢崎市境保泉一丁目
群馬県伊勢崎市,市場町1,市場町一丁目,36.373722,139.220963,gsi,検出,群馬県伊勢崎市市場町一丁目
群馬県伊勢崎市,市場町2,市場町二丁目,36.362549,139.223953,gsi,検出,群馬県伊勢崎市市場町二丁目
群馬県伊勢崎市,田部井町1,田部井町一丁目,36.355778,139.247757,gsi,検出,群馬県伊勢崎市田部井町一丁目
群馬県伊勢崎市,田部井町2,田部井町二丁目,36.348965,139.246979,gsi,検出,群馬県伊勢崎市田部井町二丁目
群馬県伊勢崎市,田部井町3,田部井町三丁目,36.349834,139.261032,gsi,検出,群馬県伊勢崎市田部井町三丁目
群馬県伊勢崎市,茂呂町1,茂呂町一丁目,36.306274,139.199356,gsi,検出,群馬県伊勢崎市茂呂町一丁目
群馬県伊勢崎市,茂呂町2,茂呂町二丁目,36.299824,139.209412,gsi,検出,群馬県伊勢崎市茂呂町二丁目
群馬県伊勢崎市,西久保町1,西久保町一丁目,36.379333,139.226425,gsi,検出,群馬県伊勢崎市西久保町一丁目
群馬県伊勢崎市,西久保町2,西久保町二丁目,36.376644,139.235626,gsi,検出,群馬県伊勢崎市西久保町二丁目
群馬県伊勢崎市,西久保町3,西久保町三丁目,36.369095,139.231125,gsi,検出,群馬県伊勢崎市西久保町三丁目
群馬県伊勢崎市,赤堀今井町1,赤堀今井町一丁目,36.375957,139.210266,gsi,検出,群馬県伊勢崎市赤堀今井町一丁目
群馬県伊勢崎市,赤堀今井町2,赤堀今井町二丁目,36.388077,139.215088,gsi,検出,群馬県伊勢崎市赤堀今井町二丁目
群馬県伊勢崎市,香林町1,香林町一丁目,36.388123,139.241013,gsi,検出,群馬県伊勢崎市香林町一丁目
群馬県伊勢崎市,香林町2,香林町二丁目,36.399727,139.246796,gsi,検出,群馬県伊勢崎市香林町二丁目
