date,user_name
2025-04-01,阿左美　武子
2025-04-01,新井　明
2025-04-01,新井　幸子
2025-04-01,五十嵐　和郎
2025-04-01,今村　春江
2025-04-01,大澤　博
2025-04-01,大関　定男
2025-04-01,女屋　昭治
2025-04-01,片山　サヨ子
2025-04-01,金井　英明
2025-04-01,菊川　美枝子
2025-04-01,菊池　二三男
2025-04-01,木暮　禮子
2025-04-01,木村　延明
2025-04-01,ｸﾞｴﾝ･ﾁｰ・　ﾆｭﾝ
2025-04-01,NGUYEN　THI KIM HONG
2025-04-01,小山　仁一郎
2025-04-01,齊藤　敦
2025-04-01,齋藤　節子
2025-04-01,清水　覚
2025-04-01,須藤　志成幸
2025-04-01,関口　雅久
2025-04-01,関口　靖子
2025-04-01,髙橋　洋
2025-04-01,古澤　利子
2025-04-01,本木　初江
2025-04-01,森　泰江
2025-04-01,渡邉　昭
2025-04-02,新井　基雄
2025-04-02,井開　重男
2025-04-02,石井　清子
2025-04-02,生形　宏
2025-04-02,大沢　正己
2025-04-02,尾内　則夫
2025-04-02,小野　利明
2025-04-02,鯉登　和子
2025-04-02,後藤　俊治
2025-04-02,小林　眞代
2025-04-02,小屋　知紀
2025-04-02,齋藤　アヤ
2025-04-02,齋藤　時子
2025-04-02,齋藤　典之
2025-04-02,佐藤　光男
2025-04-02,髙栁　テル子
2025-04-02,中島　喜作
2025-04-02,中野　るみ子
2025-04-02,箱田　惠美子
2025-04-02,原　貴美子
2025-04-02,原嶋　キン
2025-04-02,藤生　宣男
2025-04-02,松江　光子
2025-04-02,松村　君江
2025-04-02,宮田　初江
2025-04-02,村岡　洋一
2025-04-02,森　洋美
2025-04-02,矢内　弘司
2025-04-02,横堀　喜一
2025-04-02,吉田　雅志
2025-04-02,六本木　利彦
2025-04-03,新井　常子
2025-04-03,五十嵐　和郎
2025-04-03,井口　喜恵夫
2025-04-03,岩沼　百合子
2025-04-03,小椋　正美
2025-04-03,小此木　智浩
2025-04-03,川端　キヨ子
2025-04-03,菊川　美枝子
2025-04-03,菊池　二三男
2025-04-03,木村　延明
2025-04-03,ｸﾞｴﾝ･ﾁｰ・　ﾆｭﾝ
2025-04-03,鯉登　和子
2025-04-03,小林　壯吉
2025-04-03,小山　仁一郎
2025-04-03,齋藤　節子
2025-04-03,鈴木　清江
2025-04-03,関口　雅久
2025-04-03,関口　靖子
2025-04-03,髙橋　歳一
2025-04-03,髙橋　洋
2025-04-03,髙山　昭房
2025-04-03,箱田　惠美子
2025-04-03,原嶋　キン
2025-04-03,原　久榮
2025-04-03,森　泰江
2025-04-04,阿左美　武子
2025-04-04,新井　明
2025-04-04,新井　幸子
2025-04-04,新井　孝子
2025-04-04,今村　春江
2025-04-04,岩沼　百合子
2025-04-04,大島　良之
2025-04-04,女屋　昭治
2025-04-04,小野　利明
2025-04-04,片山　サヨ子
2025-04-04,加藤　正
2025-04-04,菊池　二三男
2025-04-04,小屋　知紀
2025-04-04,齊藤　敦
2025-04-04,齋藤　典之
2025-04-04,坂口　和巳
2025-04-04,千保木　みつ江
2025-04-04,鶴田　聡
2025-04-04,南雲　勝代
2025-04-04,萩原　勝巳
2025-04-04,藤田　祐公
2025-04-04,古澤　利子
2025-04-04,松江　光子
2025-04-04,矢内　弘司
2025-04-04,横堀　喜一
2025-04-04,渡邉　昭
2025-04-05,新井　基雄
2025-04-05,五十嵐　美知子
2025-04-05,石井　清子
2025-04-05,井上　光子
2025-04-05,生形　宏
2025-04-05,大沢　正己
2025-04-05,大関　定男
2025-04-05,奥原　孝子
2025-04-05,小此木　智浩
2025-04-05,尾内　則夫
2025-04-05,小保方　三四子
2025-04-05,金井　英明
2025-04-05,後藤　俊治
2025-04-05,小林　壯吉
2025-04-05,小林　眞代
2025-04-05,齋藤　アヤ
2025-04-05,齋藤　民江
2025-04-05,髙栁　テル子
2025-04-05,中島　昭子
2025-04-05,根岸　一郎
2025-04-05,藤生　宣男
2025-04-05,眞嶋　清子
2025-04-05,松村　君江
2025-04-05,宮田　初江
2025-04-05,村岡　洋一
2025-04-05,本木　初江
2025-04-05,大和　米秋
2025-04-05,横澤　英子
2025-04-05,六本木　利彦
2025-04-07,新井　常子
2025-04-07,井開　重男
2025-04-07,岩沼　百合子
2025-04-07,大島　良之
2025-04-07,小椋　正美
2025-04-07,加藤　正
2025-04-07,小屋　知紀
2025-04-07,齋藤　民江
2025-04-07,齋藤　時子
2025-04-07,齋藤　典之
2025-04-07,坂口　和巳
2025-04-07,佐藤　光男
2025-04-07,鈴木　清江
2025-04-07,関口　雅久
2025-04-07,鶴田　聡
2025-04-07,中島　葉子
2025-04-07,南雲　勝代
2025-04-07,根岸　ヨネ子
2025-04-07,萩原　勝巳
2025-04-07,箱田　惠美子
2025-04-07,原　久榮
2025-04-07,藤田　祐公
2025-04-07,丸橋　美榮子
2025-04-07,森　泰江
2025-04-07,吉田　雅志
2025-04-08,阿左美　武子
2025-04-08,新井　明
2025-04-08,五十嵐　和郎
2025-04-08,五十嵐　美知子
2025-04-08,今村　春江
2025-04-08,大関　定男
2025-04-08,女屋　昭治
2025-04-08,小保方　三四子
2025-04-08,片山　サヨ子
2025-04-08,金井　英明
2025-04-08,菊川　美枝子
2025-04-08,菊池　二三男
2025-04-08,木暮　禮子
2025-04-08,木村　延明
2025-04-08,ｸﾞｴﾝ･ﾁｰ・　ﾆｭﾝ
2025-04-08,NGUYEN　THI KIM HONG
2025-04-08,小山　仁一郎
2025-04-08,齊藤　敦
2025-04-08,齋藤　節子
2025-04-08,清水　覚
2025-04-08,須藤　志成幸
2025-04-08,関口　雅久
2025-04-08,関口　靖子
2025-04-08,髙橋　洋
2025-04-08,田村　タマ
2025-04-08,古澤　利子
2025-04-08,本木　初江
2025-04-08,渡邉　昭
2025-04-09,新井　基雄
2025-04-09,井開　重男
2025-04-09,石井　清子
2025-04-09,生形　宏
2025-04-09,大沢　正己
2025-04-09,尾内　則夫
2025-04-09,小野　利明
2025-04-09,倉林　晶子
2025-04-09,鯉登　和子
2025-04-09,後藤　俊治
2025-04-09,小林　眞代
2025-04-09,齋藤　アヤ
2025-04-09,齋藤　時子
2025-04-09,齋藤　典之
2025-04-09,佐藤　光男
2025-04-09,髙栁　テル子
2025-04-09,中島　喜作
2025-04-09,根岸　一郎
2025-04-09,箱田　惠美子
2025-04-09,原嶋　キン
2025-04-09,藤生　宣男
2025-04-09,松江　光子
2025-04-09,松村　君江
2025-04-09,村岡　洋一
2025-04-09,森　洋美
2025-04-09,矢内　弘司
2025-04-09,大和　米秋
2025-04-09,横堀　喜一
2025-04-09,吉田　雅志
2025-04-09,六本木　利彦
2025-04-10,新井　常子
2025-04-10,五十嵐　和郎
2025-04-10,岩沼　百合子
2025-04-10,小椋　正美
2025-04-10,小此木　智浩
2025-04-10,川端　キヨ子
2025-04-10,菊川　美枝子
2025-04-10,菊池　二三男
2025-04-10,木村　延明
2025-04-10,ｸﾞｴﾝ･ﾁｰ・　ﾆｭﾝ
2025-04-10,NGUYEN　THI KIM HONG
2025-04-10,鯉登　和子
2025-04-10,小林　壯吉
2025-04-10,小山　仁一郎
2025-04-10,齋藤　節子
2025-04-10,櫻井　敬祐
2025-04-10,鈴木　清江
2025-04-10,関口　雅久
2025-04-10,関口　靖子
2025-04-10,髙橋　歳一
2025-04-10,髙橋　洋
2025-04-10,髙山　昭房
2025-04-10,根岸　ヨネ子
2025-04-10,原嶋　キン
2025-04-10,星野　卓也
2025-04-10,眞嶋　清子
2025-04-10,本山　二郎
2025-04-10,森　泰江
2025-04-10,横澤　英子
2025-04-11,阿左美　武子
2025-04-11,新井　明
2025-04-11,新井　幸子
2025-04-11,今村　春江
2025-04-11,岩沼　百合子
2025-04-11,大島　良之
2025-04-11,女屋　昭治
2025-04-11,小野　利明
2025-04-11,片山　サヨ子
2025-04-11,加藤　正
2025-04-11,菊池　二三男
2025-04-11,倉林　晶子
2025-04-11,齊藤　敦
2025-04-11,坂口　和巳
2025-04-11,佐藤　光男
2025-04-11,千保木　みつ江
2025-04-11,鶴田　聡
2025-04-11,中島　葉子
2025-04-11,中野　るみ子
2025-04-11,南雲　勝代
2025-04-11,萩原　勝巳
2025-04-11,藤田　祐公
2025-04-11,古澤　利子
2025-04-11,松江　光子
2025-04-11,矢内　弘司
2025-04-11,横堀　喜一
2025-04-11,渡邉　昭
2025-04-12,新井　基雄
2025-04-12,石井　清子
2025-04-12,井上　光子
2025-04-12,生形　宏
2025-04-12,大澤　博
2025-04-12,大沢　正己
2025-04-12,大嶋　好江
2025-04-12,大関　定男
2025-04-12,奥原　孝子
2025-04-12,小此木　智浩
2025-04-12,尾内　則夫
2025-04-12,小保方　三四子
2025-04-12,金井　英明
2025-04-12,後藤　俊治
2025-04-12,小林　壯吉
2025-04-12,小林　眞代
2025-04-12,齋藤　アヤ
2025-04-12,髙栁　テル子
2025-04-12,田村　タマ
2025-04-12,中島　昭子
2025-04-12,箱田　惠美子
2025-04-12,藤生　宣男
2025-04-12,堀田　益男
2025-04-12,眞嶋　清子
2025-04-12,松村　君江
2025-04-12,村岡　洋一
2025-04-12,大和　米秋
2025-04-12,六本木　利彦
2025-04-14,新井　孝子
2025-04-14,新井　常子
2025-04-14,井開　重男
2025-04-14,岩沼　百合子
2025-04-14,大島　良之
2025-04-14,小椋　正美
2025-04-14,加藤　正
2025-04-14,小屋　知紀
2025-04-14,齋藤　民江
2025-04-14,齋藤　時子
2025-04-14,齋藤　典之
2025-04-14,坂口　和巳
2025-04-14,鈴木　清江
2025-04-14,鶴田　聡
2025-04-14,中島　葉子
2025-04-14,中野　るみ子
2025-04-14,南雲　勝代
2025-04-14,根岸　ヨネ子
2025-04-14,萩原　勝巳
2025-04-14,箱田　惠美子
2025-04-14,八田　里江
2025-04-14,原　久榮
2025-04-14,藤田　祐公
2025-04-14,堀田　益男
2025-04-14,松本　俊史
2025-04-14,森　泰江
2025-04-14,吉田　雅志
2025-04-15,阿左美　武子
2025-04-15,新井　明
2025-04-15,新井　幸子
2025-04-15,五十嵐　和郎
2025-04-15,今村　春江
2025-04-15,大関　定男
2025-04-15,女屋　昭治
2025-04-15,小保方　三四子
2025-04-15,片山　サヨ子
2025-04-15,菊川　美枝子
2025-04-15,菊池　二三男
2025-04-15,木暮　禮子
2025-04-15,木村　延明
2025-04-15,ｸﾞｴﾝ･ﾁｰ・　ﾆｭﾝ
2025-04-15,NGUYEN　THI KIM HONG
2025-04-15,小山　仁一郎
2025-04-15,齊藤　敦
2025-04-15,齋藤　節子
2025-04-15,佐藤　光男
2025-04-15,清水　覚
2025-04-15,須藤　志成幸
2025-04-15,関口　雅久
2025-04-15,関口　靖子
2025-04-15,田村　タマ
2025-04-15,古澤　利子
2025-04-15,渡邉　昭
2025-04-16,新井　基雄
2025-04-16,井開　重男
2025-04-16,石井　清子
2025-04-16,生形　宏
2025-04-16,大沢　正己
2025-04-16,尾内　則夫
2025-04-16,小野　利明
2025-04-16,鯉登　和子
2025-04-16,後藤　俊治
2025-04-16,齋藤　アヤ
2025-04-16,齋藤　時子
2025-04-16,齋藤　典之
2025-04-16,佐藤　光男
2025-04-16,髙栁　テル子
2025-04-16,中澤　正雄
2025-04-16,中島　喜作
2025-04-16,中野　るみ子
2025-04-16,箱田　惠美子
2025-04-16,原　貴美子
2025-04-16,原嶋　キン
2025-04-16,藤生　宣男
2025-04-16,堀田　益男
2025-04-16,松江　光子
2025-04-16,松村　君江
2025-04-16,村岡　洋一
2025-04-16,森　洋美
2025-04-16,矢内　弘司
2025-04-16,大和　米秋
2025-04-16,横堀　喜一
2025-04-16,吉田　雅志
2025-04-16,六本木　利彦
2025-04-17,新井　常子
2025-04-17,岩沼　百合子
2025-04-17,小椋　正美
2025-04-17,小此木　智浩
2025-04-17,川端　キヨ子
2025-04-17,菊川　美枝子
2025-04-17,菊池　二三男
2025-04-17,木村　延明
2025-04-17,ｸﾞｴﾝ･ﾁｰ・　ﾆｭﾝ
2025-04-17,NGUYEN　THI KIM HONG
2025-04-17,小林　壯吉
2025-04-17,小山　仁一郎
2025-04-17,齋藤　節子
2025-04-17,櫻井　敬祐
2025-04-17,鈴木　清江
2025-04-17,髙橋　洋
2025-04-17,髙山　昭房
2025-04-17,中澤　正雄
2025-04-17,根岸　ヨネ子
2025-04-17,原嶋　キン
2025-04-17,原　久榮
2025-04-17,眞嶋　清子
2025-04-17,本山　二郎
2025-04-17,森　泰江
2025-04-18,阿左美　武子
2025-04-18,新井　明
2025-04-18,新井　孝子
2025-04-18,今村　春江
2025-04-18,大島　良之
2025-04-18,女屋　昭治
2025-04-18,小野　利明
2025-04-18,片山　サヨ子
2025-04-18,加藤　正
2025-04-18,倉林　晶子
2025-04-18,小屋　知紀
2025-04-18,齋藤　典之
2025-04-18,坂口　和巳
2025-04-18,佐藤　光男
2025-04-18,千保木　みつ江
2025-04-18,鶴田　聡
2025-04-18,南雲　勝代
2025-04-18,萩原　勝巳
2025-04-18,箱田　惠美子
2025-04-18,八田　里江
2025-04-18,藤田　祐公
2025-04-18,古澤　利子
2025-04-18,松江　光子
2025-04-18,矢内　弘司
2025-04-18,横堀　喜一
2025-04-18,渡邉　昭
2025-04-18,渡邉　孝夫
2025-04-19,新井　基雄
2025-04-19,五十嵐　美知子
2025-04-19,石井　清子
2025-04-19,井上　光子
2025-04-19,生形　宏
2025-04-19,大澤　博
2025-04-19,大沢　正己
2025-04-19,大嶋　好江
2025-04-19,大関　定男
2025-04-19,奥原　孝子
2025-04-19,小此木　智浩
2025-04-19,尾内　則夫
2025-04-19,小保方　三四子
2025-04-19,金井　英明
2025-04-19,後藤　俊治
2025-04-19,小林　壯吉
2025-04-19,小林　眞代
2025-04-19,齋藤　アヤ
2025-04-19,齋藤　民江
2025-04-19,髙栁　テル子
2025-04-19,中島　昭子
2025-04-19,藤生　宣男
2025-04-19,堀田　益男
2025-04-19,眞嶋　清子
2025-04-19,松村　君江
2025-04-19,村岡　洋一
2025-04-19,本木　初江
2025-04-19,六本木　利彦
2025-04-21,新井　孝子
2025-04-21,新井　常子
2025-04-21,井開　重男
2025-04-21,井口　喜恵夫
2025-04-21,大島　良之
2025-04-21,小椋　正美
2025-04-21,加藤　正
2025-04-21,金山　ツイ
2025-04-21,神倉　テツ子
2025-04-21,小屋　知紀
2025-04-21,齋藤　民江
2025-04-21,齋藤　時子
2025-04-21,齋藤　典之
2025-04-21,坂口　和巳
2025-04-21,佐藤　光男
2025-04-21,鈴木　清江
2025-04-21,鶴田　聡
2025-04-21,中島　葉子
2025-04-21,南雲　勝代
2025-04-21,根岸　ヨネ子
2025-04-21,萩原　勝巳
2025-04-21,箱田　惠美子
2025-04-21,八田　里江
2025-04-21,原　久榮
2025-04-21,藤田　祐公
2025-04-21,堀田　益男
2025-04-21,松本　俊史
2025-04-21,丸橋　美榮子
2025-04-21,森　泰江
2025-04-21,吉田　雅志
2025-04-22,新井　明
2025-04-22,新井　幸子
2025-04-22,五十嵐　和郎
2025-04-22,五十嵐　美知子
2025-04-22,今村　春江
2025-04-22,大澤　博
2025-04-22,大関　定男
2025-04-22,女屋　昭治
2025-04-22,小保方　三四子
2025-04-22,片山　サヨ子
2025-04-22,菊川　美枝子
2025-04-22,菊池　二三男
2025-04-22,木暮　禮子
2025-04-22,木村　延明
2025-04-22,ｸﾞｴﾝ･ﾁｰ・　ﾆｭﾝ
2025-04-22,NGUYEN　THI KIM HONG
2025-04-22,小山　仁一郎
2025-04-22,齊藤　敦
2025-04-22,齋藤　節子
2025-04-22,清水　覚
2025-04-22,須藤　志成幸
2025-04-22,関口　靖子
2025-04-22,髙橋　洋
2025-04-22,古澤　利子
2025-04-22,本木　初江
2025-04-22,渡邉　昭
2025-04-22,渡邉　孝夫
2025-04-23,新井　基雄
2025-04-23,井開　重男
2025-04-23,石井　清子
2025-04-23,生形　宏
2025-04-23,大沢　正己
2025-04-23,尾内　則夫
2025-04-23,小野　利明
2025-04-23,倉林　晶子
2025-04-23,鯉登　和子
2025-04-23,後藤　俊治
2025-04-23,小林　眞代
2025-04-23,齋藤　アヤ
2025-04-23,齋藤　時子
2025-04-23,齋藤　典之
2025-04-23,佐藤　光男
2025-04-23,髙栁　テル子
2025-04-23,中島　喜作
2025-04-23,箱田　惠美子
2025-04-23,原嶋　キン
2025-04-23,藤生　宣男
2025-04-23,松江　光子
2025-04-23,松村　君江
2025-04-23,宮田　初江
2025-04-23,村岡　洋一
2025-04-23,森　洋美
2025-04-23,矢内　弘司
2025-04-23,大和　米秋
2025-04-23,吉田　雅志
2025-04-24,新井　常子
2025-04-24,五十嵐　和郎
2025-04-24,小椋　正美
2025-04-24,小此木　智浩
2025-04-24,川端　キヨ子
2025-04-24,菊川　美枝子
2025-04-24,菊池　二三男
2025-04-24,木村　延明
2025-04-24,ｸﾞｴﾝ･ﾁｰ・　ﾆｭﾝ
2025-04-24,NGUYEN　THI KIM HONG
2025-04-24,鯉登　和子
2025-04-24,小山　仁一郎
2025-04-24,齋藤　節子
2025-04-24,櫻井　敬祐
2025-04-24,鈴木　清江
2025-04-24,関口　靖子
2025-04-24,髙橋　歳一
2025-04-24,髙山　昭房
2025-04-24,根岸　ヨネ子
2025-04-24,箱田　惠美子
2025-04-24,原嶋　キン
2025-04-24,原　久榮
2025-04-24,堀田　益男
2025-04-24,眞嶋　清子
2025-04-24,森　泰江
2025-04-24,横澤　英子
2025-04-25,新井　明
2025-04-25,新井　幸子
2025-04-25,新井　孝子
2025-04-25,今村　春江
2025-04-25,大島　良之
2025-04-25,女屋　昭治
2025-04-25,小野　利明
2025-04-25,片山　サヨ子
2025-04-25,加藤　正
2025-04-25,金山　ツイ
2025-04-25,菊池　二三男
2025-04-25,倉林　晶子
2025-04-25,齋藤　典之
2025-04-25,坂口　和巳
2025-04-25,佐藤　光男
2025-04-25,千保木　みつ江
2025-04-25,鶴田　聡
2025-04-25,中島　葉子
2025-04-25,中野　るみ子
2025-04-25,南雲　勝代
2025-04-25,萩原　勝巳
2025-04-25,八田　里江
2025-04-25,藤田　祐公
2025-04-25,古澤　利子
2025-04-25,松江　光子
2025-04-25,渡邉　昭
2025-04-25,渡邉　孝夫
2025-04-26,新井　基雄
2025-04-26,五十嵐　美知子
2025-04-26,石井　清子
2025-04-26,井上　光子
2025-04-26,生形　宏
2025-04-26,大澤　博
2025-04-26,大沢　正己
2025-04-26,大嶋　好江
2025-04-26,大関　定男
2025-04-26,奥原　孝子
2025-04-26,小此木　智浩
2025-04-26,尾内　則夫
2025-04-26,小保方　三四子
2025-04-26,後藤　俊治
2025-04-26,小林　眞代
2025-04-26,齋藤　アヤ
2025-04-26,齋藤　民江
2025-04-26,髙栁　テル子
2025-04-26,中島　昭子
2025-04-26,中島　喜作
2025-04-26,原　貴美子
2025-04-26,藤生　宣男
2025-04-26,堀田　益男
2025-04-26,眞嶋　清子
2025-04-26,松村　君江
2025-04-26,宮田　初江
2025-04-26,村岡　洋一
2025-04-26,本木　初江
2025-04-26,大和　米秋
2025-04-26,六本木　利彦
2025-04-28,新井　孝子
2025-04-28,新井　常子
2025-04-28,井開　重男
2025-04-28,井口　喜恵夫
2025-04-28,大島　良之
2025-04-28,小椋　正美
2025-04-28,加藤　正
2025-04-28,小屋　知紀
2025-04-28,齋藤　民江
2025-04-28,齋藤　時子
2025-04-28,齋藤　典之
2025-04-28,鈴木　清江
2025-04-28,鶴田　聡
2025-04-28,中島　葉子
2025-04-28,中野　るみ子
2025-04-28,南雲　勝代
2025-04-28,根岸　ヨネ子
2025-04-28,萩原　勝巳
2025-04-28,箱田　惠美子
2025-04-28,八田　里江
2025-04-28,原　久榮
2025-04-28,藤田　祐公
2025-04-28,堀田　益男
2025-04-28,マスダ　フェハロ　フジコ
2025-04-28,松本　俊史
2025-04-28,丸橋　美榮子
2025-04-28,森　泰江
2025-04-28,吉田　雅志
2025-04-29,新井　明
2025-04-29,新井　幸子
2025-04-29,五十嵐　和郎
2025-04-29,五十嵐　美知子
2025-04-29,大関　定男
2025-04-29,女屋　昭治
2025-04-29,小保方　三四子
2025-04-29,片山　サヨ子
2025-04-29,金井　英明
2025-04-29,菊川　美枝子
2025-04-29,菊池　二三男
2025-04-29,木暮　禮子
2025-04-29,木村　延明
2025-04-29,ｸﾞｴﾝ･ﾁｰ・　ﾆｭﾝ
2025-04-29,NGUYEN　THI KIM HONG
2025-04-29,小山　仁一郎
2025-04-29,齊藤　敦
2025-04-29,齋藤　節子
2025-04-29,清水　覚
2025-04-29,須藤　志成幸
2025-04-29,関口　靖子
2025-04-29,髙橋　歳一
2025-04-29,髙橋　洋
2025-04-29,藤井　弘三
2025-04-29,本木　初江
2025-04-29,渡邉　昭
2025-04-30,新井　基雄
2025-04-30,井開　重男
2025-04-30,石井　清子
2025-04-30,生形　宏
2025-04-30,大沢　正己
2025-04-30,尾内　則夫
2025-04-30,小野　利明
2025-04-30,倉林　晶子
2025-04-30,鯉登　和子
2025-04-30,後藤　俊治
2025-04-30,小林　眞代
2025-04-30,齋藤　アヤ
2025-04-30,齋藤　時子
2025-04-30,髙栁　テル子
2025-04-30,中島　喜作
2025-04-30,中野　るみ子
2025-04-30,箱田　惠美子
2025-04-30,原　貴美子
2025-04-30,原嶋　キン
2025-04-30,藤生　宣男
2025-04-30,松江　光子
2025-04-30,松村　君江
2025-04-30,宮田　初江
2025-04-30,村岡　洋一
2025-04-30,森　洋美
2025-04-30,矢内　弘司
2025-04-30,大和　米秋
2025-04-30,横堀　喜一
2025-04-30,吉田　雅志
2025-04-30,六本木　利彦
2025-05-01,新井　常子
2025-05-01,五十嵐　和郎
2025-05-01,井口　喜恵夫
2025-05-01,小椋　正美
2025-05-01,小此木　智浩
2025-05-01,川端　キヨ子
2025-05-01,菊川　美枝子
2025-05-01,菊池　二三男
2025-05-01,木村　延明
2025-05-01,ｸﾞｴﾝ･ﾁｰ・　ﾆｭﾝ
2025-05-01,NGUYEN　THI KIM HONG
2025-05-01,鯉登　和子
2025-05-01,小山　仁一郎
2025-05-01,齋藤　節子
2025-05-01,鈴木　清江
2025-05-01,関口　靖子
2025-05-01,根岸　ヨネ子
2025-05-01,原嶋　キン
2025-05-01,原　久榮
2025-05-01,星野　卓也
2025-05-01,堀田　益男
2025-05-01,眞嶋　清子
2025-05-01,本山　二郎
2025-05-01,森　泰江
2025-05-02,新井　明
2025-05-02,今村　春江
2025-05-02,大島　良之
2025-05-02,女屋　昭治
2025-05-02,小野　利明
2025-05-02,片山　サヨ子
2025-05-02,加藤　正
2025-05-02,金山　ツイ
2025-05-02,菊池　二三男
2025-05-02,倉林　晶子
2025-05-02,小屋　知紀
2025-05-02,齊藤　敦
2025-05-02,齋藤　典之
2025-05-02,坂口　和巳
2025-05-02,千保木　みつ江
2025-05-02,鶴田　聡
2025-05-02,南雲　勝代
2025-05-02,萩原　勝巳
2025-05-02,箱田　惠美子
2025-05-02,八田　里江
2025-05-02,藤井　弘三
2025-05-02,藤田　祐公
2025-05-02,松江　光子
2025-05-02,横堀　喜一
2025-05-02,渡邉　昭
2025-05-03,新井　基雄
2025-05-03,石井　清子
2025-05-03,井上　光子
2025-05-03,生形　宏
2025-05-03,大澤　博
2025-05-03,大沢　正己
2025-05-03,大関　定男
2025-05-03,奥原　孝子
2025-05-03,小此木　智浩
2025-05-03,尾内　則夫
2025-05-03,小保方　三四子
2025-05-03,金井　英明
2025-05-03,後藤　俊治
2025-05-03,小林　眞代
2025-05-03,齋藤　アヤ
2025-05-03,齋藤　民江
2025-05-03,髙栁　テル子
2025-05-03,田村　タマ
2025-05-03,中島　昭子
2025-05-03,原　貴美子
2025-05-03,藤生　宣男
2025-05-03,堀田　益男
2025-05-03,眞嶋　清子
2025-05-03,松村　君江
2025-05-03,宮田　初江
2025-05-03,村岡　洋一
2025-05-03,本木　初江
2025-05-03,横澤　英子
2025-05-03,六本木　利彦
2025-05-05,新井　常子
2025-05-05,井開　重男
2025-05-05,井口　喜恵夫
2025-05-05,岩沼　百合子
2025-05-05,大島　良之
2025-05-05,小椋　正美
2025-05-05,加藤　正
2025-05-05,金山　ツイ
2025-05-05,小屋　知紀
2025-05-05,齋藤　民江
2025-05-05,齋藤　時子
2025-05-05,齋藤　典之
2025-05-05,佐藤　光男
2025-05-05,鈴木　清江
2025-05-05,鶴田　聡
2025-05-05,中島　葉子
2025-05-05,南雲　勝代
2025-05-05,根岸　ヨネ子
2025-05-05,萩原　勝巳
2025-05-05,箱田　惠美子
2025-05-05,藤田　祐公
2025-05-05,堀田　益男
2025-05-05,マスダ　フェハロ　フジコ
2025-05-05,松本　俊史
2025-05-05,丸橋　美榮子
2025-05-05,森　泰江
2025-05-05,吉田　雅志
2025-05-06,阿左美　武子
2025-05-06,今村　春江
2025-05-06,大澤　博
2025-05-06,大関　定男
2025-05-06,女屋　昭治
2025-05-06,片山　サヨ子
2025-05-06,金井　英明
2025-05-06,菊川　美枝子
2025-05-06,菊池　二三男
2025-05-06,木暮　禮子
2025-05-06,ｸﾞｴﾝ･ﾁｰ・　ﾆｭﾝ
2025-05-06,NGUYEN　THI KIM HONG
2025-05-06,小山　仁一郎
2025-05-06,齊藤　敦
2025-05-06,齋藤　節子
2025-05-06,清水　覚
2025-05-06,須藤　志成幸
2025-05-06,関口　靖子
2025-05-06,髙橋　洋
2025-05-06,田村　タマ
2025-05-06,藤井　弘三
2025-05-06,本木　初江
2025-05-06,渡邉　昭
2025-05-07,新井　基雄
2025-05-07,井開　重男
2025-05-07,石井　清子
2025-05-07,生形　宏
2025-05-07,大沢　正己
2025-05-07,尾内　則夫
2025-05-07,倉林　晶子
2025-05-07,鯉登　和子
2025-05-07,後藤　俊治
2025-05-07,小林　眞代
2025-05-07,小屋　知紀
2025-05-07,齋藤　アヤ
2025-05-07,齋藤　時子
2025-05-07,齋藤　典之
2025-05-07,佐藤　光男
2025-05-07,髙栁　テル子
2025-05-07,中島　喜作
2025-05-07,箱田　惠美子
2025-05-07,原　貴美子
2025-05-07,原嶋　キン
2025-05-07,藤生　宣男
2025-05-07,松江　光子
2025-05-07,松村　君江
2025-05-07,宮田　初江
2025-05-07,村岡　洋一
2025-05-07,森　洋美
2025-05-07,矢内　弘司
2025-05-07,横堀　喜一
2025-05-07,吉田　雅志
2025-05-08,新井　常子
2025-05-08,五十嵐　和郎
2025-05-08,井口　喜恵夫
2025-05-08,岩沼　百合子
2025-05-08,小椋　正美
2025-05-08,小此木　智浩
2025-05-08,川端　キヨ子
2025-05-08,菊川　美枝子
2025-05-08,菊池　二三男
2025-05-08,木村　延明
2025-05-08,ｸﾞｴﾝ･ﾁｰ・　ﾆｭﾝ
2025-05-08,NGUYEN　THI KIM HONG
2025-05-08,鯉登　和子
2025-05-08,小山　仁一郎
2025-05-08,齋藤　節子
2025-05-08,鈴木　清江
2025-05-08,関口　靖子
2025-05-08,髙橋　洋
2025-05-08,髙山　昭房
2025-05-08,箱田　惠美子
2025-05-08,原嶋　キン
2025-05-08,原　久榮
2025-05-08,星野　卓也
2025-05-08,眞嶋　清子
2025-05-08,本山　二郎
2025-05-08,森　泰江
2025-05-09,阿左美　武子
2025-05-09,新井　孝子
2025-05-09,石田　博紀
2025-05-09,今村　春江
2025-05-09,岩沼　百合子
2025-05-09,大島　良之
2025-05-09,女屋　昭治
2025-05-09,小野　利明
2025-05-09,片山　サヨ子
2025-05-09,加藤　正
2025-05-09,菊池　二三男
2025-05-09,倉林　晶子
2025-05-09,小屋　知紀
2025-05-09,坂口　和巳
2025-05-09,佐藤　光男
2025-05-09,千保木　みつ江
2025-05-09,鶴田　聡
2025-05-09,中野　るみ子
2025-05-09,南雲　勝代
2025-05-09,萩原　勝巳
2025-05-09,八田　里江
2025-05-09,藤田　祐公
2025-05-09,松江　光子
2025-05-09,矢内　弘司
2025-05-09,横堀　喜一
2025-05-09,渡邉　昭
2025-05-10,新井　基雄
2025-05-10,五十嵐　美知子
2025-05-10,石井　清子
2025-05-10,井上　光子
2025-05-10,生形　宏
2025-05-10,大澤　博
2025-05-10,大沢　正己
2025-05-10,大嶋　好江
2025-05-10,大関　定男
2025-05-10,小此木　智浩
2025-05-10,尾内　則夫
2025-05-10,木暮　典子
2025-05-10,後藤　俊治
2025-05-10,小林　眞代
2025-05-10,齋藤　アヤ
2025-05-10,髙栁　テル子
2025-05-10,田村　タマ
2025-05-10,中島　昭子
2025-05-10,中島　葉子
2025-05-10,箱田　惠美子
2025-05-10,藤生　宣男
2025-05-10,眞嶋　清子
2025-05-10,松村　君江
2025-05-10,宮田　初江
2025-05-10,村岡　洋一
2025-05-10,大和　米秋
2025-05-10,六本木　利彦
2025-05-12,新井　孝子
2025-05-12,新井　常子
2025-05-12,井開　重男
2025-05-12,井口　喜恵夫
2025-05-12,石田　博紀
2025-05-12,岩沼　百合子
2025-05-12,大島　良之
2025-05-12,小椋　正美
2025-05-12,加藤　正
2025-05-12,金山　ツイ
2025-05-12,小屋　知紀
2025-05-12,齋藤　民江
2025-05-12,齋藤　時子
2025-05-12,坂口　和巳
2025-05-12,佐藤　光男
2025-05-12,鈴木　清江
2025-05-12,鶴田　聡
2025-05-12,中島　葉子
2025-05-12,中野　るみ子
2025-05-12,南雲　勝代
2025-05-12,根岸　ヨネ子
2025-05-12,萩原　勝巳
2025-05-12,箱田　惠美子
2025-05-12,原　久榮
2025-05-12,藤田　祐公
2025-05-12,マスダ　フェハロ　フジコ
2025-05-12,松本　俊史
2025-05-12,丸橋　美榮子
2025-05-12,森　泰江
2025-05-12,吉田　雅志
2025-05-13,阿左美　武子
2025-05-13,五十嵐　和郎
2025-05-13,五十嵐　美知子
2025-05-13,今村　春江
2025-05-13,大澤　博
2025-05-13,大関　定男
2025-05-13,女屋　昭治
2025-05-13,片山　サヨ子
2025-05-13,菊川　美枝子
2025-05-13,菊池　二三男
2025-05-13,木暮　禮子
2025-05-13,木村　延明
2025-05-13,ｸﾞｴﾝ･ﾁｰ・　ﾆｭﾝ
2025-05-13,NGUYEN　THI KIM HONG
2025-05-13,小山　仁一郎
2025-05-13,齊藤　敦
2025-05-13,齋藤　節子
2025-05-13,清水　覚
2025-05-13,須藤　志成幸
2025-05-13,関口　靖子
2025-05-13,髙橋　洋
2025-05-13,田村　タマ
2025-05-13,箱田　惠美子
2025-05-13,藤井　弘三
2025-05-13,渡邉　昭
2025-05-14,新井　基雄
2025-05-14,井開　重男
2025-05-14,石井　清子
2025-05-14,生形　宏
2025-05-14,大沢　正己
2025-05-14,尾内　則夫
2025-05-14,小野　利明
2025-05-14,倉林　晶子
2025-05-14,鯉登　和子
2025-05-14,後藤　俊治
2025-05-14,小林　眞代
2025-05-14,小屋　知紀
2025-05-14,齋藤　アヤ
2025-05-14,齋藤　時子
2025-05-14,齋藤　典之
2025-05-14,髙栁　テル子
2025-05-14,中島　喜作
2025-05-14,箱田　惠美子
2025-05-14,原　貴美子
2025-05-14,原嶋　キン
2025-05-14,藤生　宣男
2025-05-14,松江　光子
2025-05-14,松村　君江
2025-05-14,宮田　初江
2025-05-14,村岡　洋一
2025-05-14,森　洋美
2025-05-14,矢内　弘司
2025-05-14,大和　米秋
2025-05-14,横堀　喜一
2025-05-14,吉田　雅志
2025-05-14,六本木　利彦
2025-05-15,新井　常子
2025-05-15,五十嵐　和郎
2025-05-15,井口　喜恵夫
2025-05-15,岩沼　百合子
2025-05-15,小椋　正美
2025-05-15,小此木　智浩
2025-05-15,川端　キヨ子
2025-05-15,菊川　美枝子
2025-05-15,菊池　二三男
2025-05-15,木村　延明
2025-05-15,ｸﾞｴﾝ･ﾁｰ・　ﾆｭﾝ
2025-05-15,NGUYEN　THI KIM HONG
2025-05-15,鯉登　和子
2025-05-15,小山　仁一郎
2025-05-15,齋藤　節子
2025-05-15,櫻井　敬祐
2025-05-15,鈴木　清江
2025-05-15,髙山　昭房
2025-05-15,根岸　ヨネ子
2025-05-15,箱田　惠美子
2025-05-15,原嶋　キン
2025-05-15,原　久榮
2025-05-15,星野　卓也
2025-05-15,堀田　益男
2025-05-15,眞嶋　清子
2025-05-15,本山　二郎
2025-05-15,森　泰江
2025-05-15,山岡　英夫
2025-05-15,横澤　英子
2025-05-16,阿左美　武子
2025-05-16,新井　孝子
2025-05-16,石田　博紀
2025-05-16,今村　春江
2025-05-16,岩沼　百合子
2025-05-16,大島　良之
2025-05-16,女屋　昭治
2025-05-16,小野　利明
2025-05-16,片山　サヨ子
2025-05-16,加藤　正
2025-05-16,金山　ツイ
2025-05-16,菊池　二三男
2025-05-16,倉林　晶子
2025-05-16,小屋　知紀
2025-05-16,坂口　和巳
2025-05-16,佐藤　光男
2025-05-16,千保木　みつ江
2025-05-16,鶴田　聡
2025-05-16,中島　葉子
2025-05-16,中野　るみ子
2025-05-16,南雲　勝代
2025-05-16,庭山　玲子
2025-05-16,萩原　勝巳
2025-05-16,八田　里江
2025-05-16,藤井　弘三
2025-05-16,藤田　祐公
2025-05-16,古澤　利子
2025-05-16,松江　光子
2025-05-16,矢内　弘司
2025-05-16,横堀　喜一
2025-05-16,渡邉　昭
2025-05-16,渡邉　孝夫
2025-05-17,新井　基雄
2025-05-17,五十嵐　美知子
2025-05-17,石井　清子
2025-05-17,井上　光子
2025-05-17,生形　宏
2025-05-17,大澤　博
2025-05-17,大沢　正己
2025-05-17,大嶋　好江
2025-05-17,大関　定男
2025-05-17,奥原　孝子
2025-05-17,小此木　智浩
2025-05-17,尾内　則夫
2025-05-17,後藤　俊治
2025-05-17,小林　眞代
2025-05-17,齋藤　アヤ
2025-05-17,齋藤　民江
2025-05-17,髙栁　テル子
2025-05-17,中島　昭子
2025-05-17,原　貴美子
2025-05-17,藤生　宣男
2025-05-17,堀田　益男
2025-05-17,眞嶋　清子
2025-05-17,松村　君江
2025-05-17,宮田　初江
2025-05-17,村岡　洋一
2025-05-17,本木　初江
2025-05-17,大和　米秋
2025-05-17,横澤　英子
2025-05-17,六本木　利彦
2025-05-19,新井　孝子
2025-05-19,新井　常子
2025-05-19,井開　重男
2025-05-19,石田　博紀
2025-05-19,岩沼　百合子
2025-05-19,大島　良之
2025-05-19,小椋　正美
2025-05-19,加藤　正
2025-05-19,金山　ツイ
2025-05-19,小林　明子
2025-05-19,小屋　知紀
2025-05-19,齋藤　民江
2025-05-19,齋藤　時子
2025-05-19,齋藤　典之
2025-05-19,坂口　和巳
2025-05-19,鈴木　清江
2025-05-19,中島　葉子
2025-05-19,中野　るみ子
2025-05-19,南雲　勝代
2025-05-19,庭山　玲子
2025-05-19,根岸　ヨネ子
2025-05-19,萩原　勝巳
2025-05-19,箱田　惠美子
2025-05-19,八田　里江
2025-05-19,原　久榮
2025-05-19,藤田　祐公
2025-05-19,堀田　益男
2025-05-19,マスダ　フェハロ　フジコ
2025-05-19,松本　俊史
2025-05-19,森　泰江
2025-05-19,吉田　雅志
2025-05-20,阿左美　武子
2025-05-20,五十嵐　和郎
2025-05-20,五十嵐　美知子
2025-05-20,今村　春江
2025-05-20,大澤　博
2025-05-20,大関　定男
2025-05-20,女屋　昭治
2025-05-20,片山　サヨ子
2025-05-20,菊川　美枝子
2025-05-20,菊池　二三男
2025-05-20,木暮　禮子
2025-05-20,木村　延明
2025-05-20,ｸﾞｴﾝ･ﾁｰ・　ﾆｭﾝ
2025-05-20,NGUYEN　THI KIM HONG
2025-05-20,小山　仁一郎
2025-05-20,齊藤　敦
2025-05-20,齋藤　節子
2025-05-20,清水　覚
2025-05-20,関口　靖子
2025-05-20,藤井　弘三
2025-05-20,古澤　利子
2025-05-20,本木　初江
2025-05-20,渡邉　昭
2025-05-20,渡邉　孝夫
2025-05-21,新井　基雄
2025-05-21,井開　重男
2025-05-21,石井　清子
2025-05-21,生形　宏
2025-05-21,大沢　正己
2025-05-21,尾内　則夫
2025-05-21,小野　利明
2025-05-21,川端　キヨ子
2025-05-21,倉林　晶子
2025-05-21,鯉登　和子
2025-05-21,後藤　俊治
2025-05-21,小林　眞代
2025-05-21,小屋　知紀
2025-05-21,齋藤　アヤ
2025-05-21,齋藤　時子
2025-05-21,齋藤　典之
2025-05-21,佐藤　光男
2025-05-21,髙栁　テル子
2025-05-21,中島　喜作
2025-05-21,箱田　惠美子
2025-05-21,原嶋　キン
2025-05-21,藤生　宣男
2025-05-21,松江　光子
2025-05-21,宮田　初江
2025-05-21,村岡　洋一
2025-05-21,森　洋美
2025-05-21,矢内　弘司
2025-05-21,大和　米秋
2025-05-21,横堀　喜一
2025-05-21,吉田　雅志
2025-05-21,六本木　利彦
2025-05-22,新井　常子
2025-05-22,五十嵐　和郎
2025-05-22,井口　喜恵夫
2025-05-22,岩沼　百合子
2025-05-22,小椋　正美
2025-05-22,小此木　智浩
2025-05-22,川端　キヨ子
2025-05-22,菊川　美枝子
2025-05-22,菊池　二三男
2025-05-22,木村　延明
2025-05-22,ｸﾞｴﾝ･ﾁｰ・　ﾆｭﾝ
2025-05-22,NGUYEN　THI KIM HONG
2025-05-22,鯉登　和子
2025-05-22,小林　明子
2025-05-22,小山　仁一郎
2025-05-22,齋藤　節子
2025-05-22,櫻井　敬祐
2025-05-22,鈴木　清江
2025-05-22,関口　靖子
2025-05-22,髙山　昭房
2025-05-22,根岸　ヨネ子
2025-05-22,原嶋　キン
2025-05-22,原　久榮
2025-05-22,堀田　益男
2025-05-22,眞嶋　清子
2025-05-22,本山　二郎
2025-05-22,森　泰江
2025-05-23,阿左美　武子
2025-05-23,新井　孝子
2025-05-23,石田　博紀
2025-05-23,今村　春江
2025-05-23,岩沼　百合子
2025-05-23,大島　良之
2025-05-23,女屋　昭治
2025-05-23,小野　利明
2025-05-23,片山　サヨ子
2025-05-23,加藤　正
2025-05-23,金山　ツイ
2025-05-23,倉林　晶子
2025-05-23,小屋　知紀
2025-05-23,齋藤　典之
2025-05-23,坂口　和巳
2025-05-23,千保木　みつ江
2025-05-23,鶴田　聡
2025-05-23,中島　葉子
2025-05-23,南雲　勝代
2025-05-23,庭山　玲子
2025-05-23,萩原　勝巳
2025-05-23,八田　里江
2025-05-23,藤井　弘三
2025-05-23,藤田　祐公
2025-05-23,古澤　利子
2025-05-23,松江　光子
2025-05-23,矢内　弘司
2025-05-23,横堀　喜一
2025-05-23,渡邉　昭
2025-05-23,渡邉　孝夫
2025-05-24,新井　基雄
2025-05-24,石井　清子
2025-05-24,井上　光子
2025-05-24,大澤　博
2025-05-24,大沢　正己
2025-05-24,大嶋　好江
2025-05-24,大関　定男
2025-05-24,奥原　孝子
2025-05-24,小此木　智浩
2025-05-24,尾内　則夫
2025-05-24,木暮　典子
2025-05-24,後藤　俊治
2025-05-24,齋藤　アヤ
2025-05-24,齋藤　民江
2025-05-24,下田　良子
2025-05-24,髙栁　テル子
2025-05-24,中島　昭子
2025-05-24,原　貴美子
2025-05-24,藤生　宣男
2025-05-24,堀田　益男
2025-05-24,眞嶋　清子
2025-05-24,宮田　初江
2025-05-24,村岡　洋一
2025-05-24,本木　初江
2025-05-24,山岡　英夫
2025-05-24,大和　米秋
2025-05-24,六本木　利彦
2025-05-24,渡邉　孝夫
2025-05-26,新井　常子
2025-05-26,井開　重男
2025-05-26,井口　喜恵夫
2025-05-26,石田　博紀
2025-05-26,岩沼　百合子
2025-05-26,大島　良之
2025-05-26,小椋　正美
2025-05-26,小野　利明
2025-05-26,加藤　正
2025-05-26,金山　ツイ
2025-05-26,小林　明子
2025-05-26,齋藤　民江
2025-05-26,齋藤　時子
2025-05-26,齋藤　典之
2025-05-26,坂口　和巳
2025-05-26,下田　良子
2025-05-26,鈴木　清江
2025-05-26,鶴田　聡
2025-05-26,中島　葉子
2025-05-26,南雲　勝代
2025-05-26,庭山　玲子
2025-05-26,根岸　ヨネ子
2025-05-26,萩原　勝巳
2025-05-26,箱田　惠美子
2025-05-26,八田　里江
2025-05-26,原　久榮
2025-05-26,藤田　祐公
2025-05-26,堀田　益男
2025-05-26,マスダ　フェハロ　フジコ
2025-05-26,森　泰江
2025-05-26,吉田　雅志
2025-05-27,阿左美　武子
2025-05-27,五十嵐　和郎
2025-05-27,五十嵐　美知子
2025-05-27,大澤　博
2025-05-27,女屋　昭治
2025-05-27,小保方　三四子
2025-05-27,片山　サヨ子
2025-05-27,菊川　美枝子
2025-05-27,菊池　二三男
2025-05-27,木暮　禮子
2025-05-27,木村　延明
2025-05-27,ｸﾞｴﾝ･ﾁｰ・　ﾆｭﾝ
2025-05-27,NGUYEN　THI KIM HONG
2025-05-27,小山　仁一郎
2025-05-27,齊藤　敦
2025-05-27,齋藤　節子
2025-05-27,清水　覚
2025-05-27,関口　靖子
2025-05-27,立澤　卓也
2025-05-27,藤井　弘三
2025-05-27,古澤　利子
2025-05-27,本木　初江
2025-05-27,渡邉　昭
2025-05-27,渡邉　孝夫
2025-05-28,新井　基雄
2025-05-28,井開　重男
2025-05-28,石井　清子
2025-05-28,生形　宏
2025-05-28,大沢　正己
2025-05-28,尾内　則夫
2025-05-28,小野　利明
2025-05-28,川端　キヨ子
2025-05-28,倉林　晶子
2025-05-28,鯉登　和子
2025-05-28,後藤　俊治
2025-05-28,小屋　知紀
2025-05-28,齋藤　アヤ
2025-05-28,齋藤　時子
2025-05-28,齋藤　典之
2025-05-28,中島　喜作
2025-05-28,中野　るみ子
2025-05-28,箱田　惠美子
2025-05-28,原嶋　キン
2025-05-28,藤生　宣男
2025-05-28,松江　光子
2025-05-28,松村　君江
2025-05-28,宮田　初江
2025-05-28,村岡　洋一
2025-05-28,矢内　弘司
2025-05-28,大和　米秋
2025-05-28,横堀　喜一
2025-05-28,吉田　雅志
2025-05-28,六本木　利彦
2025-05-29,新井　常子
2025-05-29,五十嵐　和郎
2025-05-29,井口　喜恵夫
2025-05-29,岩沼　百合子
2025-05-29,小椋　正美
2025-05-29,小此木　智浩
2025-05-29,川端　キヨ子
2025-05-29,菊川　美枝子
2025-05-29,菊池　二三男
2025-05-29,木村　延明
2025-05-29,ｸﾞｴﾝ･ﾁｰ・　ﾆｭﾝ
2025-05-29,鯉登　和子
2025-05-29,小林　明子
2025-05-29,小山　仁一郎
2025-05-29,齋藤　節子
2025-05-29,櫻井　敬祐
2025-05-29,鈴木　清江
2025-05-29,関口　靖子
2025-05-29,髙山　昭房
2025-05-29,根岸　ヨネ子
2025-05-29,箱田　惠美子
2025-05-29,原嶋　キン
2025-05-29,原　久榮
2025-05-29,星野　卓也
2025-05-29,堀田　益男
2025-05-29,眞嶋　清子
2025-05-29,森　泰江
2025-05-30,阿左美　武子
2025-05-30,新井　孝子
2025-05-30,石田　博紀
2025-05-30,今村　春江
2025-05-30,岩沼　百合子
2025-05-30,大島　良之
2025-05-30,女屋　昭治
2025-05-30,小野　利明
2025-05-30,片山　サヨ子
2025-05-30,加藤　正
2025-05-30,金山　ツイ
2025-05-30,倉林　晶子
2025-05-30,齊藤　敦
2025-05-30,齋藤　典之
2025-05-30,坂口　和巳
2025-05-30,千保木　みつ江
2025-05-30,鶴田　聡
2025-05-30,中島　葉子
2025-05-30,中野　るみ子
2025-05-30,南雲　勝代
2025-05-30,庭山　玲子
2025-05-30,萩原　勝巳
2025-05-30,八田　里江
2025-05-30,藤井　弘三
2025-05-30,藤田　祐公
2025-05-30,古澤　利子
2025-05-30,松江　光子
2025-05-30,横堀　喜一
2025-05-30,渡邉　昭
2025-05-30,渡邉　孝夫
2025-05-31,新井　基雄
2025-05-31,石井　清子
2025-05-31,井上　光子
2025-05-31,生形　宏
2025-05-31,大澤　博
2025-05-31,大沢　正己
2025-05-31,大嶋　好江
2025-05-31,奥原　孝子
2025-05-31,小此木　智浩
2025-05-31,尾内　則夫
2025-05-31,小保方　三四子
2025-05-31,後藤　俊治
2025-05-31,小林　眞代
2025-05-31,齋藤　アヤ
2025-05-31,齋藤　民江
2025-05-31,髙栁　テル子
2025-05-31,中島　昭子
2025-05-31,福田　由紀子
2025-05-31,藤生　宣男
2025-05-31,堀田　益男
2025-05-31,眞嶋　清子
2025-05-31,松村　君江
2025-05-31,宮田　初江
2025-05-31,村岡　洋一
2025-05-31,本木　初江
2025-05-31,山岡　英夫
2025-05-31,六本木　利彦
2025-05-31,渡邉　孝夫
2025-06-02,新井　孝子
2025-06-02,新井　常子
2025-06-02,井開　重男
2025-06-02,石田　博紀
2025-06-02,岩沼　百合子
2025-06-02,大島　良之
2025-06-02,小椋　正美
2025-06-02,加藤　正
2025-06-02,金山　ツイ
2025-06-02,小林　明子
2025-06-02,小屋　知紀
2025-06-02,齋藤　民江
2025-06-02,齋藤　時子
2025-06-02,坂口　和巳
2025-06-02,鈴木　清江
2025-06-02,鶴田　聡
2025-06-02,中島　葉子
2025-06-02,中野　るみ子
2025-06-02,南雲　勝代
2025-06-02,庭山　玲子
2025-06-02,根岸　ヨネ子
2025-06-02,萩原　勝巳
2025-06-02,八田　里江
2025-06-02,原　久榮
2025-06-02,藤田　祐公
2025-06-02,堀田　益男
2025-06-02,マスダ　フェハロ　フジコ
2025-06-02,松本　俊史
2025-06-02,丸橋　美榮子
2025-06-02,森　泰江
2025-06-02,吉田　雅志
2025-06-03,阿左美　武子
2025-06-03,新井　幸子
2025-06-03,五十嵐　和郎
2025-06-03,五十嵐　美知子
2025-06-03,今村　春江
2025-06-03,大澤　博
2025-06-03,大嶋　好江
2025-06-03,女屋　昭治
2025-06-03,小保方　三四子
2025-06-03,片山　サヨ子
2025-06-03,菊川　美枝子
2025-06-03,菊池　二三男
2025-06-03,木暮　禮子
2025-06-03,木村　延明
2025-06-03,ｸﾞｴﾝ･ﾁｰ・　ﾆｭﾝ
2025-06-03,NGUYEN　THI KIM HONG
2025-06-03,小山　仁一郎
2025-06-03,齊藤　敦
2025-06-03,齋藤　節子
2025-06-03,清水　覚
2025-06-03,関口　靖子
2025-06-03,髙橋　洋
2025-06-03,立澤　卓也
2025-06-03,田村　タマ
2025-06-03,藤井　弘三
2025-06-03,古澤　利子
2025-06-03,本木　初江
2025-06-03,渡邉　昭
2025-06-03,渡邉　孝夫
2025-06-04,新井　基雄
2025-06-04,井開　重男
2025-06-04,石井　清子
2025-06-04,生形　宏
2025-06-04,大沢　正己
2025-06-04,尾内　則夫
2025-06-04,小野　利明
2025-06-04,川端　キヨ子
2025-06-04,倉林　晶子
2025-06-04,鯉登　和子
2025-06-04,後藤　俊治
2025-06-04,小林　眞代
2025-06-04,小屋　知紀
2025-06-04,齋藤　アヤ
2025-06-04,齋藤　時子
2025-06-04,齋藤　典之
2025-06-04,髙栁　テル子
2025-06-04,中島　喜作
2025-06-04,中野　るみ子
2025-06-04,箱田　惠美子
2025-06-04,原嶋　キン
2025-06-04,藤生　宣男
2025-06-04,松江　光子
2025-06-04,松村　君江
2025-06-04,宮田　初江
2025-06-04,村岡　洋一
2025-06-04,森　洋美
2025-06-04,矢内　弘司
2025-06-04,大和　米秋
2025-06-04,横堀　喜一
2025-06-04,吉田　雅志
2025-06-05,新井　常子
2025-06-05,五十嵐　和郎
2025-06-05,岩沼　百合子
2025-06-05,小椋　正美
2025-06-05,小此木　智浩
2025-06-05,川端　キヨ子
2025-06-05,菊川　美枝子
2025-06-05,菊池　二三男
2025-06-05,ｸﾞｴﾝ･ﾁｰ・　ﾆｭﾝ
2025-06-05,NGUYEN　THI KIM HONG
2025-06-05,鯉登　和子
2025-06-05,小林　明子
2025-06-05,小山　仁一郎
2025-06-05,齋藤　節子
2025-06-05,櫻井　敬祐
2025-06-05,鈴木　清江
2025-06-05,関口　靖子
2025-06-05,髙橋　洋
2025-06-05,髙山　昭房
2025-06-05,根岸　ヨネ子
2025-06-05,箱田　惠美子
2025-06-05,原嶋　キン
2025-06-05,原　久榮
2025-06-05,星野　卓也
2025-06-05,堀田　益男
2025-06-05,眞嶋　清子
2025-06-05,本山　二郎
2025-06-05,森　泰江
2025-06-05,横澤　英子
2025-06-06,阿左美　武子
2025-06-06,新井　幸子
2025-06-06,新井　孝子
2025-06-06,石田　博紀
2025-06-06,今村　春江
2025-06-06,岩沼　百合子
2025-06-06,大島　良之
2025-06-06,女屋　昭治
2025-06-06,小野　利明
2025-06-06,片山　サヨ子
2025-06-06,加藤　正
2025-06-06,金山　ツイ
2025-06-06,倉林　晶子
2025-06-06,小屋　知紀
2025-06-06,齋藤　典之
2025-06-06,坂口　和巳
2025-06-06,千保木　みつ江
2025-06-06,鶴田　聡
2025-06-06,南雲　勝代
2025-06-06,庭山　玲子
2025-06-06,萩原　勝巳
2025-06-06,八田　里江
2025-06-06,藤井　弘三
2025-06-06,藤田　祐公
2025-06-06,古澤　利子
2025-06-06,松江　光子
2025-06-06,矢内　弘司
2025-06-06,横堀　喜一
2025-06-06,渡邉　昭
2025-06-07,新井　基雄
2025-06-07,五十嵐　美知子
2025-06-07,石井　清子
2025-06-07,井上　光子
2025-06-07,生形　宏
2025-06-07,大澤　博
2025-06-07,大沢　正己
2025-06-07,奥原　孝子
2025-06-07,小此木　智浩
2025-06-07,尾内　則夫
2025-06-07,小保方　三四子
2025-06-07,木暮　典子
2025-06-07,後藤　俊治
2025-06-07,齋藤　アヤ
2025-06-07,齋藤　民江
2025-06-07,髙栁　テル子
2025-06-07,田村　タマ
2025-06-07,中島　昭子
2025-06-07,原　貴美子
2025-06-07,藤生　宣男
2025-06-07,堀田　益男
2025-06-07,眞嶋　清子
2025-06-07,松村　君江
2025-06-07,宮田　初江
2025-06-07,村岡　洋一
2025-06-07,本木　初江
2025-06-07,山岡　英夫
2025-06-07,大和　米秋
2025-06-07,六本木　利彦
