journal,if
Bioscience trends,5.0
Cancer discovery,33.3
Communications medicine,6.3
Cureus,1.3
Dermatology (Basel Switzerland),2.7
Frontiers in immunology,5.9
Frontiers in medicine,3.0
Heliyon,3.6
International heart journal,1.3
International journal of computer assisted radiology and surgery,2.3
Journal of dermatological science,4.0
Journal of gastroenterology,5.5
Journal of the European Academy of Dermatology and Venereology : JEADV,8.0
Molecular brain,2.9
NAR cancer,3.2
PLoS computational biology,3.6
Rheumatology (Oxford, England),4.4
Science (New York, N.Y.),45.8
Skin research and technology : official journal of International Society for Bioengineering and the Skin (ISBS) [and] International Society for Digital Imaging of Skin (ISDIS) [and] International Society for Skin Imaging (ISSI),3.2
The Journal of investigative dermatology,5.7
The Lancet. Rheumatology,16.4
The journal of allergy and clinical immunology. In practice,6.6