列1,患者コード,入院日,退院日,日付(在院情報),病棟,部屋,診療科(在院情報),日付(看護実施),項目名称,実施区分
1,P-U4VP3T3P,2026/05/17,2026/07/17,2026/06/04,６階病棟,６２６,循環器内科,,,
2,P-2W3PNWW3,2026/05/15,2026/06/08,2026/06/03,４階病棟,４０７,脳神経内科,,,
3,P-SGRMFYFA,2026/05/29,2026/06/17,2026/06/05,３階病棟,３０８,脳神経内科,,,
4,P-BUBRA8WU,2026/05/26,2026/06/27,2026/06/06,４階病棟,４０６,脳神経内科,,,
5,P-RLFFJ4J7,2026/05/28,,2026/06/03,５階病棟,５０２,内科,,,
6,P-XMWXWLBS,2026/05/18,2026/06/24,2026/06/10,６階病棟,６０５,内科,,,
7,P-RGAUN7PT,2026/06/03,2026/06/18,2026/06/07,SCU病棟,３１１,脳神経外科,,,
8,P-ZDDL4JQ7,2026/06/01,,2026/06/09,３階病棟,３０８,脳神経内科,,,
9,P-JG4UMH49,2026/04/24,2026/06/18,2026/06/02,５階病棟,５１０,循環器内科,,,
10,P-S557P22S,2026/05/26,2026/07/08,2026/06/05,４階病棟,４２７,脳神経内科,,,
11,P-H8AWL65J,2026/06/01,2026/06/24,2026/06/05,４階病棟,４０１,脳神経内科,,,
12,P-WZV6ZT5X,2026/06/04,2026/07/21,2026/06/06,SCU病棟,３１３,脳神経外科,,,
13,P-24FAL9Y9,2026/06/07,2026/06/08,2026/06/07,３階病棟,３０７,脳神経外科,,,
14,P-M7EF3ZQ3,2026/04/01,2026/07/01,2026/06/09,５階病棟,５０５,脳神経外科,,,
15,P-RBHKMZUU,2026/04/16,2026/06/04,2026/06/04,３階病棟,３０３,循環器内科,,,
16,P-BLTWSTFX,2026/05/22,2026/07/04,2026/06/02,３階病棟,３０８,脳神経外科,2026/06/02,身体拘束を実施,実施
17,P-XDVX7KNB,2026/05/30,,2026/06/07,３階病棟,３１８,脳神経外科,,,
18,P-5BP5FJQE,2026/04/08,2026/06/17,2026/06/09,５階病棟,５１６,脳神経外科,,,
19,P-AHXHUHM3,2026/06/04,2026/06/07,2026/06/07,３階病棟,３１０,脳神経外科,,,
20,P-F4XH8LYH,2026/04/02,2026/06/14,2026/06/03,６階病棟,６２６,循環器内科,,,
21,P-3A4EKNWW,2026/05/28,2026/06/10,2026/06/03,４階病棟,４０３,脳神経内科,,,
22,P-BY53KL5G,2026/05/24,2026/07/10,2026/06/03,３階病棟,３０２,脳神経外科,,,
23,P-L7CQ9ZLD,2026/04/06,2026/07/14,2026/06/06,５階病棟,５０５,脳神経外科,,,
24,P-L2E7TUVD,2026/05/08,2026/07/08,2026/06/10,３階病棟,３１０,脳神経外科,2026/06/10,身体拘束を実施,実施
25,P-958QHDHK,2026/05/13,2026/06/22,2026/06/07,６階病棟,６３２,脳神経外科,,,
26,P-XEN4DTJX,2026/05/08,2026/06/15,2026/06/07,６階病棟,６０８,脳神経外科,,,
27,P-43YLAWKA,2026/06/08,,2026/06/08,３階病棟,３０７,脳神経内科,,,
28,P-SSJFM3K2,2026/05/23,2026/06/23,2026/06/05,４階病棟,４２２,脳神経内科,,,
29,P-NB76W8MK,2026/04/03,2026/06/20,2026/06/02,５階病棟,５１２,内科,,,
30,P-9VNG74DK,2026/05/24,2026/07/01,2026/06/02,６階病棟,６１２,脳神経内科,,,
31,P-JW42BC2V,2026/05/03,2026/06/23,2026/06/07,４階病棟,４１６,脳神経内科,,,
32,P-7B33BTR6,2026/05/08,,2026/06/06,５階病棟,５０８,脳神経外科,,,
33,P-HN45THRG,2026/05/22,2026/06/09,2026/06/09,４階病棟,４０１,脳神経内科,,,
34,P-2VN3QZLN,2026/06/01,,2026/06/05,６階病棟,６０２,内科,,,
35,P-8UBG4CB4,2026/06/06,,2026/06/06,３階病棟,３１７,脳神経外科,,,
36,P-ZR6TRZBZ,2026/05/28,2026/06/13,2026/06/03,６階病棟,６０８,脳神経外科,,,
37,P-SSRKXMZA,2026/03/25,2026/06/28,2026/06/06,４階病棟,４１７,内科,,,
38,P-Q3RYGKUB,2026/05/28,,2026/06/07,３階病棟,３０７,脳神経外科,,,
39,P-RNCPTRHN,2026/05/29,2026/06/19,2026/06/10,６階病棟,６０７,内科,,,
40,P-YF2RUWN9,2026/04/26,,2026/06/02,５階病棟,５１１,脳神経外科,,,
41,P-WHQE2T7J,2026/05/21,2026/06/11,2026/06/04,６階病棟,６０２,循環器内科,,,
42,P-89LXNBM2,2026/05/31,2026/06/14,2026/06/06,４階病棟,４０６,脳神経内科,,,
43,P-UZGRBKFN,2026/02/18,2026/07/11,2026/06/06,４階病棟,４０７,脳神経内科,,,
44,P-7JYPCEL5,2026/04/30,,2026/06/05,５階病棟,５１０,脳神経外科,,,
45,P-5HCTHG3Q,2026/05/09,2026/07/03,2026/06/02,４階病棟,４１２,脳神経内科,,,
46,P-SENEPS2K,2026/06/04,2026/06/12,2026/06/09,３階病棟,３０１,脳神経外科,,,
47,P-7SRS6V8G,2026/02/15,,2026/06/08,４階病棟,４１２,脳神経内科,,,
48,P-9PSJWZXG,2026/05/20,2026/06/04,2026/06/03,４階病棟,４０３,脳神経内科,,,
49,P-4CFX2Z72,2026/05/20,,2026/06/06,３階病棟,３１６,脳神経外科,2026/06/06,身体拘束を実施,実施
50,P-Q9WV8LC8,2026/05/08,2026/06/08,2026/06/07,４階病棟,４０１,脳神経内科,,,
51,P-JJAASK7V,2026/04/10,2026/06/10,2026/06/10,５階病棟,５０２,脳神経外科,,,
52,P-MXUEQ3MU,2025/09/28,2026/06/11,2026/06/03,４階病棟,４０２,脳神経内科,,,
53,P-HJTTC74J,2026/06/02,2026/06/08,2026/06/08,３階病棟,３０５,脳神経外科,,,
54,P-EHH2HXGP,2026/05/11,2026/07/04,2026/06/04,６階病棟,６０１,脳神経内科,,,
55,P-HN467RGB,2026/05/14,2026/07/09,2026/06/03,６階病棟,６３０,脳神経外科,,,
56,P-Y58VWXA6,2026/02/03,2026/06/16,2026/06/07,５階病棟,５１５,脳神経外科,,,
57,P-9GK2FA9F,2026/03/17,2026/06/26,2026/06/09,６階病棟,６３２,循環器内科,,,
58,P-ZE6DW3BU,2026/03/21,2026/07/03,2026/06/08,６階病棟,６２８,脳神経外科,,,
59,P-QQP3TTTK,2026/03/24,2026/06/04,2026/06/03,５階病棟,５１７,脳神経内科,,,
60,P-J9SAK26J,2026/04/02,2026/07/06,2026/06/08,５階病棟,５１３,脳神経外科,,,
61,P-JKJB8UQP,2026/03/28,2026/07/11,2026/06/03,５階病棟,５０２,脳神経外科,,,
62,P-88CJ95J4,2026/04/02,2026/07/12,2026/06/06,５階病棟,５０７,脳神経外科,,,
63,P-BXBCL2UN,2026/04/01,2026/06/25,2026/06/02,５階病棟,５０７,内科,,,
64,P-HD77KEJN,2026/04/12,,2026/06/08,３階病棟,３０７,脳神経外科,,,
65,P-R5QX9CY9,2026/04/13,2026/07/18,2026/06/05,５階病棟,５１０,脳神経外科,,,
66,P-KFWXZQ6F,2026/06/07,2026/06/22,2026/06/10,４階病棟,４０５,脳神経内科,,,
67,P-FHZMFRM3,2026/05/14,2026/06/06,2026/06/06,４階病棟,４１３,脳神経内科,,,
68,P-U5VAEQ8F,2017/11/18,,2026/06/02,４階病棟,４０８,脳神経内科,,,
69,P-MR3E4QTT,2026/05/16,2026/06/12,2026/06/04,６階病棟,６３０,脳神経内科,,,
70,P-QMY3AVRH,2019/11/11,,2026/06/07,４階病棟,４１５,脳神経内科,,,
71,P-N9XJLE2C,2026/06/01,2026/06/15,2026/06/08,４階病棟,４１０,脳神経内科,,,
72,P-8EPZ5WR5,2026/05/09,2026/07/19,2026/06/09,６階病棟,６１８,脳神経内科,,,
73,P-264QMKVX,2026/01/18,,2026/06/10,４階病棟,４０３,脳神経内科,,,
74,P-C6QWAJHW,2026/05/23,,2026/06/05,６階病棟,６１６,脳神経外科,,,
75,P-DBUG4MQ9,2026/06/03,2026/06/17,2026/06/08,４階病棟,４２１,脳神経内科,,,
76,P-7Z7EG8JS,2026/05/26,2026/07/11,2026/06/02,６階病棟,６２１,内科,,,
77,P-N2ULXTZF,2026/04/30,2026/06/18,2026/06/08,６階病棟,６１８,循環器内科,,,
78,P-WDW992JT,2026/04/23,2026/06/19,2026/06/04,５階病棟,５１１,脳神経外科,,,
79,P-JT8HY6Z3,2026/05/23,,2026/06/03,５階病棟,５１５,脳神経外科,,,
80,P-9HNKYX8P,2026/05/27,2026/07/21,2026/06/09,６階病棟,６０５,脳神経外科,,,
81,P-T9YENPYQ,2026/04/18,2026/06/12,2026/06/03,６階病棟,６１３,脳神経内科,,,
82,P-UJKMA9BE,2022/09/03,,2026/06/04,４階病棟,４２３,脳神経内科,,,
83,P-3MZT267S,2026/05/31,2026/06/14,2026/06/10,４階病棟,４０５,脳神経内科,,,
84,P-CRZ26M2E,2026/05/22,2026/06/09,2026/06/02,５階病棟,５１７,循環器内科,,,
85,P-J7EDSM5F,2026/05/22,2026/07/10,2026/06/02,６階病棟,６１１,内科,,,
86,P-FVKAVH46,2026/06/06,2026/06/17,2026/06/08,４階病棟,４１１,脳神経内科,,,
87,P-FYNX36CL,2026/05/24,,2026/06/10,５階病棟,５０７,脳神経外科,,,
88,P-QRLNG3VJ,2026/05/25,2026/06/11,2026/06/05,４階病棟,４２６,脳神経内科,,,
89,P-MQ5CUJVB,2026/05/05,2026/07/09,2026/06/10,３階病棟,３０１,脳神経外科,,,
90,P-SPPSV2B6,2026/06/06,2026/06/15,2026/06/07,３階病棟,３１０,脳神経外科,,,
91,P-ZYFXXXL2,2026/04/27,2026/06/08,2026/06/04,４階病棟,４１５,脳神経内科,,,
92,P-K8CCXYEH,2026/04/10,2026/06/09,2026/06/04,５階病棟,５０８,脳神経外科,,,
93,P-TYALD3JU,2026/05/21,2026/06/20,2026/06/05,６階病棟,６０６,循環器内科,,,
94,P-HP9R2ETR,2026/05/29,2026/06/09,2026/06/07,４階病棟,４１６,脳神経内科,,,
95,P-8LEJKANV,2026/04/12,2026/07/01,2026/06/06,６階病棟,６１７,脳神経外科,,,
96,P-9CGFS59Q,2026/03/27,2026/06/10,2026/06/09,５階病棟,５０６,脳神経内科,,,
97,P-DX69WEE9,2026/06/02,2026/06/17,2026/06/07,４階病棟,４０６,脳神経内科,,,
98,P-XQ9FTQMK,2026/05/19,2026/07/05,2026/06/06,４階病棟,４０２,脳神経内科,2026/06/06,身体拘束を実施,実施
99,P-GAJ3G4KJ,2026/05/15,2026/06/13,2026/06/08,４階病棟,４０２,脳神経内科,,,
100,P-8R47U8UJ,2026/05/29,2026/06/23,2026/06/02,３階病棟,３０２,脳神経内科,,,
101,P-HQMDH9PL,2026/04/27,2026/06/09,2026/06/06,６階病棟,６１０,脳神経内科,,,
102,P-FHEK4X5W,2026/04/28,2026/06/28,2026/06/04,４階病棟,４１０,脳神経内科,,,
103,P-HNS3KKYW,2026/04/07,2026/07/12,2026/06/04,６階病棟,６３１,脳神経外科,,,
104,P-Q5739XEB,2025/10/23,,2026/06/08,４階病棟,４１３,脳神経内科,,,
105,P-AWCP25AL,2026/02/27,2026/06/15,2026/06/05,５階病棟,５０３,脳神経外科,,,
106,P-CPFFY9DR,2026/05/29,2026/06/12,2026/06/02,４階病棟,４０５,脳神経内科,,,
107,P-NX26W8CL,2026/06/06,2026/06/22,2026/06/08,４階病棟,４０５,脳神経内科,,,
108,P-XH4LCMMU,2026/03/18,2026/07/07,2026/06/08,６階病棟,６１３,脳神経内科,,,
109,P-YWP42CH5,2026/06/03,2026/06/17,2026/06/06,４階病棟,４０７,脳神経内科,,,
110,P-FQ8VKD69,2025/05/18,,2026/06/07,４階病棟,４０３,脳神経内科,,,
111,P-UQC79P8L,2026/05/03,2026/06/10,2026/06/07,４階病棟,４１８,脳神経内科,,,
112,P-D6S2Y8MJ,2025/09/12,,2026/06/08,４階病棟,４０１,脳神経内科,,,
113,P-69TLMF4N,2026/04/23,2026/06/21,2026/06/09,４階病棟,４０２,脳神経外科,,,
114,P-SRGP6FR5,2026/06/01,2026/06/17,2026/06/08,４階病棟,４２０,脳神経内科,,,
115,P-FLLCGAF8,2026/06/06,2026/06/21,2026/06/06,４階病棟,４０６,脳神経内科,,,
116,P-4HVFT76N,2026/05/19,2026/06/15,2026/06/06,４階病棟,４１３,脳神経内科,,,
117,P-4HVQFVSG,2026/02/18,2026/06/23,2026/06/09,５階病棟,５１５,脳神経外科,,,
118,P-KS9ZH5F7,2026/01/22,2026/06/18,2026/06/08,６階病棟,６２２,脳神経内科,,,
119,P-2SJ3X7KJ,2026/03/27,2026/06/12,2026/06/04,４階病棟,４０８,循環器内科,,,
120,P-RQ63KZQH,2026/03/21,,2026/06/09,４階病棟,４０１,脳神経内科,,,
121,P-QASYWK6J,2026/03/12,2026/06/19,2026/06/02,５階病棟,５１５,内科,,,
122,P-YH4WSDBT,2026/03/20,2026/06/14,2026/06/07,６階病棟,６２５,脳神経外科,,,
123,P-RFP9Q5YQ,2026/05/31,2026/06/12,2026/06/08,３階病棟,３０６,脳神経外科,,,
124,P-5QLXKGY4,2026/04/03,2026/06/30,2026/06/09,６階病棟,６１５,循環器内科,,,
125,P-M56ADQ2G,2026/04/01,2026/06/13,2026/06/05,５階病棟,５１１,脳神経外科,,,
126,P-GXKYUHCB,2026/04/13,2026/06/21,2026/06/07,５階病棟,５０６,脳神経外科,,,
127,P-296X227Y,2026/04/13,2026/06/07,2026/06/05,５階病棟,５０３,循環器内科,,,
128,P-2KDBSUG7,2026/04/23,,2026/06/08,５階病棟,５０５,循環器内科,,,
129,P-VWEBTBRB,2026/04/24,2026/06/09,2026/06/09,５階病棟,５０５,脳神経内科,,,
130,P-DGFC3A83,2026/04/22,2026/06/30,2026/06/07,３階病棟,３０３,脳神経内科,,,
131,P-CRFFUVHT,2026/04/24,2026/07/04,2026/06/08,５階病棟,５１７,脳神経外科,,,
132,P-YWPY9DLJ,2026/04/14,2026/06/05,2026/06/02,６階病棟,６２８,脳神経内科,,,
133,P-KTTGC92J,2026/06/03,2026/06/28,2026/06/10,５階病棟,５０２,脳神経外科,,,
134,P-WYJB8EDV,2026/04/18,2026/06/19,2026/06/05,５階病棟,５０３,脳神経内科,,,
135,P-FW2B3NYL,2026/04/25,2026/06/23,2026/06/05,６階病棟,６１６,脳神経内科,,,
136,P-QTAWXJ2A,2026/04/29,2026/07/13,2026/06/07,６階病棟,６２０,脳神経内科,,,
137,P-3PJWA3R5,2026/05/01,2026/06/23,2026/06/08,６階病棟,６１２,脳神経外科,,,
138,P-34H9XHK6,2026/05/05,2026/07/20,2026/06/06,５階病棟,５０３,脳神経外科,,,
139,P-FUBRSEHS,2026/05/08,2026/06/06,2026/06/04,３階病棟,３０１,脳神経外科,,,
140,P-TGLTQNDM,2026/05/11,2026/07/25,2026/06/05,５階病棟,５１１,脳神経内科,,,
141,P-Z8ECM7UN,2026/05/11,2026/07/02,2026/06/04,６階病棟,６２０,脳神経外科,,,
142,P-V8PBLRG2,2026/05/20,2026/07/19,2026/06/06,４階病棟,４１１,脳神経内科,,,
143,P-4RYDU2GT,2026/05/19,2026/06/19,2026/06/07,５階病棟,５０８,内科,,,
144,P-HQAKQM5L,2026/05/18,,2026/06/06,５階病棟,５１６,脳神経内科,,,
145,P-AW7N5EL4,2026/05/24,2026/06/22,2026/06/06,５階病棟,５０１,循環器内科,2026/06/06,身体拘束を実施,実施
146,P-UXGS7PH3,2026/05/27,2026/07/02,2026/06/08,６階病棟,６０６,内科,,,
147,P-PGM5F8CL,2026/05/31,2026/07/05,2026/06/06,６階病棟,６１５,循環器内科,,,
148,P-GS7DE2PY,2026/05/28,,2026/06/02,５階病棟,５０１,内科,,,
149,P-FRVUDU8L,2026/05/30,,2026/06/08,SCU病棟,３１１,脳神経外科,,,
150,P-MEJ46ZLM,2026/05/30,2026/07/16,2026/06/03,３階病棟,３１０,脳神経内科,,,
151,P-NS37UG7R,2026/06/05,,2026/06/09,SCU病棟,３１１,脳神経内科,,,
152,P-6LAMS959,2026/06/01,2026/06/05,2026/06/04,６階病棟,６０３,循環器内科,,,
153,P-FPPNYD6K,2026/05/31,2026/06/09,2026/06/02,３階病棟,３０１,脳神経内科,,,
154,P-464LW952,2026/06/10,,2026/06/10,SCU病棟,３１２,脳神経内科,,,
155,P-Z7X6PSA8,2026/06/09,,2026/06/09,３階病棟,３０６,脳神経内科,,,
156,P-U4VP3T3P,2026/05/17,2026/07/17,2026/06/05,６階病棟,６２６,循環器内科,,,
157,P-2W3PNWW3,2026/05/15,2026/06/08,2026/06/04,４階病棟,４０７,脳神経内科,,,
158,P-U5VAEQ8F,2017/11/18,,2026/06/03,４階病棟,４０８,脳神経内科,,,
159,P-SGRMFYFA,2026/05/29,2026/06/17,2026/06/06,３階病棟,３０８,脳神経内科,,,
160,P-QMY3AVRH,2019/11/11,,2026/06/08,４階病棟,４１５,脳神経内科,,,
161,P-8EPZ5WR5,2026/05/09,2026/07/19,2026/06/10,６階病棟,６１８,脳神経内科,,,
162,P-RLFFJ4J7,2026/05/28,,2026/06/04,５階病棟,５０２,内科,,,
163,P-XMWXWLBS,2026/05/18,2026/06/24,2026/06/11,６階病棟,６０５,内科,,,
164,P-4T3Z3EE4,2026/06/07,2026/06/13,2026/06/07,３階病棟,３０３,脳神経内科,,,
165,P-RGAUN7PT,2026/06/03,2026/06/18,2026/06/08,SCU病棟,３１１,脳神経外科,,,
166,P-ZDDL4JQ7,2026/06/01,,2026/06/10,３階病棟,３０８,脳神経内科,,,
167,P-JG4UMH49,2026/04/24,2026/06/18,2026/06/03,５階病棟,５１０,循環器内科,,,
168,P-PA3GM3FN,2026/06/10,2026/06/11,2026/06/10,３階病棟,３０５,脳神経外科,,,
169,P-MBYUPNNQ,2026/06/06,,2026/06/06,６階病棟,６１７,循環器内科,,,
170,P-S557P22S,2026/05/26,2026/07/08,2026/06/06,４階病棟,４２７,脳神経内科,,,
171,P-H8AWL65J,2026/06/01,2026/06/24,2026/06/06,４階病棟,４０１,脳神経内科,,,
172,P-WZV6ZT5X,2026/06/04,2026/07/21,2026/06/07,SCU病棟,３１３,脳神経外科,,,
173,P-24FAL9Y9,2026/06/07,2026/06/08,2026/06/08,３階病棟,３０７,脳神経内科,,,
174,P-M7EF3ZQ3,2026/04/01,2026/07/01,2026/06/10,５階病棟,５０５,脳神経外科,,,
175,P-ZBSUPLYU,2026/06/05,2026/06/12,2026/06/05,３階病棟,３０６,脳神経外科,,,
176,P-BLTWSTFX,2026/05/22,2026/07/04,2026/06/03,３階病棟,３０８,脳神経外科,2026/06/03,身体拘束を実施,実施
177,P-XDVX7KNB,2026/05/30,,2026/06/08,３階病棟,３１８,脳神経外科,,,
178,P-5BP5FJQE,2026/04/08,2026/06/17,2026/06/10,５階病棟,５１６,脳神経外科,,,
179,P-UJKMA9BE,2022/09/03,,2026/06/05,４階病棟,４２３,脳神経内科,,,
180,P-F4XH8LYH,2026/04/02,2026/06/14,2026/06/04,６階病棟,６２６,循環器内科,,,
181,P-3A4EKNWW,2026/05/28,2026/06/10,2026/06/04,４階病棟,４０３,脳神経内科,,,
182,P-BY53KL5G,2026/05/24,2026/07/10,2026/06/04,６階病棟,６２７,脳神経外科,,,
183,P-L7CQ9ZLD,2026/04/06,2026/07/14,2026/06/07,５階病棟,５０５,脳神経外科,,,
184,P-J7EDSM5F,2026/05/22,2026/07/10,2026/06/03,６階病棟,６１１,内科,,,
185,P-FVKAVH46,2026/06/06,2026/06/17,2026/06/09,４階病棟,４１１,脳神経内科,,,
186,P-958QHDHK,2026/05/13,2026/06/22,2026/06/08,６階病棟,６３２,脳神経外科,,,
187,P-XEN4DTJX,2026/05/08,2026/06/15,2026/06/08,６階病棟,６０８,脳神経外科,,,
188,P-43YLAWKA,2026/06/08,,2026/06/09,３階病棟,３０７,脳神経内科,,,
189,P-SSJFM3K2,2026/05/23,2026/06/23,2026/06/06,４階病棟,４２２,脳神経内科,,,
190,P-YBP8ZN8A,2026/06/10,2026/07/07,2026/06/10,３階病棟,３１０,内科,,,
191,P-NB76W8MK,2026/04/03,2026/06/20,2026/06/03,５階病棟,５１２,内科,,,
192,P-9VNG74DK,2026/05/24,2026/07/01,2026/06/03,６階病棟,６１２,脳神経内科,,,
193,P-JW42BC2V,2026/05/03,2026/06/23,2026/06/08,４階病棟,４１６,脳神経内科,,,
194,P-TYALD3JU,2026/05/21,2026/06/20,2026/06/06,６階病棟,６０６,循環器内科,,,
195,P-2VN3QZLN,2026/06/01,,2026/06/06,６階病棟,６０２,内科,,,
196,P-8UBG4CB4,2026/06/06,,2026/06/07,３階病棟,３１７,脳神経外科,,,
197,P-9CGFS59Q,2026/03/27,2026/06/10,2026/06/10,５階病棟,５０６,脳神経内科,,,
198,P-CJE2Q7EY,2026/04/27,2026/07/20,2026/06/06,６階病棟,６３１,内科,,,
199,P-PJ578V6G,2026/05/01,2026/07/14,2026/06/05,５階病棟,５０１,循環器内科,,,
200,P-BPLZP94F,2026/05/04,2026/07/16,2026/06/09,５階病棟,５０１,脳神経内科,,,
201,P-PSSUS4NV,2026/05/02,,2026/06/02,５階病棟,５１６,脳神経内科,,,
202,P-G5SUQTSM,2026/05/14,,2026/06/10,５階病棟,５１７,脳神経内科,,,
203,P-7YBAR46Z,2026/05/14,2026/07/11,2026/06/10,５階病棟,５１６,脳神経外科,,,
204,P-GNYCQPED,2026/05/20,2026/07/24,2026/06/09,５階病棟,５１０,循環器内科,,,
205,P-MQW3SP6P,2026/05/18,2026/06/07,2026/06/07,６階病棟,６２３,内科,,,
206,P-2QTVPZP7,2026/05/21,2026/06/09,2026/06/08,６階病棟,６０１,脳神経内科,,,
207,P-UZULGRN8,2026/05/27,2026/07/04,2026/06/09,６階病棟,６１０,内科,,,
208,P-NG5XBPD9,2026/06/03,2026/07/19,2026/06/07,５階病棟,５０６,循環器内科,,,
209,P-P9JA6BGA,2026/06/02,2026/06/28,2026/06/09,３階病棟,３０２,脳神経内科,,,
210,P-2RLTWN27,2026/05/27,,2026/06/06,３階病棟,３０２,脳神経外科,,,
211,P-KNHUCVJ8,2026/05/25,,2026/06/04,３階病棟,３１０,脳神経外科,,,
212,P-65U745M2,2026/05/31,,2026/06/07,６階病棟,６０３,循環器内科,,,
213,P-XKCS8WSM,2026/05/27,2026/06/26,2026/06/05,３階病棟,３０５,脳神経内科,,,
214,P-RASWJJ54,2026/05/27,2026/06/11,2026/06/04,３階病棟,３１５,脳神経外科,,,
215,P-P3DUJJS9,2026/05/30,,2026/06/05,SCU病棟,３１２,脳神経内科,,,
216,P-7CUQF7UN,2026/06/05,2026/06/10,2026/06/09,３階病棟,３０６,脳神経内科,,,
217,P-63CU8BM2,2026/06/05,2026/06/12,2026/06/09,３階病棟,３０８,脳神経内科,,,
218,P-2HDGCB4N,2026/06/06,2026/06/14,2026/06/09,３階病棟,３０５,脳神経外科,,,
219,P-MCGWF5K2,2026/06/07,,2026/06/09,SCU病棟,３１２,脳神経内科,,,
220,P-Q7XHHFRC,2026/06/05,,2026/06/07,SCU病棟,３１２,脳神経外科,2026/06/07,身体拘束を実施,実施
221,P-QA9CLGZ8,2026/06/03,,2026/06/05,SCU病棟,３１１,脳神経外科,2026/06/05,身体拘束を実施,実施
222,P-FPEQVCEQ,2026/06/04,2026/06/05,2026/06/05,３階病棟,３０６,脳神経外科,,,
223,P-KFWXZQ6F,2026/06/07,2026/06/22,2026/06/11,４階病棟,４０５,脳神経内科,,,
224,P-MR3E4QTT,2026/05/16,2026/06/12,2026/06/05,６階病棟,６３０,脳神経内科,,,
225,P-N9XJLE2C,2026/06/01,2026/06/15,2026/06/09,４階病棟,４１０,脳神経内科,,,
226,P-BUBRA8WU,2026/05/26,2026/06/27,2026/06/07,４階病棟,４０６,脳神経内科,,,
227,P-264QMKVX,2026/01/18,,2026/06/11,４階病棟,４０３,脳神経内科,,,
228,P-C6QWAJHW,2026/05/23,,2026/06/06,６階病棟,６１６,脳神経外科,,,
229,P-DBUG4MQ9,2026/06/03,2026/06/17,2026/06/09,４階病棟,４２１,脳神経内科,,,
230,P-7Z7EG8JS,2026/05/26,2026/07/11,2026/06/03,６階病棟,６２１,内科,,,
231,P-N2ULXTZF,2026/04/30,2026/06/18,2026/06/09,６階病棟,６１８,循環器内科,,,
232,P-WDW992JT,2026/04/23,2026/06/19,2026/06/05,５階病棟,５１１,脳神経外科,,,
233,P-E7FB9RVR,2026/06/05,2026/06/19,2026/06/05,４階病棟,４０３,脳神経内科,,,
234,P-JT8HY6Z3,2026/05/23,,2026/06/04,５階病棟,５１５,脳神経外科,,,
235,P-9HNKYX8P,2026/05/27,2026/07/21,2026/06/10,６階病棟,６０５,脳神経外科,,,
236,P-T9YENPYQ,2026/04/18,2026/06/12,2026/06/04,６階病棟,６１３,脳神経内科,,,
237,P-3MZT267S,2026/05/31,2026/06/14,2026/06/11,４階病棟,４０５,脳神経内科,,,
238,P-CRZ26M2E,2026/05/22,2026/06/09,2026/06/03,５階病棟,５１７,循環器内科,,,
239,P-L2E7TUVD,2026/05/08,2026/07/08,2026/06/11,３階病棟,３１０,脳神経外科,2026/06/11,身体拘束を実施,実施
240,P-FYNX36CL,2026/05/24,,2026/06/11,５階病棟,５０７,脳神経外科,,,
241,P-QRLNG3VJ,2026/05/25,2026/06/11,2026/06/06,４階病棟,４２６,脳神経内科,,,
242,P-MQ5CUJVB,2026/05/05,2026/07/09,2026/06/11,３階病棟,３０１,脳神経外科,,,
243,P-SPPSV2B6,2026/06/06,2026/06/15,2026/06/08,３階病棟,３１０,脳神経外科,,,
244,P-ZYFXXXL2,2026/04/27,2026/06/08,2026/06/05,４階病棟,４１５,脳神経内科,,,
245,P-XUWTTGVW,2026/06/10,2026/06/18,2026/06/10,SCU病棟,３１１,脳神経内科,,,
246,P-7B33BTR6,2026/05/08,,2026/06/07,５階病棟,５０８,脳神経外科,,,
247,P-K8CCXYEH,2026/04/10,2026/06/09,2026/06/05,５階病棟,５０８,脳神経外科,,,
248,P-HP9R2ETR,2026/05/29,2026/06/09,2026/06/08,４階病棟,４１６,脳神経内科,,,
249,P-8LEJKANV,2026/04/12,2026/07/01,2026/06/07,６階病棟,６１７,脳神経外科,,,
250,P-DX69WEE9,2026/06/02,2026/06/17,2026/06/08,４階病棟,４０６,脳神経内科,,,
251,P-XQ9FTQMK,2026/05/19,2026/07/05,2026/06/07,４階病棟,４０２,脳神経内科,2026/06/07,身体拘束を実施,実施
252,P-YF2RUWN9,2026/04/26,,2026/06/03,５階病棟,５１１,脳神経外科,,,
253,P-G8JHVDNN,2026/06/09,2026/06/16,2026/06/09,６階病棟,６０７,内科,,,
254,P-GAJ3G4KJ,2026/05/15,2026/06/13,2026/06/09,４階病棟,４０２,脳神経内科,,,
255,P-HQMDH9PL,2026/04/27,2026/06/09,2026/06/07,６階病棟,６１０,脳神経内科,,,
256,P-FHEK4X5W,2026/04/28,2026/06/28,2026/06/05,４階病棟,４１０,脳神経内科,,,
257,P-HNS3KKYW,2026/04/07,2026/07/12,2026/06/05,６階病棟,６３１,脳神経外科,,,
258,P-Q5739XEB,2025/10/23,,2026/06/09,４階病棟,４１３,脳神経内科,,,
259,P-AWCP25AL,2026/02/27,2026/06/15,2026/06/06,５階病棟,５０３,脳神経外科,,,
260,P-CPFFY9DR,2026/05/29,2026/06/12,2026/06/03,４階病棟,４０５,脳神経内科,,,
261,P-NX26W8CL,2026/06/06,2026/06/22,2026/06/09,４階病棟,４０５,脳神経内科,,,
262,P-FQ8VKD69,2025/05/18,,2026/06/08,４階病棟,４０３,脳神経内科,,,
263,P-UQC79P8L,2026/05/03,2026/06/10,2026/06/08,４階病棟,４１８,脳神経内科,,,
264,P-D6S2Y8MJ,2025/09/12,,2026/06/09,４階病棟,４０１,脳神経内科,,,
265,P-69TLMF4N,2026/04/23,2026/06/21,2026/06/10,４階病棟,４０２,脳神経外科,,,
266,P-SRGP6FR5,2026/06/01,2026/06/17,2026/06/09,４階病棟,４２０,脳神経内科,,,
267,P-FLLCGAF8,2026/06/06,2026/06/21,2026/06/07,４階病棟,４０６,脳神経内科,,,
268,P-4HVQFVSG,2026/02/18,2026/06/23,2026/06/10,５階病棟,５１５,脳神経外科,,,
269,P-KS9ZH5F7,2026/01/22,2026/06/18,2026/06/09,６階病棟,６２２,脳神経内科,,,
270,P-2SJ3X7KJ,2026/03/27,2026/06/12,2026/06/05,４階病棟,４０８,循環器内科,,,
271,P-Y58VWXA6,2026/02/03,2026/06/16,2026/06/08,５階病棟,５１５,脳神経外科,,,
272,P-QASYWK6J,2026/03/12,2026/06/19,2026/06/03,５階病棟,５１５,内科,,,
273,P-QQP3TTTK,2026/03/24,2026/06/04,2026/06/04,５階病棟,５１７,脳神経内科,,,
274,P-JKJB8UQP,2026/03/28,2026/07/11,2026/06/04,５階病棟,５０２,脳神経外科,,,
275,P-M56ADQ2G,2026/04/01,2026/06/13,2026/06/06,５階病棟,５１１,脳神経外科,,,
276,P-BXBCL2UN,2026/04/01,2026/06/25,2026/06/03,５階病棟,５０７,内科,,,
277,P-HD77KEJN,2026/04/12,,2026/06/09,３階病棟,３０７,脳神経外科,,,
278,P-R5QX9CY9,2026/04/13,2026/07/18,2026/06/06,５階病棟,５１０,脳神経外科,,,
279,P-296X227Y,2026/04/13,2026/06/07,2026/06/06,５階病棟,５０３,循環器内科,,,
280,P-KTTGC92J,2026/06/03,2026/06/28,2026/06/11,５階病棟,５０２,脳神経外科,,,
281,P-WYJB8EDV,2026/04/18,2026/06/19,2026/06/06,５階病棟,５０３,脳神経内科,,,
282,P-CRFFUVHT,2026/04/24,2026/07/04,2026/06/09,５階病棟,５１７,脳神経外科,,,
283,P-PJ578V6G,2026/05/01,2026/07/14,2026/06/06,５階病棟,５０１,循環器内科,,,
284,P-BPLZP94F,2026/05/04,2026/07/16,2026/06/10,５階病棟,５０１,脳神経内科,,,
285,P-NMGEMTL7,2026/06/05,2026/06/09,2026/06/05,３階病棟,３０３,脳神経外科,,,
286,P-PSSUS4NV,2026/05/02,,2026/06/03,５階病棟,５１６,脳神経内科,,,
287,P-FUBRSEHS,2026/05/08,2026/06/06,2026/06/05,３階病棟,３０１,脳神経外科,,,
288,P-G5SUQTSM,2026/05/14,,2026/06/11,５階病棟,５１７,脳神経内科,,,
289,P-GNYCQPED,2026/05/20,2026/07/24,2026/06/10,５階病棟,５１０,循環器内科,,,
290,P-2QTVPZP7,2026/05/21,2026/06/09,2026/06/09,６階病棟,６０１,脳神経内科,,,
291,P-NG5XBPD9,2026/06/03,2026/07/19,2026/06/08,５階病棟,５０６,循環器内科,,,
292,P-P9JA6BGA,2026/06/02,2026/06/28,2026/06/10,３階病棟,３０２,脳神経内科,,,
293,P-KNHUCVJ8,2026/05/25,,2026/06/05,５階病棟,５０２,脳神経外科,,,
294,P-FRVUDU8L,2026/05/30,,2026/06/09,SCU病棟,３１１,脳神経外科,,,
295,P-RASWJJ54,2026/05/27,2026/06/11,2026/06/05,３階病棟,３１５,脳神経外科,,,
296,P-P3DUJJS9,2026/05/30,,2026/06/06,SCU病棟,３１２,脳神経内科,,,
297,P-7CUQF7UN,2026/06/05,2026/06/10,2026/06/10,３階病棟,３０６,脳神経内科,,,
298,P-63CU8BM2,2026/06/05,2026/06/12,2026/06/10,３階病棟,３０８,脳神経内科,,,
299,P-MCGWF5K2,2026/06/07,,2026/06/10,SCU病棟,３１２,脳神経内科,,,
300,P-Q7XHHFRC,2026/06/05,,2026/06/08,SCU病棟,３１２,脳神経外科,2026/06/08,身体拘束を実施,実施
301,P-QA9CLGZ8,2026/06/03,,2026/06/06,SCU病棟,３１１,脳神経外科,,,
302,P-Z7X6PSA8,2026/06/09,,2026/06/10,３階病棟,３０６,脳神経内科,,,
303,P-KCEB9CZT,2026/06/09,2026/07/16,2026/06/09,３階病棟,３０３,脳神経外科,,,
304,P-KFWXZQ6F,2026/06/07,2026/06/22,2026/06/12,４階病棟,４０５,脳神経内科,,,
305,P-2W3PNWW3,2026/05/15,2026/06/08,2026/06/05,４階病棟,４０７,脳神経内科,,,
306,P-MR3E4QTT,2026/05/16,2026/06/12,2026/06/06,６階病棟,６３０,脳神経内科,,,
307,P-N9XJLE2C,2026/06/01,2026/06/15,2026/06/10,４階病棟,４１０,脳神経内科,,,
308,P-BUBRA8WU,2026/05/26,2026/06/27,2026/06/08,４階病棟,４０６,脳神経内科,,,
309,P-4T3Z3EE4,2026/06/07,2026/06/13,2026/06/08,３階病棟,３０３,脳神経内科,,,
310,P-C6QWAJHW,2026/05/23,,2026/06/07,６階病棟,６１６,脳神経外科,,,
311,P-DBUG4MQ9,2026/06/03,2026/06/17,2026/06/10,４階病棟,４２１,脳神経内科,,,
312,P-7Z7EG8JS,2026/05/26,2026/07/11,2026/06/04,６階病棟,６２１,内科,,,
313,P-N2ULXTZF,2026/04/30,2026/06/18,2026/06/10,６階病棟,６１８,循環器内科,,,
314,P-WDW992JT,2026/04/23,2026/06/19,2026/06/06,５階病棟,５１１,脳神経外科,,,
315,P-M7EF3ZQ3,2026/04/01,2026/07/01,2026/06/11,５階病棟,５０５,脳神経外科,,,
316,P-BLTWSTFX,2026/05/22,2026/07/04,2026/06/04,３階病棟,３０８,脳神経外科,2026/06/04,身体拘束を実施,実施
317,P-E7FB9RVR,2026/06/05,2026/06/19,2026/06/06,４階病棟,４０３,脳神経内科,,,
318,P-JT8HY6Z3,2026/05/23,,2026/06/05,５階病棟,５１５,脳神経外科,,,
319,P-9HNKYX8P,2026/05/27,2026/07/21,2026/06/11,６階病棟,６０５,脳神経外科,,,
320,P-T9YENPYQ,2026/04/18,2026/06/12,2026/06/05,６階病棟,６１３,脳神経内科,,,
321,P-3MZT267S,2026/05/31,2026/06/14,2026/06/12,４階病棟,４０５,脳神経内科,,,
322,P-CRZ26M2E,2026/05/22,2026/06/09,2026/06/04,５階病棟,５１７,循環器内科,,,
323,P-L2E7TUVD,2026/05/08,2026/07/08,2026/06/12,３階病棟,３１０,脳神経外科,2026/06/12,身体拘束を実施,実施
324,P-XEN4DTJX,2026/05/08,2026/06/15,2026/06/09,６階病棟,６０８,脳神経外科,,,
325,P-QRLNG3VJ,2026/05/25,2026/06/11,2026/06/07,４階病棟,４２６,脳神経内科,,,
326,P-SSJFM3K2,2026/05/23,2026/06/23,2026/06/07,４階病棟,４２２,脳神経内科,,,
327,P-SPPSV2B6,2026/06/06,2026/06/15,2026/06/09,３階病棟,３１０,脳神経外科,,,
328,P-ZR6TRZBZ,2026/05/28,2026/06/13,2026/06/04,６階病棟,６０８,脳神経外科,,,
329,P-SSRKXMZA,2026/03/25,2026/06/28,2026/06/07,４階病棟,４１７,内科,,,
330,P-Q3RYGKUB,2026/05/28,,2026/06/08,３階病棟,３０７,脳神経外科,,,
331,P-RNCPTRHN,2026/05/29,2026/06/19,2026/06/11,６階病棟,６０１,内科,,,
332,P-WHQE2T7J,2026/05/21,2026/06/11,2026/06/05,６階病棟,６０２,循環器内科,,,
333,P-89LXNBM2,2026/05/31,2026/06/14,2026/06/07,４階病棟,４０６,脳神経内科,,,
334,P-UZGRBKFN,2026/02/18,2026/07/11,2026/06/07,４階病棟,４０７,脳神経内科,,,
335,P-7JYPCEL5,2026/04/30,,2026/06/06,５階病棟,５１０,脳神経外科,,,
336,P-8R47U8UJ,2026/05/29,2026/06/23,2026/06/03,３階病棟,３０２,脳神経内科,,,
337,P-5HCTHG3Q,2026/05/09,2026/07/03,2026/06/03,４階病棟,４１２,脳神経内科,,,
338,P-SENEPS2K,2026/06/04,2026/06/12,2026/06/10,３階病棟,３０１,脳神経外科,,,
339,P-7SRS6V8G,2026/02/15,,2026/06/09,４階病棟,４１２,脳神経内科,,,
340,P-9PSJWZXG,2026/05/20,2026/06/04,2026/06/04,４階病棟,４０３,脳神経内科,,,
341,P-4CFX2Z72,2026/05/20,,2026/06/07,３階病棟,３１６,脳神経外科,2026/06/07,身体拘束を実施,実施
342,P-Q9WV8LC8,2026/05/08,2026/06/08,2026/06/08,４階病棟,４０１,脳神経内科,,,
343,P-XH4LCMMU,2026/03/18,2026/07/07,2026/06/09,６階病棟,６１３,脳神経内科,,,
344,P-YWP42CH5,2026/06/03,2026/06/17,2026/06/07,４階病棟,４０７,脳神経内科,,,
345,P-MXUEQ3MU,2025/09/28,2026/06/11,2026/06/04,４階病棟,４０２,脳神経内科,,,
346,P-EHH2HXGP,2026/05/11,2026/07/04,2026/06/05,６階病棟,６０１,脳神経内科,,,
347,P-4HVFT76N,2026/05/19,2026/06/15,2026/06/07,４階病棟,４１３,脳神経内科,,,
348,P-HN467RGB,2026/05/14,2026/07/09,2026/06/04,６階病棟,６３０,脳神経外科,,,
349,P-5G6XJPAT,2026/06/03,2026/06/18,2026/06/03,４階病棟,４０１,脳神経内科,,,
350,P-RQ63KZQH,2026/03/21,,2026/06/10,４階病棟,４０１,脳神経内科,,,
351,P-9GK2FA9F,2026/03/17,2026/06/26,2026/06/10,６階病棟,６３２,循環器内科,,,
352,P-YH4WSDBT,2026/03/20,2026/06/14,2026/06/08,６階病棟,６２５,脳神経外科,,,
353,P-ZE6DW3BU,2026/03/21,2026/07/03,2026/06/09,６階病棟,６２８,脳神経外科,,,
354,P-RFP9Q5YQ,2026/05/31,2026/06/12,2026/06/09,３階病棟,３０６,脳神経外科,,,
355,P-5QLXKGY4,2026/04/03,2026/06/30,2026/06/10,６階病棟,６１５,循環器内科,,,
356,P-J9SAK26J,2026/04/02,2026/07/06,2026/06/09,５階病棟,５１３,脳神経外科,,,
357,P-88CJ95J4,2026/04/02,2026/07/12,2026/06/07,５階病棟,５０７,脳神経外科,,,
358,P-GXKYUHCB,2026/04/13,2026/06/21,2026/06/08,５階病棟,５０６,脳神経外科,,,
359,P-YWPY9DLJ,2026/04/14,2026/06/05,2026/06/03,６階病棟,６２８,脳神経内科,,,
360,P-2KDBSUG7,2026/04/23,,2026/06/09,５階病棟,５０５,循環器内科,,,
361,P-DGFC3A83,2026/04/22,2026/06/30,2026/06/08,３階病棟,３０３,脳神経内科,,,
362,P-CJE2Q7EY,2026/04/27,2026/07/20,2026/06/07,６階病棟,６３１,内科,,,
363,P-FW2B3NYL,2026/04/25,2026/06/23,2026/06/06,６階病棟,６１６,脳神経内科,,,
364,P-QTAWXJ2A,2026/04/29,2026/07/13,2026/06/08,６階病棟,６２０,脳神経内科,,,
365,P-3PJWA3R5,2026/05/01,2026/06/23,2026/06/09,６階病棟,６１２,脳神経外科,,,
366,P-34H9XHK6,2026/05/05,2026/07/20,2026/06/07,５階病棟,５０３,脳神経外科,,,
367,P-7YBAR46Z,2026/05/14,2026/07/11,2026/06/11,５階病棟,５１６,脳神経外科,,,
368,P-TGLTQNDM,2026/05/11,2026/07/25,2026/06/06,５階病棟,５１１,脳神経内科,,,
369,P-Z8ECM7UN,2026/05/11,2026/07/02,2026/06/05,６階病棟,６２０,脳神経外科,,,
370,P-V8PBLRG2,2026/05/20,2026/07/19,2026/06/07,４階病棟,４１１,脳神経内科,,,
371,P-4RYDU2GT,2026/05/19,2026/06/19,2026/06/08,５階病棟,５０８,内科,,,
372,P-HQAKQM5L,2026/05/18,,2026/06/07,５階病棟,５１６,脳神経内科,,,
373,P-AW7N5EL4,2026/05/24,2026/06/22,2026/06/07,５階病棟,５０１,循環器内科,2026/06/07,身体拘束を実施,実施
374,P-UZULGRN8,2026/05/27,2026/07/04,2026/06/10,６階病棟,６１０,内科,,,
375,P-UXGS7PH3,2026/05/27,2026/07/02,2026/06/09,６階病棟,６０６,内科,,,
376,P-PGM5F8CL,2026/05/31,2026/07/05,2026/06/07,６階病棟,６１５,循環器内科,,,
377,P-GS7DE2PY,2026/05/28,,2026/06/03,５階病棟,５０１,内科,,,
378,P-2RLTWN27,2026/05/27,,2026/06/07,３階病棟,３０２,脳神経外科,,,
379,P-65U745M2,2026/05/31,,2026/06/08,６階病棟,６０３,循環器内科,,,
380,P-XKCS8WSM,2026/05/27,2026/06/26,2026/06/06,６階病棟,６０７,脳神経内科,,,
381,P-MEJ46ZLM,2026/05/30,2026/07/16,2026/06/04,３階病棟,３１０,脳神経内科,,,
382,P-NS37UG7R,2026/06/05,,2026/06/10,３階病棟,３０２,脳神経内科,,,
383,P-6LAMS959,2026/06/01,2026/06/05,2026/06/05,６階病棟,６０３,循環器内科,,,
384,P-2HDGCB4N,2026/06/06,2026/06/14,2026/06/10,３階病棟,３０５,脳神経外科,,,
385,P-FPPNYD6K,2026/05/31,2026/06/09,2026/06/03,３階病棟,３０１,脳神経内科,,,
386,P-464LW952,2026/06/10,,2026/06/11,SCU病棟,３１２,脳神経内科,,,
387,P-SB3UWL7C,2026/06/10,,2026/06/10,５階病棟,５０８,内科,,,
388,P-U4VP3T3P,2026/05/17,2026/07/17,2026/06/06,６階病棟,６２６,循環器内科,,,
389,P-U5VAEQ8F,2017/11/18,,2026/06/04,４階病棟,４０８,脳神経内科,,,
390,P-SGRMFYFA,2026/05/29,2026/06/17,2026/06/07,３階病棟,３０８,脳神経内科,,,
391,P-QMY3AVRH,2019/11/11,,2026/06/09,４階病棟,４１５,脳神経内科,,,
392,P-8EPZ5WR5,2026/05/09,2026/07/19,2026/06/11,６階病棟,６１８,脳神経内科,,,
393,P-RLFFJ4J7,2026/05/28,,2026/06/05,５階病棟,５０２,内科,,,
394,P-JW42BC2V,2026/05/03,2026/06/23,2026/06/09,４階病棟,４１６,脳神経内科,,,
395,P-XUWTTGVW,2026/06/10,2026/06/18,2026/06/11,３階病棟,３０６,脳神経内科,,,
396,P-7B33BTR6,2026/05/08,,2026/06/08,５階病棟,５０８,脳神経外科,,,
397,P-6MNL95A3,2026/06/11,2026/07/02,2026/06/11,６階病棟,６２３,内科,,,
398,P-K8CCXYEH,2026/04/10,2026/06/09,2026/06/06,５階病棟,５０８,脳神経外科,,,
399,P-2VN3QZLN,2026/06/01,,2026/06/07,６階病棟,６０２,内科,,,
400,P-HP9R2ETR,2026/05/29,2026/06/09,2026/06/09,４階病棟,４１６,脳神経内科,,,
401,P-8UBG4CB4,2026/06/06,,2026/06/08,SCU病棟,３１２,脳神経外科,,,
402,P-8LEJKANV,2026/04/12,2026/07/01,2026/06/08,６階病棟,６１７,脳神経外科,,,
403,P-ZR6TRZBZ,2026/05/28,2026/06/13,2026/06/05,６階病棟,６０８,脳神経外科,,,
404,P-DX69WEE9,2026/06/02,2026/06/17,2026/06/09,４階病棟,４０６,脳神経内科,,,
405,P-RNCPTRHN,2026/05/29,2026/06/19,2026/06/12,６階病棟,６０１,内科,,,
406,P-YF2RUWN9,2026/04/26,,2026/06/04,５階病棟,５１１,脳神経外科,,,
407,P-G8JHVDNN,2026/06/09,2026/06/16,2026/06/10,６階病棟,６０７,内科,,,
408,P-GAJ3G4KJ,2026/05/15,2026/06/13,2026/06/10,４階病棟,４０２,脳神経内科,,,
409,P-7JYPCEL5,2026/04/30,,2026/06/07,５階病棟,５１０,脳神経外科,,,
410,P-5HCTHG3Q,2026/05/09,2026/07/03,2026/06/04,４階病棟,４１２,脳神経内科,,,
411,P-4CFX2Z72,2026/05/20,,2026/06/08,３階病棟,３１６,脳神経外科,2026/06/08,身体拘束を実施,実施
412,P-AWCP25AL,2026/02/27,2026/06/15,2026/06/07,５階病棟,５０３,脳神経外科,,,
413,P-CPFFY9DR,2026/05/29,2026/06/12,2026/06/04,４階病棟,４０５,脳神経内科,,,
414,P-FQ8VKD69,2025/05/18,,2026/06/09,４階病棟,４０３,脳神経内科,,,
415,P-UQC79P8L,2026/05/03,2026/06/10,2026/06/09,４階病棟,４１８,脳神経内科,,,
416,P-D6S2Y8MJ,2025/09/12,,2026/06/10,４階病棟,４０１,脳神経内科,,,
417,P-69TLMF4N,2026/04/23,2026/06/21,2026/06/11,４階病棟,４０２,脳神経外科,,,
418,P-SRGP6FR5,2026/06/01,2026/06/17,2026/06/10,４階病棟,４２０,脳神経内科,,,
419,P-FLLCGAF8,2026/06/06,2026/06/21,2026/06/08,４階病棟,４０６,脳神経内科,,,
420,P-HN467RGB,2026/05/14,2026/07/09,2026/06/05,６階病棟,６３０,脳神経外科,,,
421,P-2SJ3X7KJ,2026/03/27,2026/06/12,2026/06/06,４階病棟,４０８,循環器内科,,,
422,P-Y58VWXA6,2026/02/03,2026/06/16,2026/06/09,５階病棟,５１５,脳神経外科,,,
423,P-QASYWK6J,2026/03/12,2026/06/19,2026/06/04,５階病棟,５１５,内科,,,
424,P-ZE6DW3BU,2026/03/21,2026/07/03,2026/06/10,６階病棟,６２８,脳神経外科,,,
425,P-JKJB8UQP,2026/03/28,2026/07/11,2026/06/05,５階病棟,５０２,脳神経外科,,,
426,P-M56ADQ2G,2026/04/01,2026/06/13,2026/06/07,５階病棟,５１１,脳神経外科,,,
427,P-BXBCL2UN,2026/04/01,2026/06/25,2026/06/04,５階病棟,５０７,内科,,,
428,P-HD77KEJN,2026/04/12,,2026/06/10,５階病棟,５０７,脳神経外科,,,
429,P-R5QX9CY9,2026/04/13,2026/07/18,2026/06/07,５階病棟,５１０,脳神経外科,,,
430,P-296X227Y,2026/04/13,2026/06/07,2026/06/07,５階病棟,５０３,循環器内科,,,
431,P-KTTGC92J,2026/06/03,2026/06/28,2026/06/12,５階病棟,５０２,脳神経外科,,,
432,P-WYJB8EDV,2026/04/18,2026/06/19,2026/06/07,５階病棟,５０３,脳神経内科,,,
433,P-CRFFUVHT,2026/04/24,2026/07/04,2026/06/10,５階病棟,５１７,脳神経外科,,,
434,P-FW2B3NYL,2026/04/25,2026/06/23,2026/06/07,６階病棟,６１６,脳神経内科,,,
435,P-PJ578V6G,2026/05/01,2026/07/14,2026/06/07,５階病棟,５０１,循環器内科,,,
436,P-BPLZP94F,2026/05/04,2026/07/16,2026/06/11,５階病棟,５０１,脳神経内科,,,
437,P-FUBRSEHS,2026/05/08,2026/06/06,2026/06/06,３階病棟,３０１,脳神経外科,,,
438,P-G5SUQTSM,2026/05/14,,2026/06/12,５階病棟,５１７,脳神経内科,,,
439,P-TGLTQNDM,2026/05/11,2026/07/25,2026/06/07,５階病棟,５１１,脳神経内科,,,
440,P-4RYDU2GT,2026/05/19,2026/06/19,2026/06/09,５階病棟,５０８,内科,,,
441,P-AW7N5EL4,2026/05/24,2026/06/22,2026/06/08,５階病棟,５０１,循環器内科,2026/06/08,身体拘束を実施,実施
442,P-PGM5F8CL,2026/05/31,2026/07/05,2026/06/08,６階病棟,６１５,循環器内科,,,
443,P-NG5XBPD9,2026/06/03,2026/07/19,2026/06/09,５階病棟,５０６,循環器内科,,,
444,P-P9JA6BGA,2026/06/02,2026/06/28,2026/06/11,３階病棟,３０２,脳神経内科,,,
445,P-KNHUCVJ8,2026/05/25,,2026/06/06,５階病棟,５０５,脳神経外科,,,
446,P-FRVUDU8L,2026/05/30,,2026/06/10,SCU病棟,３１１,脳神経外科,,,
447,P-RASWJJ54,2026/05/27,2026/06/11,2026/06/06,３階病棟,３１５,脳神経外科,,,
448,P-P3DUJJS9,2026/05/30,,2026/06/07,５階病棟,５０２,脳神経内科,,,
449,P-63CU8BM2,2026/06/05,2026/06/12,2026/06/11,３階病棟,３０８,脳神経内科,,,
450,P-Q7XHHFRC,2026/06/05,,2026/06/09,SCU病棟,３１２,脳神経外科,2026/06/09,身体拘束を実施,実施
451,P-QA9CLGZ8,2026/06/03,,2026/06/07,SCU病棟,３１１,脳神経外科,,,
452,P-Z7X6PSA8,2026/06/09,,2026/06/11,３階病棟,３０６,脳神経内科,,,
453,P-KCEB9CZT,2026/06/09,2026/07/16,2026/06/10,３階病棟,３０３,脳神経外科,,,
454,P-2W3PNWW3,2026/05/15,2026/06/08,2026/06/06,４階病棟,４０７,脳神経内科,,,
455,P-MR3E4QTT,2026/05/16,2026/06/12,2026/06/07,６階病棟,６３０,脳神経内科,,,
456,P-BUBRA8WU,2026/05/26,2026/06/27,2026/06/09,４階病棟,４０６,脳神経内科,,,
457,P-RLFFJ4J7,2026/05/28,,2026/06/06,５階病棟,５０２,内科,,,
458,P-4T3Z3EE4,2026/06/07,2026/06/13,2026/06/09,３階病棟,３０３,脳神経内科,,,
459,P-XMWXWLBS,2026/05/18,2026/06/24,2026/06/12,６階病棟,６０５,内科,,,
460,P-RGAUN7PT,2026/06/03,2026/06/18,2026/06/09,SCU病棟,３１１,脳神経外科,,,
461,P-264QMKVX,2026/01/18,,2026/06/12,４階病棟,４０３,脳神経内科,,,
462,P-ZDDL4JQ7,2026/06/01,,2026/06/11,３階病棟,３０８,脳神経内科,,,
463,P-JG4UMH49,2026/04/24,2026/06/18,2026/06/04,５階病棟,５１０,循環器内科,,,
464,P-PA3GM3FN,2026/06/10,2026/06/11,2026/06/11,３階病棟,３０５,脳神経外科,,,
465,P-MBYUPNNQ,2026/06/06,,2026/06/07,６階病棟,６１７,循環器内科,,,
466,P-S557P22S,2026/05/26,2026/07/08,2026/06/07,４階病棟,４２７,脳神経内科,,,
467,P-H8AWL65J,2026/06/01,2026/06/24,2026/06/07,４階病棟,４０１,脳神経内科,,,
468,P-WZV6ZT5X,2026/06/04,2026/07/21,2026/06/08,SCU病棟,３１３,脳神経外科,,,
469,P-ZBSUPLYU,2026/06/05,2026/06/12,2026/06/06,３階病棟,３０１,脳神経外科,,,
470,P-XDVX7KNB,2026/05/30,,2026/06/09,３階病棟,３１８,脳神経外科,,,
471,P-5BP5FJQE,2026/04/08,2026/06/17,2026/06/11,５階病棟,５１６,脳神経外科,,,
472,P-UJKMA9BE,2022/09/03,,2026/06/06,４階病棟,４２３,脳神経内科,,,
473,P-F4XH8LYH,2026/04/02,2026/06/14,2026/06/05,６階病棟,６２６,循環器内科,,,
474,P-3A4EKNWW,2026/05/28,2026/06/10,2026/06/05,４階病棟,４０３,脳神経内科,,,
475,P-BY53KL5G,2026/05/24,2026/07/10,2026/06/05,６階病棟,６２７,脳神経外科,,,
476,P-L7CQ9ZLD,2026/04/06,2026/07/14,2026/06/08,５階病棟,５０５,脳神経外科,,,
477,P-J7EDSM5F,2026/05/22,2026/07/10,2026/06/04,６階病棟,６１１,内科,,,
478,P-FVKAVH46,2026/06/06,2026/06/17,2026/06/10,４階病棟,４１１,脳神経内科,,,
479,P-FYNX36CL,2026/05/24,,2026/06/12,５階病棟,５０７,脳神経外科,,,
480,P-958QHDHK,2026/05/13,2026/06/22,2026/06/09,６階病棟,６３２,脳神経外科,,,
481,P-43YLAWKA,2026/06/08,,2026/06/10,３階病棟,３０７,脳神経内科,,,
482,P-MQ5CUJVB,2026/05/05,2026/07/09,2026/06/12,３階病棟,３０１,脳神経外科,,,
483,P-YBP8ZN8A,2026/06/10,2026/07/07,2026/06/11,３階病棟,３１０,脳神経内科,,,
484,P-NB76W8MK,2026/04/03,2026/06/20,2026/06/04,５階病棟,５１２,内科,,,
485,P-9VNG74DK,2026/05/24,2026/07/01,2026/06/04,６階病棟,６１２,脳神経内科,,,
486,P-ZYFXXXL2,2026/04/27,2026/06/08,2026/06/06,４階病棟,４１５,脳神経内科,,,
487,P-TYALD3JU,2026/05/21,2026/06/20,2026/06/07,６階病棟,６０６,循環器内科,,,
488,P-SSRKXMZA,2026/03/25,2026/06/28,2026/06/08,４階病棟,４１７,内科,,,
489,P-Q3RYGKUB,2026/05/28,,2026/06/09,３階病棟,３０７,脳神経外科,,,
490,P-XQ9FTQMK,2026/05/19,2026/07/05,2026/06/08,４階病棟,４０２,脳神経内科,2026/06/08,身体拘束を実施,実施
491,P-WHQE2T7J,2026/05/21,2026/06/11,2026/06/06,６階病棟,６０２,循環器内科,,,
492,P-89LXNBM2,2026/05/31,2026/06/14,2026/06/08,４階病棟,４０６,脳神経内科,,,
493,P-UZGRBKFN,2026/02/18,2026/07/11,2026/06/08,４階病棟,４０７,脳神経内科,,,
494,P-8R47U8UJ,2026/05/29,2026/06/23,2026/06/04,３階病棟,３０２,脳神経内科,,,
495,P-HQMDH9PL,2026/04/27,2026/06/09,2026/06/08,６階病棟,６１０,脳神経内科,,,
496,P-FHEK4X5W,2026/04/28,2026/06/28,2026/06/06,４階病棟,４１０,脳神経内科,,,
497,P-HNS3KKYW,2026/04/07,2026/07/12,2026/06/06,６階病棟,６３１,脳神経外科,,,
498,P-Q5739XEB,2025/10/23,,2026/06/10,４階病棟,４１３,脳神経内科,,,
499,P-SENEPS2K,2026/06/04,2026/06/12,2026/06/11,３階病棟,３０１,脳神経外科,,,
500,P-7SRS6V8G,2026/02/15,,2026/06/10,４階病棟,４１２,脳神経内科,,,
501,P-NX26W8CL,2026/06/06,2026/06/22,2026/06/10,４階病棟,４０５,脳神経内科,,,
502,P-XH4LCMMU,2026/03/18,2026/07/07,2026/06/10,６階病棟,６１３,脳神経内科,,,
503,P-YWP42CH5,2026/06/03,2026/06/17,2026/06/08,４階病棟,４０７,脳神経内科,,,
504,P-MXUEQ3MU,2025/09/28,2026/06/11,2026/06/05,４階病棟,４０２,脳神経内科,,,
505,P-LPLGSMLC,2026/06/11,2026/07/29,2026/06/11,SCU病棟,３１２,脳神経内科,,,
506,P-EHH2HXGP,2026/05/11,2026/07/04,2026/06/06,６階病棟,６０１,脳神経内科,,,
507,P-4HVFT76N,2026/05/19,2026/06/15,2026/06/08,４階病棟,４１３,脳神経内科,,,
508,P-4HVQFVSG,2026/02/18,2026/06/23,2026/06/11,５階病棟,５１５,脳神経外科,,,
509,P-KS9ZH5F7,2026/01/22,2026/06/18,2026/06/10,６階病棟,６２２,脳神経内科,,,
510,P-5G6XJPAT,2026/06/03,2026/06/18,2026/06/04,４階病棟,４０１,脳神経内科,,,
511,P-RQ63KZQH,2026/03/21,,2026/06/11,４階病棟,４０１,脳神経内科,,,
512,P-9GK2FA9F,2026/03/17,2026/06/26,2026/06/11,６階病棟,６３２,循環器内科,,,
513,P-YH4WSDBT,2026/03/20,2026/06/14,2026/06/09,６階病棟,６２５,脳神経外科,,,
514,P-RFP9Q5YQ,2026/05/31,2026/06/12,2026/06/10,３階病棟,３０６,脳神経外科,,,
515,P-5QLXKGY4,2026/04/03,2026/06/30,2026/06/11,６階病棟,６１５,循環器内科,,,
516,P-AYF54V8M,2026/06/07,2026/06/09,2026/06/07,３階病棟,３０６,脳神経内科,,,
517,P-J9SAK26J,2026/04/02,2026/07/06,2026/06/10,５階病棟,５１３,脳神経外科,,,
518,P-88CJ95J4,2026/04/02,2026/07/12,2026/06/08,５階病棟,５０７,脳神経外科,,,
519,P-GXKYUHCB,2026/04/13,2026/06/21,2026/06/09,５階病棟,５０６,脳神経外科,,,
520,P-YWPY9DLJ,2026/04/14,2026/06/05,2026/06/04,６階病棟,６２８,脳神経内科,,,
521,P-2KDBSUG7,2026/04/23,,2026/06/10,５階病棟,５０５,循環器内科,,,
522,P-DGFC3A83,2026/04/22,2026/06/30,2026/06/09,６階病棟,６０３,脳神経内科,,,
523,P-CJE2Q7EY,2026/04/27,2026/07/20,2026/06/08,６階病棟,６３１,内科,,,
524,P-QTAWXJ2A,2026/04/29,2026/07/13,2026/06/09,６階病棟,６２０,脳神経内科,,,
525,P-JG4UMH49,2026/04/24,2026/06/18,2026/06/05,５階病棟,５１０,循環器内科,,,
526,P-C6QWAJHW,2026/05/23,,2026/06/08,６階病棟,６１６,脳神経外科,,,
527,P-DBUG4MQ9,2026/06/03,2026/06/17,2026/06/11,４階病棟,４２１,脳神経内科,,,
528,P-N2ULXTZF,2026/04/30,2026/06/18,2026/06/11,６階病棟,６１８,循環器内科,,,
529,P-S557P22S,2026/05/26,2026/07/08,2026/06/08,４階病棟,４２７,脳神経内科,,,
530,P-M7EF3ZQ3,2026/04/01,2026/07/01,2026/06/12,５階病棟,５０５,脳神経外科,,,
531,P-BLTWSTFX,2026/05/22,2026/07/04,2026/06/05,３階病棟,３０８,脳神経外科,2026/06/05,身体拘束を実施,実施
532,P-XDVX7KNB,2026/05/30,,2026/06/10,３階病棟,３１８,脳神経外科,,,
533,P-E7FB9RVR,2026/06/05,2026/06/19,2026/06/07,４階病棟,４０３,脳神経内科,,,
534,P-JT8HY6Z3,2026/05/23,,2026/06/06,５階病棟,５１５,脳神経外科,,,
535,P-T9YENPYQ,2026/04/18,2026/06/12,2026/06/06,６階病棟,６１３,脳神経内科,,,
536,P-F4XH8LYH,2026/04/02,2026/06/14,2026/06/06,６階病棟,６２６,循環器内科,,,
537,P-3A4EKNWW,2026/05/28,2026/06/10,2026/06/06,４階病棟,４０３,脳神経内科,,,
538,P-3MZT267S,2026/05/31,2026/06/14,2026/06/13,４階病棟,４０５,脳神経内科,,,
539,P-L7CQ9ZLD,2026/04/06,2026/07/14,2026/06/09,５階病棟,５０５,脳神経外科,,,
540,P-L2E7TUVD,2026/05/08,2026/07/08,2026/06/13,３階病棟,３１０,脳神経外科,2026/06/13,身体拘束を実施,実施
541,P-XEN4DTJX,2026/05/08,2026/06/15,2026/06/10,６階病棟,６０８,脳神経外科,,,
542,P-QRLNG3VJ,2026/05/25,2026/06/11,2026/06/08,４階病棟,４２６,脳神経内科,,,
543,P-SSJFM3K2,2026/05/23,2026/06/23,2026/06/08,４階病棟,４２２,脳神経内科,,,
544,P-YBP8ZN8A,2026/06/10,2026/07/07,2026/06/12,３階病棟,３１０,脳神経内科,,,
545,P-NB76W8MK,2026/04/03,2026/06/20,2026/06/05,５階病棟,５１２,内科,,,
546,P-JW42BC2V,2026/05/03,2026/06/23,2026/06/10,４階病棟,４１６,脳神経内科,,,
547,P-XUWTTGVW,2026/06/10,2026/06/18,2026/06/12,３階病棟,３０６,脳神経内科,,,
548,P-7B33BTR6,2026/05/08,,2026/06/09,５階病棟,５０８,脳神経外科,,,
549,P-2VN3QZLN,2026/06/01,,2026/06/08,６階病棟,６０２,内科,,,
550,P-8UBG4CB4,2026/06/06,,2026/06/09,SCU病棟,３１２,脳神経外科,,,
551,P-ZR6TRZBZ,2026/05/28,2026/06/13,2026/06/06,６階病棟,６０８,脳神経外科,,,
552,P-SSRKXMZA,2026/03/25,2026/06/28,2026/06/09,４階病棟,４１７,内科,,,
553,P-Q3RYGKUB,2026/05/28,,2026/06/10,６階病棟,６２８,脳神経外科,,,
554,P-DX69WEE9,2026/06/02,2026/06/17,2026/06/10,４階病棟,４０６,脳神経内科,,,
555,P-RNCPTRHN,2026/05/29,2026/06/19,2026/06/13,６階病棟,６０１,内科,,,
556,P-YF2RUWN9,2026/04/26,,2026/06/05,５階病棟,５１１,脳神経外科,,,
557,P-89LXNBM2,2026/05/31,2026/06/14,2026/06/09,４階病棟,４０６,脳神経内科,,,
558,P-GAJ3G4KJ,2026/05/15,2026/06/13,2026/06/11,４階病棟,４０２,脳神経内科,,,
559,P-UZGRBKFN,2026/02/18,2026/07/11,2026/06/09,４階病棟,４０７,脳神経内科,,,
560,P-7JYPCEL5,2026/04/30,,2026/06/08,５階病棟,５１０,脳神経外科,,,
561,P-5HCTHG3Q,2026/05/09,2026/07/03,2026/06/05,４階病棟,４１２,脳神経内科,,,
562,P-AUCL6D98,2026/06/09,2026/06/23,2026/06/09,４階病棟,４１６,脳神経内科,,,
563,P-4CFX2Z72,2026/05/20,,2026/06/09,３階病棟,３１６,脳神経外科,2026/06/09,身体拘束を実施,実施
564,P-CPFFY9DR,2026/05/29,2026/06/12,2026/06/05,４階病棟,４０５,脳神経内科,,,
565,P-TRXUJ8H2,2026/06/10,,2026/06/10,３階病棟,３０７,脳神経内科,,,
566,P-FQ8VKD69,2025/05/18,,2026/06/10,４階病棟,４０３,脳神経内科,,,
567,P-UQC79P8L,2026/05/03,2026/06/10,2026/06/10,４階病棟,４１８,脳神経内科,,,
568,P-D6S2Y8MJ,2025/09/12,,2026/06/11,４階病棟,４０１,脳神経内科,,,
569,P-SRGP6FR5,2026/06/01,2026/06/17,2026/06/11,４階病棟,４２０,脳神経内科,,,
570,P-HN467RGB,2026/05/14,2026/07/09,2026/06/06,６階病棟,６３０,脳神経外科,,,
571,P-2SJ3X7KJ,2026/03/27,2026/06/12,2026/06/07,４階病棟,４０８,循環器内科,,,
572,P-Y58VWXA6,2026/02/03,2026/06/16,2026/06/10,５階病棟,５１５,脳神経外科,,,
573,P-9GK2FA9F,2026/03/17,2026/06/26,2026/06/12,６階病棟,６３２,循環器内科,,,
574,P-QASYWK6J,2026/03/12,2026/06/19,2026/06/05,５階病棟,５１５,内科,,,
575,P-ZE6DW3BU,2026/03/21,2026/07/03,2026/06/11,６階病棟,６２８,脳神経外科,,,
576,P-JKJB8UQP,2026/03/28,2026/07/11,2026/06/06,５階病棟,５０２,脳神経外科,,,
577,P-88CJ95J4,2026/04/02,2026/07/12,2026/06/09,５階病棟,５０７,脳神経外科,,,
578,P-M56ADQ2G,2026/04/01,2026/06/13,2026/06/08,５階病棟,５１１,脳神経外科,,,
579,P-BXBCL2UN,2026/04/01,2026/06/25,2026/06/05,５階病棟,５０７,内科,,,
580,P-HD77KEJN,2026/04/12,,2026/06/11,５階病棟,５０７,脳神経外科,,,
581,P-R5QX9CY9,2026/04/13,2026/07/18,2026/06/08,５階病棟,５１０,脳神経外科,,,
582,P-YWPY9DLJ,2026/04/14,2026/06/05,2026/06/05,６階病棟,６２８,脳神経内科,,,
583,P-KTTGC92J,2026/06/03,2026/06/28,2026/06/13,５階病棟,５０２,脳神経外科,,,
584,P-WYJB8EDV,2026/04/18,2026/06/19,2026/06/08,５階病棟,５０３,脳神経内科,,,
585,P-CRFFUVHT,2026/04/24,2026/07/04,2026/06/11,５階病棟,５１７,脳神経外科,,,
586,P-FW2B3NYL,2026/04/25,2026/06/23,2026/06/08,６階病棟,６１６,脳神経内科,,,
587,P-QTAWXJ2A,2026/04/29,2026/07/13,2026/06/10,６階病棟,６２０,脳神経内科,,,
588,P-BPLZP94F,2026/05/04,2026/07/16,2026/06/12,５階病棟,５０１,脳神経内科,,,
589,P-34H9XHK6,2026/05/05,2026/07/20,2026/06/09,５階病棟,５０３,脳神経外科,,,
590,P-3PJWA3R5,2026/05/01,2026/06/23,2026/06/10,６階病棟,６１２,脳神経外科,,,
591,P-NMGEMTL7,2026/06/05,2026/06/09,2026/06/06,３階病棟,３１７,脳神経外科,,,
592,P-34H9XHK6,2026/05/05,2026/07/20,2026/06/08,５階病棟,５０３,脳神経外科,,,
593,P-PSSUS4NV,2026/05/02,,2026/06/04,５階病棟,５１６,脳神経内科,,,
594,P-7YBAR46Z,2026/05/14,2026/07/11,2026/06/12,５階病棟,５１６,脳神経外科,,,
595,P-GNYCQPED,2026/05/20,2026/07/24,2026/06/11,５階病棟,５１０,循環器内科,,,
596,P-Z8ECM7UN,2026/05/11,2026/07/02,2026/06/06,６階病棟,６２０,脳神経外科,,,
597,P-V8PBLRG2,2026/05/20,2026/07/19,2026/06/08,４階病棟,４１１,脳神経内科,,,
598,P-HQAKQM5L,2026/05/18,,2026/06/08,５階病棟,５１６,脳神経内科,,,
599,P-UZULGRN8,2026/05/27,2026/07/04,2026/06/11,６階病棟,６１０,内科,,,
600,P-UXGS7PH3,2026/05/27,2026/07/02,2026/06/10,６階病棟,６０６,内科,,,
601,P-GS7DE2PY,2026/05/28,,2026/06/04,５階病棟,５０１,内科,,,
602,P-2RLTWN27,2026/05/27,,2026/06/08,３階病棟,３０２,脳神経外科,,,
603,P-65U745M2,2026/05/31,,2026/06/09,６階病棟,６０３,循環器内科,,,
604,P-XKCS8WSM,2026/05/27,2026/06/26,2026/06/07,６階病棟,６０７,脳神経内科,,,
605,P-MEJ46ZLM,2026/05/30,2026/07/16,2026/06/05,３階病棟,３１０,脳神経内科,,,
606,P-NS37UG7R,2026/06/05,,2026/06/11,３階病棟,３０２,脳神経内科,,,
607,P-2HDGCB4N,2026/06/06,2026/06/14,2026/06/11,３階病棟,３０５,脳神経外科,,,
608,P-MCGWF5K2,2026/06/07,,2026/06/11,SCU病棟,３１１,脳神経内科,,,
609,P-FPPNYD6K,2026/05/31,2026/06/09,2026/06/04,３階病棟,３０１,脳神経内科,,,
610,P-464LW952,2026/06/10,,2026/06/12,SCU病棟,３１２,脳神経内科,,,
611,P-SB3UWL7C,2026/06/10,,2026/06/11,５階病棟,５０８,内科,,,
612,P-U4VP3T3P,2026/05/17,2026/07/17,2026/06/07,６階病棟,６２６,循環器内科,,,
613,P-KFWXZQ6F,2026/06/07,2026/06/22,2026/06/13,４階病棟,４０５,脳神経内科,,,
614,P-U5VAEQ8F,2017/11/18,,2026/06/05,４階病棟,４０８,脳神経内科,,,
615,P-SGRMFYFA,2026/05/29,2026/06/17,2026/06/08,３階病棟,３０８,脳神経内科,,,
616,P-QMY3AVRH,2019/11/11,,2026/06/10,４階病棟,４１５,脳神経内科,,,
617,P-N9XJLE2C,2026/06/01,2026/06/15,2026/06/11,４階病棟,４１０,脳神経内科,,,
618,P-8EPZ5WR5,2026/05/09,2026/07/19,2026/06/12,６階病棟,６１８,脳神経内科,,,
619,P-XMWXWLBS,2026/05/18,2026/06/24,2026/06/13,６階病棟,６０５,内科,,,
620,P-RGAUN7PT,2026/06/03,2026/06/18,2026/06/10,SCU病棟,３１１,脳神経外科,,,
621,P-264QMKVX,2026/01/18,,2026/06/13,４階病棟,４０３,脳神経内科,,,
622,P-ZDDL4JQ7,2026/06/01,,2026/06/12,３階病棟,３０８,脳神経内科,,,
623,P-7Z7EG8JS,2026/05/26,2026/07/11,2026/06/05,６階病棟,６２１,内科,,,
624,P-MBYUPNNQ,2026/06/06,,2026/06/08,６階病棟,６１７,循環器内科,,,
625,P-H8AWL65J,2026/06/01,2026/06/24,2026/06/08,４階病棟,４０１,脳神経内科,,,
626,P-WZV6ZT5X,2026/06/04,2026/07/21,2026/06/09,SCU病棟,３１３,脳神経外科,,,
627,P-WDW992JT,2026/04/23,2026/06/19,2026/06/07,５階病棟,５１１,脳神経外科,,,
628,P-ZBSUPLYU,2026/06/05,2026/06/12,2026/06/07,３階病棟,３０１,脳神経外科,,,
629,P-5BP5FJQE,2026/04/08,2026/06/17,2026/06/12,５階病棟,５１６,脳神経外科,,,
630,P-9HNKYX8P,2026/05/27,2026/07/21,2026/06/12,６階病棟,６０５,脳神経外科,,,
631,P-UJKMA9BE,2022/09/03,,2026/06/07,４階病棟,４２３,脳神経内科,,,
632,P-BY53KL5G,2026/05/24,2026/07/10,2026/06/06,６階病棟,６２７,脳神経外科,,,
633,P-CRZ26M2E,2026/05/22,2026/06/09,2026/06/05,５階病棟,５１７,循環器内科,,,
634,P-J7EDSM5F,2026/05/22,2026/07/10,2026/06/05,６階病棟,６１１,内科,,,
635,P-FVKAVH46,2026/06/06,2026/06/17,2026/06/11,４階病棟,４１１,脳神経内科,,,
636,P-FYNX36CL,2026/05/24,,2026/06/13,５階病棟,５０７,脳神経外科,,,
637,P-958QHDHK,2026/05/13,2026/06/22,2026/06/10,６階病棟,６３２,脳神経外科,,,
638,P-43YLAWKA,2026/06/08,,2026/06/11,３階病棟,３０８,脳神経内科,,,
639,P-MQ5CUJVB,2026/05/05,2026/07/09,2026/06/13,３階病棟,３０１,脳神経外科,,,
640,P-9VNG74DK,2026/05/24,2026/07/01,2026/06/05,６階病棟,６１２,脳神経内科,,,
641,P-SPPSV2B6,2026/06/06,2026/06/15,2026/06/10,３階病棟,３０７,脳神経外科,,,
642,P-ZYFXXXL2,2026/04/27,2026/06/08,2026/06/07,４階病棟,４１５,脳神経内科,,,
643,P-6MNL95A3,2026/06/11,2026/07/02,2026/06/12,６階病棟,６２３,内科,,,
644,P-K8CCXYEH,2026/04/10,2026/06/09,2026/06/07,５階病棟,５０８,脳神経外科,,,
645,P-TYALD3JU,2026/05/21,2026/06/20,2026/06/08,６階病棟,６０６,循環器内科,,,
646,P-8LEJKANV,2026/04/12,2026/07/01,2026/06/09,６階病棟,６１７,脳神経外科,,,
647,P-XQ9FTQMK,2026/05/19,2026/07/05,2026/06/09,４階病棟,４０２,脳神経内科,2026/06/09,身体拘束を実施,実施
648,P-WHQE2T7J,2026/05/21,2026/06/11,2026/06/07,６階病棟,６０２,循環器内科,,,
649,P-G8JHVDNN,2026/06/09,2026/06/16,2026/06/11,６階病棟,６０７,内科,,,
650,P-8R47U8UJ,2026/05/29,2026/06/23,2026/06/05,３階病棟,３０２,脳神経内科,,,
651,P-HQMDH9PL,2026/04/27,2026/06/09,2026/06/09,６階病棟,６１０,脳神経内科,,,
652,P-FHEK4X5W,2026/04/28,2026/06/28,2026/06/07,４階病棟,４１０,脳神経内科,,,
653,P-HNS3KKYW,2026/04/07,2026/07/12,2026/06/07,６階病棟,６３１,脳神経外科,,,
654,P-Q5739XEB,2025/10/23,,2026/06/11,４階病棟,４１３,脳神経内科,,,
655,P-SENEPS2K,2026/06/04,2026/06/12,2026/06/12,３階病棟,３０１,脳神経外科,,,
656,P-G5SUQTSM,2026/05/14,,2026/06/13,５階病棟,５１７,脳神経内科,,,
657,P-TGLTQNDM,2026/05/11,2026/07/25,2026/06/08,５階病棟,５１１,脳神経内科,,,
658,P-Z8ECM7UN,2026/05/11,2026/07/02,2026/06/07,６階病棟,６２０,脳神経外科,,,
659,P-4RYDU2GT,2026/05/19,2026/06/19,2026/06/10,５階病棟,５０８,内科,,,
660,P-HQAKQM5L,2026/05/18,,2026/06/09,５階病棟,５１６,脳神経内科,,,
661,P-AW7N5EL4,2026/05/24,2026/06/22,2026/06/09,５階病棟,５０１,循環器内科,2026/06/09,身体拘束を実施,実施
662,P-PGM5F8CL,2026/05/31,2026/07/05,2026/06/09,６階病棟,６１５,循環器内科,,,
663,P-GS7DE2PY,2026/05/28,,2026/06/05,５階病棟,５０１,内科,,,
664,P-P9JA6BGA,2026/06/02,2026/06/28,2026/06/12,３階病棟,３０２,脳神経内科,,,
665,P-FRVUDU8L,2026/05/30,,2026/06/11,３階病棟,３０１,脳神経外科,,,
666,P-RASWJJ54,2026/05/27,2026/06/11,2026/06/07,３階病棟,３１５,脳神経外科,,,
667,P-NS37UG7R,2026/06/05,,2026/06/12,３階病棟,３０２,脳神経内科,,,
668,P-63CU8BM2,2026/06/05,2026/06/12,2026/06/12,３階病棟,３０８,脳神経内科,,,
669,P-QA9CLGZ8,2026/06/03,,2026/06/08,SCU病棟,３１１,脳神経外科,,,
670,P-464LW952,2026/06/10,,2026/06/13,SCU病棟,３１２,脳神経内科,,,
671,P-Z7X6PSA8,2026/06/09,,2026/06/12,３階病棟,３０６,脳神経内科,,,
672,P-KCEB9CZT,2026/06/09,2026/07/16,2026/06/11,３階病棟,３０３,脳神経外科,,,
673,P-U4VP3T3P,2026/05/17,2026/07/17,2026/06/08,６階病棟,６２６,循環器内科,,,
674,P-2W3PNWW3,2026/05/15,2026/06/08,2026/06/07,４階病棟,４０７,脳神経内科,,,
675,P-U5VAEQ8F,2017/11/18,,2026/06/06,４階病棟,４０８,脳神経内科,,,
676,P-SGRMFYFA,2026/05/29,2026/06/17,2026/06/09,３階病棟,３０８,脳神経内科,,,
677,P-BUBRA8WU,2026/05/26,2026/06/27,2026/06/10,４階病棟,４０６,脳神経内科,,,
678,P-RLFFJ4J7,2026/05/28,,2026/06/07,５階病棟,５０５,内科,,,
679,P-XMWXWLBS,2026/05/18,2026/06/24,2026/06/14,６階病棟,６０５,内科,,,
680,P-4T3Z3EE4,2026/06/07,2026/06/13,2026/06/10,３階病棟,３０３,脳神経内科,,,
681,P-RGAUN7PT,2026/06/03,2026/06/18,2026/06/11,SCU病棟,３１１,脳神経外科,,,
682,P-ZDDL4JQ7,2026/06/01,,2026/06/13,５階病棟,５０２,脳神経内科,,,
683,P-JG4UMH49,2026/04/24,2026/06/18,2026/06/06,４階病棟,４１５,循環器内科,,,
684,P-MBYUPNNQ,2026/06/06,,2026/06/09,６階病棟,６１７,循環器内科,,,
685,P-S557P22S,2026/05/26,2026/07/08,2026/06/09,４階病棟,４２７,脳神経内科,,,
686,P-H8AWL65J,2026/06/01,2026/06/24,2026/06/09,４階病棟,４０１,脳神経内科,,,
687,P-WZV6ZT5X,2026/06/04,2026/07/21,2026/06/10,SCU病棟,３１３,脳神経外科,,,
688,P-M7EF3ZQ3,2026/04/01,2026/07/01,2026/06/13,５階病棟,５０５,脳神経外科,,,
689,P-BLTWSTFX,2026/05/22,2026/07/04,2026/06/06,３階病棟,３０８,脳神経外科,2026/06/06,身体拘束を実施,実施
690,P-XDVX7KNB,2026/05/30,,2026/06/11,３階病棟,３１８,脳神経外科,,,
691,P-5BP5FJQE,2026/04/08,2026/06/17,2026/06/13,５階病棟,５１６,脳神経外科,,,
692,P-F4XH8LYH,2026/04/02,2026/06/14,2026/06/07,６階病棟,６２６,循環器内科,,,
693,P-3A4EKNWW,2026/05/28,2026/06/10,2026/06/07,４階病棟,４０３,脳神経内科,,,
694,P-BY53KL5G,2026/05/24,2026/07/10,2026/06/07,６階病棟,６２７,脳神経外科,,,
695,P-L7CQ9ZLD,2026/04/06,2026/07/14,2026/06/10,５階病棟,５０６,脳神経外科,,,
696,P-L2E7TUVD,2026/05/08,2026/07/08,2026/06/14,３階病棟,３１０,脳神経外科,2026/06/14,身体拘束を実施,実施
697,P-958QHDHK,2026/05/13,2026/06/22,2026/06/11,６階病棟,６３２,脳神経外科,,,
698,P-XEN4DTJX,2026/05/08,2026/06/15,2026/06/11,６階病棟,６０８,脳神経外科,,,
699,P-43YLAWKA,2026/06/08,,2026/06/12,３階病棟,３０８,脳神経内科,,,
700,P-SSJFM3K2,2026/05/23,2026/06/23,2026/06/09,４階病棟,４２２,脳神経内科,,,
701,P-YBP8ZN8A,2026/06/10,2026/07/07,2026/06/13,３階病棟,３０７,脳神経内科,,,
702,P-NB76W8MK,2026/04/03,2026/06/20,2026/06/06,５階病棟,５１２,内科,,,
703,P-9VNG74DK,2026/05/24,2026/07/01,2026/06/06,６階病棟,６１２,脳神経内科,,,
704,P-JW42BC2V,2026/05/03,2026/06/23,2026/06/11,４階病棟,４１６,脳神経内科,,,
705,P-DSGFMK4H,2026/06/13,,2026/06/13,３階病棟,３０２,脳神経外科,,,
706,P-XUWTTGVW,2026/06/10,2026/06/18,2026/06/13,３階病棟,３０６,脳神経内科,,,
707,P-7B33BTR6,2026/05/08,,2026/06/10,５階病棟,５０８,脳神経外科,,,
708,P-2VN3QZLN,2026/06/01,,2026/06/09,６階病棟,６０２,内科,,,
709,P-8UBG4CB4,2026/06/06,,2026/06/10,SCU病棟,３１２,脳神経外科,,,
710,P-ZR6TRZBZ,2026/05/28,2026/06/13,2026/06/07,６階病棟,６０８,脳神経外科,,,
711,P-SSRKXMZA,2026/03/25,2026/06/28,2026/06/10,４階病棟,４１７,内科,,,
712,P-Q3RYGKUB,2026/05/28,,2026/06/11,６階病棟,６２８,脳神経外科,,,
713,P-UDQ2UE4W,2026/06/12,2026/06/19,2026/06/12,３階病棟,３１０,脳神経外科,,,
714,P-RNCPTRHN,2026/05/29,2026/06/19,2026/06/14,６階病棟,６０１,内科,,,
715,P-YF2RUWN9,2026/04/26,,2026/06/06,５階病棟,５１１,脳神経外科,,,
716,P-WHQE2T7J,2026/05/21,2026/06/11,2026/06/08,６階病棟,６０２,循環器内科,,,
717,P-89LXNBM2,2026/05/31,2026/06/14,2026/06/10,４階病棟,４０６,脳神経内科,,,
718,P-UZGRBKFN,2026/02/18,2026/07/11,2026/06/10,４階病棟,４０７,脳神経内科,,,
719,P-7JYPCEL5,2026/04/30,,2026/06/09,５階病棟,５１０,脳神経外科,,,
720,P-5HCTHG3Q,2026/05/09,2026/07/03,2026/06/06,４階病棟,４１２,脳神経内科,,,
721,P-7SRS6V8G,2026/02/15,,2026/06/11,４階病棟,４１２,脳神経内科,,,
722,P-AWCP25AL,2026/02/27,2026/06/15,2026/06/08,５階病棟,５０３,脳神経外科,,,
723,P-NX26W8CL,2026/06/06,2026/06/22,2026/06/11,４階病棟,４０５,脳神経内科,,,
724,P-XH4LCMMU,2026/03/18,2026/07/07,2026/06/11,６階病棟,６１３,脳神経内科,,,
725,P-YWP42CH5,2026/06/03,2026/06/17,2026/06/09,４階病棟,４０７,脳神経内科,,,
726,P-MXUEQ3MU,2025/09/28,2026/06/11,2026/06/06,４階病棟,４０２,脳神経内科,,,
727,P-LPLGSMLC,2026/06/11,2026/07/29,2026/06/12,SCU病棟,３１１,脳神経内科,,,
728,P-69TLMF4N,2026/04/23,2026/06/21,2026/06/12,４階病棟,４０２,脳神経外科,,,
729,P-EHH2HXGP,2026/05/11,2026/07/04,2026/06/07,６階病棟,６０１,脳神経内科,,,
730,P-FLLCGAF8,2026/06/06,2026/06/21,2026/06/09,４階病棟,４０６,脳神経内科,,,
731,P-4HVFT76N,2026/05/19,2026/06/15,2026/06/09,４階病棟,４１３,脳神経内科,,,
732,P-4HVQFVSG,2026/02/18,2026/06/23,2026/06/12,５階病棟,５１５,脳神経外科,,,
733,P-KS9ZH5F7,2026/01/22,2026/06/18,2026/06/11,６階病棟,６２２,脳神経内科,,,
734,P-5G6XJPAT,2026/06/03,2026/06/18,2026/06/05,４階病棟,４０１,脳神経内科,,,
735,P-RQ63KZQH,2026/03/21,,2026/06/12,４階病棟,４０１,脳神経内科,,,
736,P-YH4WSDBT,2026/03/20,2026/06/14,2026/06/10,６階病棟,６２５,脳神経外科,,,
737,P-RFP9Q5YQ,2026/05/31,2026/06/12,2026/06/11,３階病棟,３０６,脳神経外科,,,
738,P-5QLXKGY4,2026/04/03,2026/06/30,2026/06/12,６階病棟,６１５,循環器内科,,,
739,P-AYF54V8M,2026/06/07,2026/06/09,2026/06/08,３階病棟,３０６,脳神経内科,,,
740,P-J9SAK26J,2026/04/02,2026/07/06,2026/06/11,５階病棟,５１３,脳神経外科,,,
741,P-GXKYUHCB,2026/04/13,2026/06/21,2026/06/10,５階病棟,５０６,脳神経外科,,,
742,P-2KDBSUG7,2026/04/23,,2026/06/11,５階病棟,５０５,循環器内科,,,
743,P-DGFC3A83,2026/04/22,2026/06/30,2026/06/10,６階病棟,６０３,脳神経内科,,,
744,P-CJE2Q7EY,2026/04/27,2026/07/20,2026/06/09,６階病棟,６３１,内科,,,
745,P-PJ578V6G,2026/05/01,2026/07/14,2026/06/08,５階病棟,５０１,循環器内科,,,
746,P-3PJWA3R5,2026/05/01,2026/06/23,2026/06/11,６階病棟,６１２,脳神経外科,,,
747,P-NMGEMTL7,2026/06/05,2026/06/09,2026/06/07,３階病棟,３０５,脳神経外科,,,
748,P-PSSUS4NV,2026/05/02,,2026/06/05,５階病棟,５１６,脳神経内科,,,
749,P-7YBAR46Z,2026/05/14,2026/07/11,2026/06/13,５階病棟,５１６,脳神経外科,,,
750,P-GNYCQPED,2026/05/20,2026/07/24,2026/06/12,５階病棟,５１０,循環器内科,,,
751,P-V8PBLRG2,2026/05/20,2026/07/19,2026/06/09,４階病棟,４１１,脳神経内科,,,
752,P-UZULGRN8,2026/05/27,2026/07/04,2026/06/12,６階病棟,６１０,内科,,,
753,P-UXGS7PH3,2026/05/27,2026/07/02,2026/06/11,６階病棟,６０６,内科,,,
754,P-NG5XBPD9,2026/06/03,2026/07/19,2026/06/10,５階病棟,５０６,循環器内科,,,
755,P-2RLTWN27,2026/05/27,,2026/06/09,６階病棟,６２７,脳神経外科,,,
756,P-KNHUCVJ8,2026/05/25,,2026/06/07,５階病棟,５０５,脳神経外科,,,
757,P-65U745M2,2026/05/31,,2026/06/10,６階病棟,６０３,循環器内科,,,
758,P-XKCS8WSM,2026/05/27,2026/06/26,2026/06/08,６階病棟,６０７,脳神経内科,,,
759,P-P3DUJJS9,2026/05/30,,2026/06/08,５階病棟,５０２,脳神経内科,,,
760,P-MEJ46ZLM,2026/05/30,2026/07/16,2026/06/06,３階病棟,３１０,脳神経内科,,,
761,P-2HDGCB4N,2026/06/06,2026/06/14,2026/06/12,３階病棟,３０５,脳神経外科,,,
762,P-MCGWF5K2,2026/06/07,,2026/06/12,SCU病棟,３１１,脳神経内科,,,
763,P-FPPNYD6K,2026/05/31,2026/06/09,2026/06/05,３階病棟,３０１,脳神経内科,,,
764,P-Q7XHHFRC,2026/06/05,,2026/06/10,SCU病棟,３１２,脳神経外科,,,
765,P-SB3UWL7C,2026/06/10,,2026/06/12,５階病棟,５０８,内科,,,
766,P-VQPSVGFV,2026/06/13,,2026/06/13,３階病棟,３０７,脳神経内科,,,
767,P-32NTAY8U,2026/06/06,2026/06/15,2026/06/06,SCU病棟,３１２,脳神経内科,,,
768,P-D94TUFJK,2026/06/13,2026/06/15,2026/06/13,３階病棟,３１０,脳神経外科,2026/06/13,身体拘束を実施,実施
769,P-KFWXZQ6F,2026/06/07,2026/06/22,2026/06/14,４階病棟,４０５,脳神経内科,,,
770,P-MR3E4QTT,2026/05/16,2026/06/12,2026/06/08,６階病棟,６３０,脳神経内科,,,
771,P-QMY3AVRH,2019/11/11,,2026/06/11,４階病棟,４１５,脳神経内科,,,
772,P-N9XJLE2C,2026/06/01,2026/06/15,2026/06/12,４階病棟,４１０,脳神経内科,,,
773,P-8EPZ5WR5,2026/05/09,2026/07/19,2026/06/13,６階病棟,６１８,脳神経内科,,,
774,P-264QMKVX,2026/01/18,,2026/06/14,４階病棟,４０３,脳神経内科,,,
775,P-C6QWAJHW,2026/05/23,,2026/06/09,６階病棟,６１６,脳神経外科,,,
776,P-DBUG4MQ9,2026/06/03,2026/06/17,2026/06/12,４階病棟,４２１,脳神経内科,,,
777,P-7Z7EG8JS,2026/05/26,2026/07/11,2026/06/06,６階病棟,６２１,内科,,,
778,P-N2ULXTZF,2026/04/30,2026/06/18,2026/06/12,６階病棟,６１８,循環器内科,,,
779,P-WDW992JT,2026/04/23,2026/06/19,2026/06/08,５階病棟,５１１,脳神経外科,,,
780,P-ZBSUPLYU,2026/06/05,2026/06/12,2026/06/08,３階病棟,３０１,脳神経外科,,,
781,P-E7FB9RVR,2026/06/05,2026/06/19,2026/06/08,４階病棟,４０３,脳神経内科,,,
782,P-JT8HY6Z3,2026/05/23,,2026/06/07,５階病棟,５１５,脳神経外科,,,
783,P-9HNKYX8P,2026/05/27,2026/07/21,2026/06/13,６階病棟,６０５,脳神経外科,,,
784,P-T9YENPYQ,2026/04/18,2026/06/12,2026/06/07,６階病棟,６１３,脳神経内科,,,
785,P-UJKMA9BE,2022/09/03,,2026/06/08,４階病棟,４２３,脳神経内科,,,
786,P-3MZT267S,2026/05/31,2026/06/14,2026/06/14,４階病棟,４０５,脳神経内科,,,
787,P-7SRS6V8G,2026/02/15,,2026/06/12,４階病棟,４１２,脳神経内科,,,
788,P-AUCL6D98,2026/06/09,2026/06/23,2026/06/10,４階病棟,４１６,脳神経内科,,,
789,P-4CFX2Z72,2026/05/20,,2026/06/10,３階病棟,３１６,脳神経外科,2026/06/10,身体拘束を実施,実施
790,P-MXUEQ3MU,2025/09/28,2026/06/11,2026/06/07,４階病棟,４０２,脳神経内科,,,
791,P-LPLGSMLC,2026/06/11,2026/07/29,2026/06/13,SCU病棟,３１１,脳神経内科,,,
792,P-EHH2HXGP,2026/05/11,2026/07/04,2026/06/08,６階病棟,６０１,脳神経内科,,,
793,P-HN467RGB,2026/05/14,2026/07/09,2026/06/07,６階病棟,６３０,脳神経外科,,,
794,P-Y58VWXA6,2026/02/03,2026/06/16,2026/06/11,５階病棟,５１５,脳神経外科,,,
795,P-9GK2FA9F,2026/03/17,2026/06/26,2026/06/13,６階病棟,６３２,循環器内科,,,
796,P-ZE6DW3BU,2026/03/21,2026/07/03,2026/06/12,６階病棟,６２８,脳神経外科,,,
797,P-J9SAK26J,2026/04/02,2026/07/06,2026/06/12,５階病棟,５１３,脳神経外科,,,
798,P-JKJB8UQP,2026/03/28,2026/07/11,2026/06/07,５階病棟,５０５,脳神経外科,,,
799,P-88CJ95J4,2026/04/02,2026/07/12,2026/06/10,５階病棟,５０７,脳神経外科,,,
800,P-HD77KEJN,2026/04/12,,2026/06/12,５階病棟,５０７,脳神経外科,,,
801,P-R5QX9CY9,2026/04/13,2026/07/18,2026/06/09,５階病棟,５１０,脳神経外科,,,
802,P-KTTGC92J,2026/06/03,2026/06/28,2026/06/14,５階病棟,５０２,脳神経外科,,,
803,P-2KDBSUG7,2026/04/23,,2026/06/12,５階病棟,５０６,循環器内科,,,
804,P-WYJB8EDV,2026/04/18,2026/06/19,2026/06/09,５階病棟,５０３,脳神経内科,,,
805,P-FW2B3NYL,2026/04/25,2026/06/23,2026/06/09,６階病棟,６１６,脳神経内科,,,
806,P-QTAWXJ2A,2026/04/29,2026/07/13,2026/06/11,６階病棟,６２０,脳神経内科,,,
807,P-3PJWA3R5,2026/05/01,2026/06/23,2026/06/12,６階病棟,６１２,脳神経外科,,,
808,P-34H9XHK6,2026/05/05,2026/07/20,2026/06/10,５階病棟,５０３,脳神経外科,,,
809,P-TGLTQNDM,2026/05/11,2026/07/25,2026/06/09,５階病棟,５１１,脳神経内科,,,
810,P-Z8ECM7UN,2026/05/11,2026/07/02,2026/06/08,６階病棟,６２０,脳神経外科,,,
811,P-V8PBLRG2,2026/05/20,2026/07/19,2026/06/10,４階病棟,４１１,脳神経内科,,,
812,P-4RYDU2GT,2026/05/19,2026/06/19,2026/06/11,５階病棟,５０８,内科,,,
813,P-HQAKQM5L,2026/05/18,,2026/06/10,５階病棟,５１６,脳神経内科,,,
814,P-AW7N5EL4,2026/05/24,2026/06/22,2026/06/10,５階病棟,５０２,循環器内科,2026/06/10,身体拘束を実施,実施
815,P-UXGS7PH3,2026/05/27,2026/07/02,2026/06/12,６階病棟,６０６,内科,,,
816,P-PGM5F8CL,2026/05/31,2026/07/05,2026/06/10,６階病棟,６１５,循環器内科,,,
817,P-GS7DE2PY,2026/05/28,,2026/06/06,５階病棟,５０１,内科,,,
818,P-FRVUDU8L,2026/05/30,,2026/06/12,３階病棟,３０１,脳神経外科,2026/06/12,身体拘束を実施,実施
819,P-MEJ46ZLM,2026/05/30,2026/07/16,2026/06/07,３階病棟,３１０,脳神経内科,,,
820,P-NS37UG7R,2026/06/05,,2026/06/13,３階病棟,３０２,脳神経内科,,,
821,P-FPPNYD6K,2026/05/31,2026/06/09,2026/06/06,３階病棟,３０１,脳神経内科,,,
822,P-464LW952,2026/06/10,,2026/06/14,SCU病棟,３１２,脳神経内科,,,
823,P-Z7X6PSA8,2026/06/09,,2026/06/13,３階病棟,３０６,脳神経内科,,,
824,P-42WAXANZ,2026/06/13,2026/06/16,2026/06/13,３階病棟,３０５,脳神経外科,,,
825,P-U4VP3T3P,2026/05/17,2026/07/17,2026/06/09,６階病棟,６２６,循環器内科,,,
826,P-2W3PNWW3,2026/05/15,2026/06/08,2026/06/08,４階病棟,４０７,脳神経内科,,,
827,P-U5VAEQ8F,2017/11/18,,2026/06/07,４階病棟,４０８,脳神経内科,,,
828,P-SGRMFYFA,2026/05/29,2026/06/17,2026/06/10,３階病棟,３０８,脳神経内科,,,
829,P-QMY3AVRH,2019/11/11,,2026/06/12,４階病棟,４１５,脳神経内科,,,
830,P-8EPZ5WR5,2026/05/09,2026/07/19,2026/06/14,６階病棟,６１８,脳神経内科,,,
831,P-RLFFJ4J7,2026/05/28,,2026/06/08,５階病棟,５０５,内科,,,
832,P-XMWXWLBS,2026/05/18,2026/06/24,2026/06/15,６階病棟,６０５,内科,,,
833,P-RGAUN7PT,2026/06/03,2026/06/18,2026/06/12,SCU病棟,３１１,脳神経外科,,,
834,P-264QMKVX,2026/01/18,,2026/06/15,４階病棟,４０３,脳神経内科,,,
835,P-ZDDL4JQ7,2026/06/01,,2026/06/14,５階病棟,５０２,脳神経内科,,,
836,P-JG4UMH49,2026/04/24,2026/06/18,2026/06/07,５階病棟,５１０,循環器内科,,,
837,P-MBYUPNNQ,2026/06/06,,2026/06/10,６階病棟,６１７,循環器内科,,,
838,P-S557P22S,2026/05/26,2026/07/08,2026/06/10,４階病棟,４２７,脳神経内科,,,
839,P-H8AWL65J,2026/06/01,2026/06/24,2026/06/10,４階病棟,４０１,脳神経内科,,,
840,P-WZV6ZT5X,2026/06/04,2026/07/21,2026/06/11,SCU病棟,３１３,脳神経外科,,,
841,P-ZBSUPLYU,2026/06/05,2026/06/12,2026/06/09,３階病棟,３０１,脳神経外科,,,
842,P-BLTWSTFX,2026/05/22,2026/07/04,2026/06/07,３階病棟,３０８,脳神経外科,2026/06/07,身体拘束を実施,実施
843,P-XDVX7KNB,2026/05/30,,2026/06/12,３階病棟,３１８,脳神経外科,,,
844,P-5BP5FJQE,2026/04/08,2026/06/17,2026/06/14,５階病棟,５１６,脳神経外科,,,
845,P-LKMYJUPQ,2026/06/11,2026/06/26,2026/06/11,３階病棟,３１０,脳神経外科,,,
846,P-UJKMA9BE,2022/09/03,,2026/06/09,４階病棟,４２３,脳神経内科,,,
847,P-F4XH8LYH,2026/04/02,2026/06/14,2026/06/08,６階病棟,６２６,循環器内科,,,
848,P-3A4EKNWW,2026/05/28,2026/06/10,2026/06/08,４階病棟,４０３,脳神経内科,,,
849,P-BY53KL5G,2026/05/24,2026/07/10,2026/06/08,６階病棟,６２７,脳神経外科,,,
850,P-L7CQ9ZLD,2026/04/06,2026/07/14,2026/06/11,５階病棟,５０６,脳神経外科,,,
851,P-J7EDSM5F,2026/05/22,2026/07/10,2026/06/07,６階病棟,６１１,内科,,,
852,P-CRZ26M2E,2026/05/22,2026/06/09,2026/06/06,５階病棟,５１７,循環器内科,,,
853,P-J7EDSM5F,2026/05/22,2026/07/10,2026/06/06,６階病棟,６１１,内科,,,
854,P-FVKAVH46,2026/06/06,2026/06/17,2026/06/12,４階病棟,４１１,脳神経内科,,,
855,P-FYNX36CL,2026/05/24,,2026/06/14,５階病棟,５０７,脳神経外科,,,
856,P-QRLNG3VJ,2026/05/25,2026/06/11,2026/06/09,４階病棟,４２６,脳神経内科,,,
857,P-MQ5CUJVB,2026/05/05,2026/07/09,2026/06/14,３階病棟,３０１,脳神経外科,,,
858,P-SPPSV2B6,2026/06/06,2026/06/15,2026/06/11,３階病棟,３０７,脳神経外科,,,
859,P-ZYFXXXL2,2026/04/27,2026/06/08,2026/06/08,４階病棟,４１５,脳神経内科,,,
860,P-6MNL95A3,2026/06/11,2026/07/02,2026/06/13,６階病棟,６２３,内科,,,
861,P-K8CCXYEH,2026/04/10,2026/06/09,2026/06/08,５階病棟,５０８,脳神経外科,,,
862,P-TYALD3JU,2026/05/21,2026/06/20,2026/06/09,６階病棟,６０６,循環器内科,,,
863,P-8LEJKANV,2026/04/12,2026/07/01,2026/06/10,６階病棟,６１７,脳神経外科,,,
864,P-DX69WEE9,2026/06/02,2026/06/17,2026/06/11,４階病棟,４０６,脳神経内科,,,
865,P-XQ9FTQMK,2026/05/19,2026/07/05,2026/06/10,４階病棟,４０２,脳神経内科,2026/06/10,身体拘束を実施,実施
866,P-R2KBEVRV,2026/06/13,2026/06/27,2026/06/13,４階病棟,４０５,脳神経内科,,,
867,P-G8JHVDNN,2026/06/09,2026/06/16,2026/06/12,６階病棟,６０７,内科,,,
868,P-GAJ3G4KJ,2026/05/15,2026/06/13,2026/06/12,４階病棟,４０２,脳神経内科,,,
869,P-8R47U8UJ,2026/05/29,2026/06/23,2026/06/06,３階病棟,３０２,脳神経内科,,,
870,P-CLM7LUUP,2026/06/06,2026/06/10,2026/06/06,３階病棟,３０３,脳神経外科,,,
871,P-FHEK4X5W,2026/04/28,2026/06/28,2026/06/08,４階病棟,４１０,脳神経内科,,,
872,P-HNS3KKYW,2026/04/07,2026/07/12,2026/06/08,６階病棟,６３１,脳神経外科,,,
873,P-Q5739XEB,2025/10/23,,2026/06/12,４階病棟,４１３,脳神経内科,,,
874,P-AWCP25AL,2026/02/27,2026/06/15,2026/06/09,５階病棟,５０３,脳神経外科,,,
875,P-CPFFY9DR,2026/05/29,2026/06/12,2026/06/06,４階病棟,４０５,脳神経内科,,,
876,P-NX26W8CL,2026/06/06,2026/06/22,2026/06/12,４階病棟,４０５,脳神経内科,,,
877,P-TRXUJ8H2,2026/06/10,,2026/06/11,３階病棟,３０７,脳神経内科,,,
878,P-XH4LCMMU,2026/03/18,2026/07/07,2026/06/12,６階病棟,６１３,脳神経内科,,,
879,P-YWP42CH5,2026/06/03,2026/06/17,2026/06/10,４階病棟,４０７,脳神経内科,,,
880,P-FQ8VKD69,2025/05/18,,2026/06/11,４階病棟,４０３,脳神経内科,,,
881,P-D6S2Y8MJ,2025/09/12,,2026/06/12,４階病棟,４０１,脳神経内科,,,
882,P-69TLMF4N,2026/04/23,2026/06/21,2026/06/13,４階病棟,４０２,脳神経外科,,,
883,P-SRGP6FR5,2026/06/01,2026/06/17,2026/06/12,４階病棟,４２０,脳神経内科,,,
884,P-FLLCGAF8,2026/06/06,2026/06/21,2026/06/10,４階病棟,４０６,脳神経内科,,,
885,P-4HVFT76N,2026/05/19,2026/06/15,2026/06/10,４階病棟,４１３,脳神経内科,,,
886,P-4HVQFVSG,2026/02/18,2026/06/23,2026/06/13,５階病棟,５１５,脳神経外科,,,
887,P-KS9ZH5F7,2026/01/22,2026/06/18,2026/06/12,６階病棟,６２２,脳神経内科,,,
888,P-2SJ3X7KJ,2026/03/27,2026/06/12,2026/06/08,４階病棟,４０８,循環器内科,,,
889,P-5G6XJPAT,2026/06/03,2026/06/18,2026/06/06,４階病棟,４０１,脳神経内科,,,
890,P-RQ63KZQH,2026/03/21,,2026/06/13,４階病棟,４０１,脳神経内科,,,
891,P-QASYWK6J,2026/03/12,2026/06/19,2026/06/06,５階病棟,５１５,内科,,,
892,P-YH4WSDBT,2026/03/20,2026/06/14,2026/06/11,６階病棟,６２５,脳神経外科,,,
893,P-RFP9Q5YQ,2026/05/31,2026/06/12,2026/06/12,３階病棟,３０６,脳神経外科,,,
894,P-5QLXKGY4,2026/04/03,2026/06/30,2026/06/13,６階病棟,６１５,循環器内科,,,
895,P-AYF54V8M,2026/06/07,2026/06/09,2026/06/09,３階病棟,３０６,脳神経内科,,,
896,P-M56ADQ2G,2026/04/01,2026/06/13,2026/06/09,５階病棟,５１１,脳神経外科,,,
897,P-BXBCL2UN,2026/04/01,2026/06/25,2026/06/06,５階病棟,５０７,内科,,,
898,P-GXKYUHCB,2026/04/13,2026/06/21,2026/06/11,５階病棟,５０６,脳神経外科,,,
899,P-DGFC3A83,2026/04/22,2026/06/30,2026/06/11,６階病棟,６０３,脳神経内科,,,
900,P-CRFFUVHT,2026/04/24,2026/07/04,2026/06/12,５階病棟,５１７,脳神経外科,,,
901,P-CJE2Q7EY,2026/04/27,2026/07/20,2026/06/10,６階病棟,６３１,内科,,,
902,P-PJ578V6G,2026/05/01,2026/07/14,2026/06/09,５階病棟,５０１,循環器内科,,,
903,P-BPLZP94F,2026/05/04,2026/07/16,2026/06/13,５階病棟,５０１,脳神経内科,,,
904,P-NMGEMTL7,2026/06/05,2026/06/09,2026/06/08,３階病棟,３０５,脳神経外科,,,
905,P-PSSUS4NV,2026/05/02,,2026/06/06,５階病棟,５１６,脳神経内科,,,
906,P-G5SUQTSM,2026/05/14,,2026/06/14,５階病棟,５１７,脳神経内科,,,
907,P-7YBAR46Z,2026/05/14,2026/07/11,2026/06/14,５階病棟,５１６,脳神経外科,,,
908,P-GNYCQPED,2026/05/20,2026/07/24,2026/06/13,５階病棟,５１０,循環器内科,,,
909,P-UZULGRN8,2026/05/27,2026/07/04,2026/06/13,６階病棟,６１０,内科,,,
910,P-NG5XBPD9,2026/06/03,2026/07/19,2026/06/11,５階病棟,５０６,循環器内科,,,
911,P-P9JA6BGA,2026/06/02,2026/06/28,2026/06/13,３階病棟,３０２,脳神経内科,,,
912,P-2RLTWN27,2026/05/27,,2026/06/10,６階病棟,６２７,脳神経外科,,,
913,P-KNHUCVJ8,2026/05/25,,2026/06/08,５階病棟,５０５,脳神経外科,,,
914,P-65U745M2,2026/05/31,,2026/06/11,６階病棟,６０３,循環器内科,,,
915,P-XKCS8WSM,2026/05/27,2026/06/26,2026/06/09,６階病棟,６０７,脳神経内科,,,
916,P-RASWJJ54,2026/05/27,2026/06/11,2026/06/08,３階病棟,３１５,脳神経外科,,,
917,P-P3DUJJS9,2026/05/30,,2026/06/09,５階病棟,５０２,脳神経内科,,,
918,P-FVKAVH46,2026/06/06,2026/06/17,2026/06/13,４階病棟,４１１,脳神経内科,,,
919,P-FYNX36CL,2026/05/24,,2026/06/15,５階病棟,５０７,脳神経外科,,,
920,P-958QHDHK,2026/05/13,2026/06/22,2026/06/12,６階病棟,６３２,脳神経外科,,,
921,P-43YLAWKA,2026/06/08,,2026/06/13,３階病棟,３０８,脳神経内科,,,
922,P-SSJFM3K2,2026/05/23,2026/06/23,2026/06/10,４階病棟,４２２,脳神経内科,,,
923,P-MQ5CUJVB,2026/05/05,2026/07/09,2026/06/15,３階病棟,３０１,脳神経外科,,,
924,P-YBP8ZN8A,2026/06/10,2026/07/07,2026/06/14,４階病棟,４０７,脳神経内科,,,
925,P-NB76W8MK,2026/04/03,2026/06/20,2026/06/07,５階病棟,５１２,内科,,,
926,P-9VNG74DK,2026/05/24,2026/07/01,2026/06/07,６階病棟,６１２,脳神経内科,,,
927,P-JW42BC2V,2026/05/03,2026/06/23,2026/06/12,４階病棟,４１６,脳神経内科,,,
928,P-DSGFMK4H,2026/06/13,,2026/06/14,３階病棟,３０２,脳神経外科,,,
929,P-TYALD3JU,2026/05/21,2026/06/20,2026/06/10,６階病棟,６０６,循環器内科,,,
930,P-8UBG4CB4,2026/06/06,,2026/06/11,SCU病棟,３１２,脳神経外科,,,
931,P-SSRKXMZA,2026/03/25,2026/06/28,2026/06/11,４階病棟,４１７,内科,,,
932,P-Q3RYGKUB,2026/05/28,,2026/06/12,６階病棟,６２８,脳神経外科,,,
933,P-XQ9FTQMK,2026/05/19,2026/07/05,2026/06/11,４階病棟,４０２,脳神経内科,2026/06/11,身体拘束を実施,実施
934,P-RNCPTRHN,2026/05/29,2026/06/19,2026/06/15,６階病棟,６０１,内科,,,
935,P-WHQE2T7J,2026/05/21,2026/06/11,2026/06/09,６階病棟,６０２,循環器内科,,,
936,P-R2KBEVRV,2026/06/13,2026/06/27,2026/06/14,４階病棟,４０５,脳神経内科,,,
937,P-89LXNBM2,2026/05/31,2026/06/14,2026/06/11,４階病棟,４０６,脳神経内科,,,
938,P-UZGRBKFN,2026/02/18,2026/07/11,2026/06/11,４階病棟,４０７,脳神経内科,,,
939,P-7JYPCEL5,2026/04/30,,2026/06/10,５階病棟,５１０,脳神経外科,,,
940,P-8R47U8UJ,2026/05/29,2026/06/23,2026/06/07,３階病棟,３０２,脳神経内科,,,
941,P-5HCTHG3Q,2026/05/09,2026/07/03,2026/06/07,４階病棟,４１２,脳神経内科,,,
942,P-664LQMF2,2026/06/15,2026/06/27,2026/06/15,４階病棟,４１８,脳神経内科,,,
943,P-7SRS6V8G,2026/02/15,,2026/06/13,４階病棟,４１２,脳神経内科,,,
944,P-AUCL6D98,2026/06/09,2026/06/23,2026/06/11,４階病棟,４１６,脳神経内科,,,
945,P-4CFX2Z72,2026/05/20,,2026/06/11,３階病棟,３１６,脳神経外科,2026/06/11,身体拘束を実施,実施
946,P-XH4LCMMU,2026/03/18,2026/07/07,2026/06/13,６階病棟,６１３,脳神経内科,,,
947,P-YWP42CH5,2026/06/03,2026/06/17,2026/06/11,４階病棟,４０７,脳神経内科,,,
948,P-MXUEQ3MU,2025/09/28,2026/06/11,2026/06/08,４階病棟,４０２,脳神経内科,,,
949,P-LPLGSMLC,2026/06/11,2026/07/29,2026/06/14,SCU病棟,３１１,脳神経内科,,,
950,P-EHH2HXGP,2026/05/11,2026/07/04,2026/06/09,６階病棟,６０１,脳神経内科,,,
951,P-4HVFT76N,2026/05/19,2026/06/15,2026/06/11,４階病棟,４１３,脳神経内科,,,
952,P-5G6XJPAT,2026/06/03,2026/06/18,2026/06/07,４階病棟,４０１,脳神経内科,,,
953,P-RQ63KZQH,2026/03/21,,2026/06/14,４階病棟,４０１,脳神経内科,,,
954,P-9GK2FA9F,2026/03/17,2026/06/26,2026/06/14,６階病棟,６３２,循環器内科,,,
955,P-YH4WSDBT,2026/03/20,2026/06/14,2026/06/12,６階病棟,６２５,脳神経外科,,,
956,P-ZE6DW3BU,2026/03/21,2026/07/03,2026/06/13,６階病棟,６２８,脳神経外科,,,
957,P-5QLXKGY4,2026/04/03,2026/06/30,2026/06/14,６階病棟,６１５,循環器内科,,,
958,P-J9SAK26J,2026/04/02,2026/07/06,2026/06/13,５階病棟,５１３,脳神経外科,,,
959,P-88CJ95J4,2026/04/02,2026/07/12,2026/06/11,５階病棟,５０７,脳神経外科,,,
960,P-GXKYUHCB,2026/04/13,2026/06/21,2026/06/12,５階病棟,５０６,脳神経外科,,,
961,P-2KDBSUG7,2026/04/23,,2026/06/13,５階病棟,５０６,循環器内科,,,
962,P-DGFC3A83,2026/04/22,2026/06/30,2026/06/12,６階病棟,６０３,脳神経内科,,,
963,P-CJE2Q7EY,2026/04/27,2026/07/20,2026/06/11,６階病棟,６３１,内科,,,
964,P-FW2B3NYL,2026/04/25,2026/06/23,2026/06/10,６階病棟,６１６,脳神経内科,,,
965,P-QTAWXJ2A,2026/04/29,2026/07/13,2026/06/12,６階病棟,６２０,脳神経内科,,,
966,P-3PJWA3R5,2026/05/01,2026/06/23,2026/06/13,６階病棟,６１２,脳神経外科,,,
967,P-NMGEMTL7,2026/06/05,2026/06/09,2026/06/09,３階病棟,３０５,脳神経外科,,,
968,P-34H9XHK6,2026/05/05,2026/07/20,2026/06/11,５階病棟,５０３,脳神経外科,,,
969,P-PSSUS4NV,2026/05/02,,2026/06/07,５階病棟,５１６,脳神経内科,,,
970,P-7YBAR46Z,2026/05/14,2026/07/11,2026/06/15,５階病棟,５１６,脳神経外科,,,
971,P-Z8ECM7UN,2026/05/11,2026/07/02,2026/06/09,６階病棟,６２０,脳神経外科,,,
972,P-V8PBLRG2,2026/05/20,2026/07/19,2026/06/11,４階病棟,４１１,脳神経内科,,,
973,P-4RYDU2GT,2026/05/19,2026/06/19,2026/06/12,５階病棟,５０８,内科,,,
974,P-HQAKQM5L,2026/05/18,,2026/06/11,５階病棟,５１６,脳神経内科,,,
975,P-AW7N5EL4,2026/05/24,2026/06/22,2026/06/11,５階病棟,５０２,循環器内科,2026/06/11,身体拘束を実施,実施
976,P-UZULGRN8,2026/05/27,2026/07/04,2026/06/14,６階病棟,６１０,内科,,,
977,P-UXGS7PH3,2026/05/27,2026/07/02,2026/06/13,６階病棟,６０６,内科,,,
978,P-GS7DE2PY,2026/05/28,,2026/06/07,５階病棟,５０１,内科,,,
979,P-2RLTWN27,2026/05/27,,2026/06/11,６階病棟,６２７,脳神経外科,,,
980,P-65U745M2,2026/05/31,,2026/06/12,６階病棟,６０８,循環器内科,,,
981,P-XKCS8WSM,2026/05/27,2026/06/26,2026/06/10,６階病棟,６０７,脳神経内科,,,
982,P-MEJ46ZLM,2026/05/30,2026/07/16,2026/06/08,５階病棟,５０１,脳神経内科,,,
983,P-2HDGCB4N,2026/06/06,2026/06/14,2026/06/13,３階病棟,３０５,脳神経外科,,,
984,P-MCGWF5K2,2026/06/07,,2026/06/13,SCU病棟,３１１,脳神経内科,,,
985,P-Q7XHHFRC,2026/06/05,,2026/06/11,SCU病棟,３１２,脳神経外科,,,
986,P-QA9CLGZ8,2026/06/03,,2026/06/09,SCU病棟,３１１,脳神経外科,,,
987,P-SB3UWL7C,2026/06/10,,2026/06/13,５階病棟,５０８,内科,,,
988,P-KCEB9CZT,2026/06/09,2026/07/16,2026/06/12,３階病棟,３０３,脳神経外科,,,
989,P-VQPSVGFV,2026/06/13,,2026/06/14,３階病棟,３０７,脳神経内科,,,
990,P-32NTAY8U,2026/06/06,2026/06/15,2026/06/07,SCU病棟,３１２,脳神経内科,,,
991,P-D94TUFJK,2026/06/13,2026/06/15,2026/06/14,３階病棟,３１０,脳神経内科,2026/06/14,身体拘束を実施,実施
992,P-DRPW32JN,2026/06/13,2026/06/16,2026/06/13,６階病棟,６１０,脳神経内科,,,
993,P-KFWXZQ6F,2026/06/07,2026/06/22,2026/06/15,４階病棟,４０５,脳神経内科,,,
994,P-MR3E4QTT,2026/05/16,2026/06/12,2026/06/09,６階病棟,６３０,脳神経内科,,,
995,P-N9XJLE2C,2026/06/01,2026/06/15,2026/06/13,４階病棟,４１０,脳神経内科,,,
996,P-BUBRA8WU,2026/05/26,2026/06/27,2026/06/11,４階病棟,４０６,脳神経内科,,,
997,P-R2S4H67C,2026/06/11,2026/06/12,2026/06/11,３階病棟,３０２,脳神経外科,,,
998,P-4T3Z3EE4,2026/06/07,2026/06/13,2026/06/11,３階病棟,３０３,脳神経内科,,,
999,P-C6QWAJHW,2026/05/23,,2026/06/10,６階病棟,６１６,脳神経外科,,,
1000,P-DBUG4MQ9,2026/06/03,2026/06/17,2026/06/13,４階病棟,４２１,脳神経内科,,,
1001,P-7Z7EG8JS,2026/05/26,2026/07/11,2026/06/07,６階病棟,６２１,内科,,,
1002,P-N2ULXTZF,2026/04/30,2026/06/18,2026/06/13,６階病棟,６１８,循環器内科,,,
1003,P-WDW992JT,2026/04/23,2026/06/19,2026/06/09,５階病棟,５１１,脳神経外科,,,
1004,P-M7EF3ZQ3,2026/04/01,2026/07/01,2026/06/14,５階病棟,５０５,脳神経外科,,,
1005,P-E7FB9RVR,2026/06/05,2026/06/19,2026/06/09,４階病棟,４０３,脳神経内科,,,
1006,P-JT8HY6Z3,2026/05/23,,2026/06/08,５階病棟,５１５,脳神経外科,,,
1007,P-9HNKYX8P,2026/05/27,2026/07/21,2026/06/14,６階病棟,６０５,脳神経外科,,,
1008,P-T9YENPYQ,2026/04/18,2026/06/12,2026/06/08,６階病棟,６１３,脳神経内科,,,
1009,P-CRZ26M2E,2026/05/22,2026/06/09,2026/06/07,５階病棟,５１７,循環器内科,,,
1010,P-L2E7TUVD,2026/05/08,2026/07/08,2026/06/15,３階病棟,３１０,脳神経外科,2026/06/15,身体拘束を実施,実施
1011,P-XEN4DTJX,2026/05/08,2026/06/15,2026/06/12,６階病棟,６０３,脳神経外科,,,
1012,P-QRLNG3VJ,2026/05/25,2026/06/11,2026/06/10,４階病棟,４２６,脳神経内科,,,
1013,P-SPPSV2B6,2026/06/06,2026/06/15,2026/06/12,３階病棟,３０７,脳神経外科,,,
1014,P-XUWTTGVW,2026/06/10,2026/06/18,2026/06/14,３階病棟,３０６,脳神経内科,,,
1015,P-PJA5MBA9,2026/06/15,2026/06/28,2026/06/15,４階病棟,４１５,脳神経内科,,,
1016,P-7B33BTR6,2026/05/08,,2026/06/11,５階病棟,５０８,脳神経外科,,,
1017,P-6MNL95A3,2026/06/11,2026/07/02,2026/06/14,６階病棟,６２３,内科,,,
1018,P-K8CCXYEH,2026/04/10,2026/06/09,2026/06/09,５階病棟,５０８,脳神経外科,,,
1019,P-2VN3QZLN,2026/06/01,,2026/06/10,６階病棟,６０２,内科,,,
1020,P-8LEJKANV,2026/04/12,2026/07/01,2026/06/11,６階病棟,６１７,脳神経外科,,,
1021,P-ZR6TRZBZ,2026/05/28,2026/06/13,2026/06/08,６階病棟,６０８,脳神経外科,,,
1022,P-UDQ2UE4W,2026/06/12,2026/06/19,2026/06/13,３階病棟,３１０,脳神経外科,,,
1023,P-DX69WEE9,2026/06/02,2026/06/17,2026/06/12,４階病棟,４０６,脳神経内科,,,
1024,P-YF2RUWN9,2026/04/26,,2026/06/07,５階病棟,５１１,脳神経外科,,,
1025,P-G8JHVDNN,2026/06/09,2026/06/16,2026/06/13,６階病棟,６０７,内科,,,
1026,P-GAJ3G4KJ,2026/05/15,2026/06/13,2026/06/13,４階病棟,４０２,脳神経内科,,,
1027,P-CLM7LUUP,2026/06/06,2026/06/10,2026/06/07,３階病棟,３０３,脳神経外科,,,
1028,P-FHEK4X5W,2026/04/28,2026/06/28,2026/06/09,４階病棟,４１０,脳神経内科,,,
1029,P-HNS3KKYW,2026/04/07,2026/07/12,2026/06/09,６階病棟,６３１,脳神経外科,,,
1030,P-Q5739XEB,2025/10/23,,2026/06/13,４階病棟,４１３,脳神経内科,,,
1031,P-AWCP25AL,2026/02/27,2026/06/15,2026/06/10,５階病棟,５０３,脳神経外科,,,
1032,P-CPFFY9DR,2026/05/29,2026/06/12,2026/06/07,４階病棟,４０５,脳神経内科,,,
1033,P-NX26W8CL,2026/06/06,2026/06/22,2026/06/13,４階病棟,４０５,脳神経内科,,,
1034,P-TRXUJ8H2,2026/06/10,,2026/06/12,３階病棟,３０７,脳神経内科,,,
1035,P-FQ8VKD69,2025/05/18,,2026/06/12,４階病棟,４０３,脳神経内科,,,
1036,P-D6S2Y8MJ,2025/09/12,,2026/06/13,４階病棟,４０１,脳神経内科,,,
1037,P-69TLMF4N,2026/04/23,2026/06/21,2026/06/14,４階病棟,４０２,脳神経外科,,,
1038,P-SRGP6FR5,2026/06/01,2026/06/17,2026/06/13,４階病棟,４２０,脳神経内科,,,
1039,P-FLLCGAF8,2026/06/06,2026/06/21,2026/06/11,４階病棟,４０６,脳神経内科,,,
1040,P-4HVQFVSG,2026/02/18,2026/06/23,2026/06/14,５階病棟,５１５,脳神経外科,,,
1041,P-KS9ZH5F7,2026/01/22,2026/06/18,2026/06/13,６階病棟,６２２,脳神経内科,,,
1042,P-HN467RGB,2026/05/14,2026/07/09,2026/06/08,６階病棟,６３０,脳神経外科,,,
1043,P-2SJ3X7KJ,2026/03/27,2026/06/12,2026/06/09,４階病棟,４０８,循環器内科,,,
1044,P-Y58VWXA6,2026/02/03,2026/06/16,2026/06/12,５階病棟,５１５,脳神経外科,,,
1045,P-QASYWK6J,2026/03/12,2026/06/19,2026/06/07,５階病棟,５１５,内科,,,
1046,P-JKJB8UQP,2026/03/28,2026/07/11,2026/06/08,５階病棟,５０５,脳神経外科,,,
1047,P-M56ADQ2G,2026/04/01,2026/06/13,2026/06/10,５階病棟,５１１,脳神経外科,,,
1048,P-BXBCL2UN,2026/04/01,2026/06/25,2026/06/07,５階病棟,５０７,内科,,,
1049,P-HD77KEJN,2026/04/12,,2026/06/13,５階病棟,５０７,脳神経外科,,,
1050,P-FZT9B5F3,2026/06/07,2026/06/07,2026/06/07,３階病棟,３１７,脳神経外科,,,
1051,P-R5QX9CY9,2026/04/13,2026/07/18,2026/06/10,５階病棟,５１０,脳神経外科,,,
1052,P-KTTGC92J,2026/06/03,2026/06/28,2026/06/15,５階病棟,５０２,脳神経外科,,,
1053,P-WYJB8EDV,2026/04/18,2026/06/19,2026/06/10,５階病棟,５０３,脳神経内科,,,
1054,P-CRFFUVHT,2026/04/24,2026/07/04,2026/06/13,５階病棟,５１７,脳神経外科,,,
1055,P-PJ578V6G,2026/05/01,2026/07/14,2026/06/10,５階病棟,５０１,循環器内科,,,
1056,P-BPLZP94F,2026/05/04,2026/07/16,2026/06/14,５階病棟,５０１,脳神経内科,,,
1057,P-G5SUQTSM,2026/05/14,,2026/06/15,５階病棟,５１７,脳神経内科,,,
1058,P-TGLTQNDM,2026/05/11,2026/07/25,2026/06/10,５階病棟,５１１,脳神経内科,,,
1059,P-GNYCQPED,2026/05/20,2026/07/24,2026/06/14,５階病棟,５１０,循環器内科,,,
1060,P-PGM5F8CL,2026/05/31,2026/07/05,2026/06/11,６階病棟,６１５,循環器内科,,,
1061,P-NG5XBPD9,2026/06/03,2026/07/19,2026/06/12,５階病棟,５０６,循環器内科,,,
1062,P-P9JA6BGA,2026/06/02,2026/06/28,2026/06/14,３階病棟,３０２,脳神経内科,,,
1063,P-KNHUCVJ8,2026/05/25,,2026/06/09,５階病棟,５０５,脳神経外科,,,
1064,P-FRVUDU8L,2026/05/30,,2026/06/13,３階病棟,３０１,脳神経外科,2026/06/13,身体拘束を実施,実施
1065,P-RASWJJ54,2026/05/27,2026/06/11,2026/06/09,３階病棟,３０７,脳神経外科,,,
1066,P-P3DUJJS9,2026/05/30,,2026/06/10,５階病棟,５０２,脳神経内科,,,
1067,P-Q7XHHFRC,2026/06/05,,2026/06/12,SCU病棟,３１２,脳神経外科,,,
1068,P-QA9CLGZ8,2026/06/03,,2026/06/10,SCU病棟,３１１,脳神経外科,,,
1069,P-Z7X6PSA8,2026/06/09,,2026/06/14,３階病棟,３０６,脳神経内科,,,
1070,P-KCEB9CZT,2026/06/09,2026/07/16,2026/06/13,３階病棟,３０３,脳神経外科,,,
1071,P-VQPSVGFV,2026/06/13,,2026/06/15,３階病棟,３０７,脳神経内科,,,
1072,P-32NTAY8U,2026/06/06,2026/06/15,2026/06/08,SCU病棟,３１２,脳神経内科,,,
1073,P-D94TUFJK,2026/06/13,2026/06/15,2026/06/15,３階病棟,３１０,脳神経内科,2026/06/15,身体拘束を実施,実施
1074,P-DRPW32JN,2026/06/13,2026/06/16,2026/06/14,６階病棟,６１０,脳神経内科,,,
1075,P-KFWXZQ6F,2026/06/07,2026/06/22,2026/06/16,４階病棟,４０５,脳神経内科,,,
1076,P-MR3E4QTT,2026/05/16,2026/06/12,2026/06/10,６階病棟,６３０,脳神経内科,,,
1077,P-N9XJLE2C,2026/06/01,2026/06/15,2026/06/14,４階病棟,４１０,脳神経内科,,,
1078,P-BUBRA8WU,2026/05/26,2026/06/27,2026/06/12,４階病棟,４０６,脳神経内科,,,
1079,P-A97XQ5L3,2026/06/13,2026/06/22,2026/06/13,３階病棟,３０３,脳神経外科,,,
1080,P-4T3Z3EE4,2026/06/07,2026/06/13,2026/06/12,３階病棟,３０３,脳神経内科,,,
1081,P-C6QWAJHW,2026/05/23,,2026/06/11,６階病棟,６１６,脳神経外科,,,
1082,P-DBUG4MQ9,2026/06/03,2026/06/17,2026/06/14,４階病棟,４２１,脳神経内科,,,
1083,P-N2ULXTZF,2026/04/30,2026/06/18,2026/06/14,６階病棟,６１８,循環器内科,,,
1084,P-WDW992JT,2026/04/23,2026/06/19,2026/06/10,５階病棟,５１１,脳神経外科,,,
1085,P-M7EF3ZQ3,2026/04/01,2026/07/01,2026/06/15,５階病棟,５０５,脳神経外科,,,
1086,P-BLTWSTFX,2026/05/22,2026/07/04,2026/06/08,３階病棟,３１７,脳神経外科,2026/06/08,身体拘束を実施,実施
1087,P-LKMYJUPQ,2026/06/11,2026/06/26,2026/06/12,３階病棟,３１０,脳神経外科,,,
1088,P-E7FB9RVR,2026/06/05,2026/06/19,2026/06/10,４階病棟,４０３,脳神経内科,,,
1089,P-JT8HY6Z3,2026/05/23,,2026/06/09,５階病棟,５１５,脳神経外科,,,
1090,P-9HNKYX8P,2026/05/27,2026/07/21,2026/06/15,６階病棟,６０５,脳神経外科,,,
1091,P-T9YENPYQ,2026/04/18,2026/06/12,2026/06/09,６階病棟,６１３,脳神経内科,,,
1092,P-3A4EKNWW,2026/05/28,2026/06/10,2026/06/09,４階病棟,４０３,脳神経内科,,,
1093,P-L2E7TUVD,2026/05/08,2026/07/08,2026/06/16,３階病棟,３１０,脳神経外科,2026/06/16,身体拘束を実施,実施
1094,P-XEN4DTJX,2026/05/08,2026/06/15,2026/06/13,６階病棟,６０３,脳神経外科,,,
1095,P-QRLNG3VJ,2026/05/25,2026/06/11,2026/06/11,４階病棟,４２６,脳神経内科,,,
1096,P-SSJFM3K2,2026/05/23,2026/06/23,2026/06/11,４階病棟,４２２,脳神経内科,,,
1097,P-SPPSV2B6,2026/06/06,2026/06/15,2026/06/13,３階病棟,３０７,脳神経外科,,,
1098,P-JW42BC2V,2026/05/03,2026/06/23,2026/06/13,４階病棟,４１６,脳神経内科,,,
1099,P-XUWTTGVW,2026/06/10,2026/06/18,2026/06/15,３階病棟,３０６,脳神経内科,,,
1100,P-PJA5MBA9,2026/06/15,2026/06/28,2026/06/16,４階病棟,４１５,脳神経内科,,,
1101,P-7B33BTR6,2026/05/08,,2026/06/12,５階病棟,５０８,脳神経外科,,,
1102,P-6MNL95A3,2026/06/11,2026/07/02,2026/06/15,６階病棟,６２３,内科,,,
1103,P-4H3RTRYY,2026/06/14,2026/06/24,2026/06/14,３階病棟,３０２,脳神経外科,,,
1104,P-2VN3QZLN,2026/06/01,,2026/06/11,６階病棟,６０２,内科,,,
1105,P-8UBG4CB4,2026/06/06,,2026/06/12,SCU病棟,３１２,脳神経外科,,,
1106,P-8LEJKANV,2026/04/12,2026/07/01,2026/06/12,６階病棟,６１７,脳神経外科,,,
1107,P-ZR6TRZBZ,2026/05/28,2026/06/13,2026/06/09,６階病棟,６０８,脳神経外科,,,
1108,P-UDQ2UE4W,2026/06/12,2026/06/19,2026/06/14,３階病棟,３１０,脳神経外科,,,
1109,P-DX69WEE9,2026/06/02,2026/06/17,2026/06/13,４階病棟,４０６,脳神経内科,,,
1110,P-RNCPTRHN,2026/05/29,2026/06/19,2026/06/16,６階病棟,６０１,内科,,,
1111,P-YF2RUWN9,2026/04/26,,2026/06/08,５階病棟,５１１,脳神経外科,,,
1112,P-G8JHVDNN,2026/06/09,2026/06/16,2026/06/14,６階病棟,６０７,内科,,,
1113,P-7JYPCEL5,2026/04/30,,2026/06/11,５階病棟,５１０,脳神経外科,,,
1114,P-NS37UG7R,2026/06/05,,2026/06/14,３階病棟,３０５,脳神経内科,,,
1115,P-2HDGCB4N,2026/06/06,2026/06/14,2026/06/14,３階病棟,３０５,脳神経外科,,,
1116,P-MCGWF5K2,2026/06/07,,2026/06/14,SCU病棟,３１１,脳神経内科,,,
1117,P-FPPNYD6K,2026/05/31,2026/06/09,2026/06/07,３階病棟,３０１,脳神経内科,,,
1118,P-464LW952,2026/06/10,,2026/06/15,SCU病棟,３１２,脳神経内科,,,
1119,P-SB3UWL7C,2026/06/10,,2026/06/14,５階病棟,５０８,内科,,,
1120,P-42WAXANZ,2026/06/13,2026/06/16,2026/06/14,３階病棟,３０５,脳神経外科,,,
1121,P-U4VP3T3P,2026/05/17,2026/07/17,2026/06/10,６階病棟,６２６,循環器内科,,,
1122,P-U5VAEQ8F,2017/11/18,,2026/06/08,４階病棟,４０８,脳神経内科,,,
1123,P-SGRMFYFA,2026/05/29,2026/06/17,2026/06/11,３階病棟,３０８,脳神経内科,,,
1124,P-QMY3AVRH,2019/11/11,,2026/06/13,４階病棟,４１５,脳神経内科,,,
1125,P-8EPZ5WR5,2026/05/09,2026/07/19,2026/06/15,６階病棟,６１８,脳神経内科,,,
1126,P-RLFFJ4J7,2026/05/28,,2026/06/09,５階病棟,５０５,内科,,,
1127,P-R2S4H67C,2026/06/11,2026/06/12,2026/06/12,３階病棟,３０２,脳神経外科,,,
1128,P-XMWXWLBS,2026/05/18,2026/06/24,2026/06/16,６階病棟,６０５,内科,,,
1129,P-RGAUN7PT,2026/06/03,2026/06/18,2026/06/13,SCU病棟,３１１,脳神経外科,,,
1130,P-264QMKVX,2026/01/18,,2026/06/16,４階病棟,４０３,脳神経内科,,,
1131,P-ZDDL4JQ7,2026/06/01,,2026/06/15,５階病棟,５０２,脳神経内科,,,
1132,P-JG4UMH49,2026/04/24,2026/06/18,2026/06/08,５階病棟,５１０,循環器内科,,,
1133,P-7Z7EG8JS,2026/05/26,2026/07/11,2026/06/08,６階病棟,６２１,内科,,,
1134,P-MBYUPNNQ,2026/06/06,,2026/06/11,６階病棟,６１７,循環器内科,,,
1135,P-S557P22S,2026/05/26,2026/07/08,2026/06/11,４階病棟,４２７,脳神経内科,,,
1136,P-H8AWL65J,2026/06/01,2026/06/24,2026/06/11,４階病棟,４０１,脳神経内科,,,
1137,P-WZV6ZT5X,2026/06/04,2026/07/21,2026/06/12,SCU病棟,３１３,脳神経外科,,,
1138,P-ZBSUPLYU,2026/06/05,2026/06/12,2026/06/10,３階病棟,３０１,脳神経外科,,,
1139,P-XDVX7KNB,2026/05/30,,2026/06/13,３階病棟,３１８,脳神経外科,,,
1140,P-5BP5FJQE,2026/04/08,2026/06/17,2026/06/15,５階病棟,５１６,脳神経外科,,,
1141,P-UJKMA9BE,2022/09/03,,2026/06/10,４階病棟,４２３,脳神経内科,,,
1142,P-F4XH8LYH,2026/04/02,2026/06/14,2026/06/09,６階病棟,６２６,循環器内科,,,
1143,P-BY53KL5G,2026/05/24,2026/07/10,2026/06/09,６階病棟,６２７,脳神経外科,,,
1144,P-CRZ26M2E,2026/05/22,2026/06/09,2026/06/08,５階病棟,５１７,循環器内科,,,
1145,P-L7CQ9ZLD,2026/04/06,2026/07/14,2026/06/12,５階病棟,５０６,脳神経外科,,,
1146,P-J7EDSM5F,2026/05/22,2026/07/10,2026/06/08,６階病棟,６１１,内科,,,
1147,P-FVKAVH46,2026/06/06,2026/06/17,2026/06/14,４階病棟,４１１,脳神経内科,,,
1148,P-FYNX36CL,2026/05/24,,2026/06/16,５階病棟,５０７,脳神経外科,,,
1149,P-958QHDHK,2026/05/13,2026/06/22,2026/06/13,６階病棟,６３２,脳神経外科,,,
1150,P-43YLAWKA,2026/06/08,,2026/06/14,３階病棟,３０８,脳神経内科,,,
1151,P-MQ5CUJVB,2026/05/05,2026/07/09,2026/06/16,３階病棟,３０１,脳神経外科,,,
1152,P-YBP8ZN8A,2026/06/10,2026/07/07,2026/06/15,４階病棟,４０７,脳神経内科,,,
1153,P-NB76W8MK,2026/04/03,2026/06/20,2026/06/08,５階病棟,５１２,内科,,,
1154,P-9VNG74DK,2026/05/24,2026/07/01,2026/06/08,６階病棟,６１２,脳神経内科,,,
1155,P-DSGFMK4H,2026/06/13,,2026/06/15,３階病棟,３０２,脳神経外科,,,
1156,P-TYALD3JU,2026/05/21,2026/06/20,2026/06/11,６階病棟,６０６,循環器内科,,,
1157,P-SSRKXMZA,2026/03/25,2026/06/28,2026/06/12,４階病棟,４１７,内科,,,
1158,P-Q3RYGKUB,2026/05/28,,2026/06/13,６階病棟,６２８,脳神経外科,,,
1159,P-XQ9FTQMK,2026/05/19,2026/07/05,2026/06/12,４階病棟,４０２,脳神経内科,2026/06/12,身体拘束を実施,実施
1160,P-WHQE2T7J,2026/05/21,2026/06/11,2026/06/10,６階病棟,６０２,循環器内科,,,
1161,P-R2KBEVRV,2026/06/13,2026/06/27,2026/06/15,４階病棟,４０５,脳神経内科,,,
1162,P-89LXNBM2,2026/05/31,2026/06/14,2026/06/12,４階病棟,４０６,脳神経内科,,,
1163,P-UZGRBKFN,2026/02/18,2026/07/11,2026/06/12,４階病棟,４０７,脳神経内科,,,
1164,P-8R47U8UJ,2026/05/29,2026/06/23,2026/06/08,３階病棟,３０２,脳神経内科,,,
1165,P-FHEK4X5W,2026/04/28,2026/06/28,2026/06/10,４階病棟,４１０,脳神経内科,,,
1166,P-HNS3KKYW,2026/04/07,2026/07/12,2026/06/10,６階病棟,６３１,脳神経外科,,,
1167,P-664LQMF2,2026/06/15,2026/06/27,2026/06/16,４階病棟,４１８,脳神経内科,,,
1168,P-Q5739XEB,2025/10/23,,2026/06/14,４階病棟,４１３,脳神経内科,,,
1169,P-7SRS6V8G,2026/02/15,,2026/06/14,４階病棟,４１２,脳神経内科,,,
1170,P-AUCL6D98,2026/06/09,2026/06/23,2026/06/12,４階病棟,４１６,脳神経内科,,,
1171,P-NX26W8CL,2026/06/06,2026/06/22,2026/06/14,４階病棟,４０５,脳神経内科,,,
1172,P-XH4LCMMU,2026/03/18,2026/07/07,2026/06/14,６階病棟,６１３,脳神経内科,,,
1173,P-YWP42CH5,2026/06/03,2026/06/17,2026/06/12,４階病棟,４０７,脳神経内科,,,
1174,P-MXUEQ3MU,2025/09/28,2026/06/11,2026/06/09,４階病棟,４０２,脳神経内科,,,
1175,P-LPLGSMLC,2026/06/11,2026/07/29,2026/06/15,SCU病棟,３１１,脳神経内科,,,
1176,P-EHH2HXGP,2026/05/11,2026/07/04,2026/06/10,６階病棟,６０１,脳神経内科,,,
1177,P-4HVFT76N,2026/05/19,2026/06/15,2026/06/12,４階病棟,４１３,脳神経内科,,,
1178,P-4HVQFVSG,2026/02/18,2026/06/23,2026/06/15,５階病棟,５１５,脳神経外科,,,
1179,P-KS9ZH5F7,2026/01/22,2026/06/18,2026/06/14,６階病棟,６２２,脳神経内科,,,
1180,P-CLM7LUUP,2026/06/06,2026/06/10,2026/06/08,３階病棟,３０３,脳神経外科,,,
1181,P-5HCTHG3Q,2026/05/09,2026/07/03,2026/06/08,４階病棟,４１２,脳神経内科,,,
1182,P-4CFX2Z72,2026/05/20,,2026/06/12,３階病棟,３１６,脳神経外科,2026/06/12,身体拘束を実施,実施
1183,P-AWCP25AL,2026/02/27,2026/06/15,2026/06/11,５階病棟,５０３,脳神経外科,,,
1184,P-CPFFY9DR,2026/05/29,2026/06/12,2026/06/08,４階病棟,４０５,脳神経内科,,,
1185,P-TRXUJ8H2,2026/06/10,,2026/06/13,３階病棟,３０７,脳神経内科,,,
1186,P-FQ8VKD69,2025/05/18,,2026/06/13,４階病棟,４０３,脳神経内科,,,
1187,P-D6S2Y8MJ,2025/09/12,,2026/06/14,４階病棟,４０１,脳神経内科,,,
1188,P-69TLMF4N,2026/04/23,2026/06/21,2026/06/15,４階病棟,４０２,脳神経外科,,,
1189,P-SRGP6FR5,2026/06/01,2026/06/17,2026/06/14,４階病棟,４２０,脳神経内科,,,
1190,P-FLLCGAF8,2026/06/06,2026/06/21,2026/06/12,４階病棟,４０６,脳神経内科,,,
1191,P-HN467RGB,2026/05/14,2026/07/09,2026/06/09,６階病棟,６３０,脳神経外科,,,
1192,P-2SJ3X7KJ,2026/03/27,2026/06/12,2026/06/10,４階病棟,４０８,循環器内科,,,
1193,P-Y58VWXA6,2026/02/03,2026/06/16,2026/06/13,５階病棟,５１５,脳神経外科,,,
1194,P-9GK2FA9F,2026/03/17,2026/06/26,2026/06/15,６階病棟,６３２,循環器内科,,,
1195,P-QASYWK6J,2026/03/12,2026/06/19,2026/06/08,５階病棟,５１５,内科,,,
1196,P-ZE6DW3BU,2026/03/21,2026/07/03,2026/06/14,６階病棟,６２８,脳神経外科,,,
1197,P-JKJB8UQP,2026/03/28,2026/07/11,2026/06/09,５階病棟,５０５,脳神経外科,,,
1198,P-M56ADQ2G,2026/04/01,2026/06/13,2026/06/11,５階病棟,５１１,脳神経外科,,,
1199,P-BXBCL2UN,2026/04/01,2026/06/25,2026/06/08,５階病棟,５０７,内科,,,
1200,P-HD77KEJN,2026/04/12,,2026/06/14,５階病棟,５０７,脳神経外科,,,
1201,P-R5QX9CY9,2026/04/13,2026/07/18,2026/06/11,５階病棟,５１０,脳神経外科,,,
1202,P-KTTGC92J,2026/06/03,2026/06/28,2026/06/16,５階病棟,５０２,脳神経外科,,,
1203,P-WYJB8EDV,2026/04/18,2026/06/19,2026/06/11,５階病棟,５０３,脳神経内科,,,
1204,P-CRFFUVHT,2026/04/24,2026/07/04,2026/06/14,５階病棟,５１７,脳神経外科,,,
1205,P-FW2B3NYL,2026/04/25,2026/06/23,2026/06/11,６階病棟,６１６,脳神経内科,,,
1206,P-BPLZP94F,2026/05/04,2026/07/16,2026/06/15,５階病棟,５０１,脳神経内科,,,
1207,P-34H9XHK6,2026/05/05,2026/07/20,2026/06/12,５階病棟,５０３,脳神経外科,,,
1208,P-G5SUQTSM,2026/05/14,,2026/06/16,５階病棟,５１７,脳神経内科,,,
1209,P-TGLTQNDM,2026/05/11,2026/07/25,2026/06/11,５階病棟,５１１,脳神経内科,,,
1210,P-4RYDU2GT,2026/05/19,2026/06/19,2026/06/13,５階病棟,５０８,内科,,,
1211,P-AW7N5EL4,2026/05/24,2026/06/22,2026/06/12,５階病棟,５０２,循環器内科,2026/06/12,身体拘束を実施,実施
1212,P-PGM5F8CL,2026/05/31,2026/07/05,2026/06/12,６階病棟,６１５,循環器内科,,,
1213,P-NG5XBPD9,2026/06/03,2026/07/19,2026/06/13,５階病棟,５０６,循環器内科,,,
1214,P-P9JA6BGA,2026/06/02,2026/06/28,2026/06/15,３階病棟,３０２,脳神経内科,,,
1215,P-KNHUCVJ8,2026/05/25,,2026/06/10,５階病棟,５０５,脳神経外科,,,
1216,P-FRVUDU8L,2026/05/30,,2026/06/14,３階病棟,３０１,脳神経外科,2026/06/14,身体拘束を実施,実施
1217,P-RASWJJ54,2026/05/27,2026/06/11,2026/06/10,３階病棟,３０７,脳神経外科,,,
1218,P-P3DUJJS9,2026/05/30,,2026/06/11,５階病棟,５０２,脳神経内科,,,
1219,P-Q7XHHFRC,2026/06/05,,2026/06/13,SCU病棟,３１２,脳神経外科,,,
1220,P-QA9CLGZ8,2026/06/03,,2026/06/11,SCU病棟,３１１,脳神経外科,,,
1221,P-Z7X6PSA8,2026/06/09,,2026/06/15,３階病棟,３０６,脳神経内科,,,
1222,P-KCEB9CZT,2026/06/09,2026/07/16,2026/06/14,３階病棟,３０３,脳神経外科,,,
1223,P-32NTAY8U,2026/06/06,2026/06/15,2026/06/09,３階病棟,３０５,脳神経内科,,,
1224,P-DRPW32JN,2026/06/13,2026/06/16,2026/06/15,６階病棟,６１０,脳神経内科,,,
1225,P-42WAXANZ,2026/06/13,2026/06/16,2026/06/15,３階病棟,３０５,脳神経外科,,,
1226,P-K4JTMNTW,2026/06/11,2026/06/19,2026/06/11,３階病棟,３０８,脳神経外科,,,
1227,P-2XVXWUQ4,2026/06/10,2026/06/15,2026/06/10,３階病棟,３０８,脳神経外科,,,
1228,P-5G6XJPAT,2026/06/03,2026/06/18,2026/06/08,４階病棟,４０１,脳神経内科,,,
1229,P-RQ63KZQH,2026/03/21,,2026/06/15,４階病棟,４０１,脳神経内科,,,
1230,P-YH4WSDBT,2026/03/20,2026/06/14,2026/06/13,６階病棟,６２５,脳神経外科,,,
1231,P-5QLXKGY4,2026/04/03,2026/06/30,2026/06/15,６階病棟,６１５,循環器内科,,,
1232,P-J9SAK26J,2026/04/02,2026/07/06,2026/06/14,５階病棟,５１３,脳神経外科,,,
1233,P-88CJ95J4,2026/04/02,2026/07/12,2026/06/12,５階病棟,５０７,脳神経外科,,,
1234,P-GXKYUHCB,2026/04/13,2026/06/21,2026/06/13,５階病棟,５０６,脳神経外科,,,
1235,P-2KDBSUG7,2026/04/23,,2026/06/14,５階病棟,５０６,循環器内科,,,
1236,P-DGFC3A83,2026/04/22,2026/06/30,2026/06/13,６階病棟,６０３,脳神経内科,,,
1237,P-CJE2Q7EY,2026/04/27,2026/07/20,2026/06/12,６階病棟,６３１,内科,,,
1238,P-QTAWXJ2A,2026/04/29,2026/07/13,2026/06/13,６階病棟,６２０,脳神経内科,,,
1239,P-PJ578V6G,2026/05/01,2026/07/14,2026/06/11,５階病棟,５０１,循環器内科,,,
1240,P-3PJWA3R5,2026/05/01,2026/06/23,2026/06/14,６階病棟,６１２,脳神経外科,,,
1241,P-PSSUS4NV,2026/05/02,,2026/06/08,５階病棟,５１６,脳神経内科,,,
1242,P-7YBAR46Z,2026/05/14,2026/07/11,2026/06/16,５階病棟,５１６,脳神経外科,,,
1243,P-GNYCQPED,2026/05/20,2026/07/24,2026/06/15,５階病棟,５１０,循環器内科,,,
1244,P-Z8ECM7UN,2026/05/11,2026/07/02,2026/06/10,６階病棟,６２０,脳神経外科,,,
1245,P-V8PBLRG2,2026/05/20,2026/07/19,2026/06/12,４階病棟,４１１,脳神経内科,,,
1246,P-HQAKQM5L,2026/05/18,,2026/06/12,５階病棟,５１６,脳神経内科,,,
1247,P-UZULGRN8,2026/05/27,2026/07/04,2026/06/15,６階病棟,６１０,内科,,,
1248,P-UXGS7PH3,2026/05/27,2026/07/02,2026/06/14,６階病棟,６０６,内科,,,
1249,P-GS7DE2PY,2026/05/28,,2026/06/08,５階病棟,５０１,内科,,,
1250,P-2RLTWN27,2026/05/27,,2026/06/12,６階病棟,６２７,脳神経外科,,,
1251,P-65U745M2,2026/05/31,,2026/06/13,６階病棟,６０８,循環器内科,,,
1252,P-XKCS8WSM,2026/05/27,2026/06/26,2026/06/11,６階病棟,６０７,脳神経内科,,,
1253,P-MEJ46ZLM,2026/05/30,2026/07/16,2026/06/09,５階病棟,５０１,脳神経内科,,,
1254,P-NS37UG7R,2026/06/05,,2026/06/15,５階病棟,５０８,脳神経内科,,,
1255,P-MCGWF5K2,2026/06/07,,2026/06/15,SCU病棟,３１１,脳神経内科,,,
1256,P-FPPNYD6K,2026/05/31,2026/06/09,2026/06/08,３階病棟,３０１,脳神経内科,,,
1257,P-464LW952,2026/06/10,,2026/06/16,SCU病棟,３１２,脳神経内科,,,
1258,P-SB3UWL7C,2026/06/10,,2026/06/15,５階病棟,５０８,内科,,,
1259,P-VQPSVGFV,2026/06/13,,2026/06/16,３階病棟,３０７,脳神経内科,,,
1260,P-GV8WZ4QS,2026/06/15,2026/06/23,2026/06/15,SCU病棟,３１２,脳神経外科,,,
1261,P-92CEPQHD,2026/06/12,2026/06/14,2026/06/12,３階病棟,３０５,脳神経外科,,,