指示確認,ｵｰﾀﾞｰ,部屋,Bed,1号,患者ID,入院日,退院予定日,氏名,年,性,必須,報告,紹介,検査,パス,主治医,看護師,日数,カルテ記載,神経学的検査,転予,転可,DPC①,DPC②,DPC③,薬,入院診療計画書,科別コメント
,○,４０１,01,,00106138,2026/07/30,,川端　道子,77歳,女,,,●,,,髙橋　秀輔,大島　あさ子,5,☆,,,,,,,●,,
,○,４０１,02,,00159936,2026/07/22,2026/08/08,中臺　百美,78歳,女,,,,,,古井　啓,横尾　有子,13,☆,,,,,,,●,,
,,４０１,03,,00071839,2026/07/07,,川田　トヨ子,79歳,女,,,,,,針谷　康夫,長谷川　奈帆子,28,,,,,,,,,,
,,４０１,04,,00115603,2026/07/24,2026/08/12,横田　美喜,77歳,女,,,,,,古井　啓,近藤　芳憲,11,☆,,,,,,,,,●
,○,４０２,01,♪,00154428,2026/07/21,2026/08/04,橋本　美穂,40歳,女,,,,,,美原　盤,南澤　亜由美,14,,,,,,,,●,,
,,４０２,02,♪,00163019,2025/05/12,,中里　芳夫,79歳,男,,,,,,玉城　駿介,大野　雅志,449,☆,確,,,,,,,,●
,,４０２,03,♪,00101072,2026/07/23,2026/08/06,金井　義明,83歳,男,,,●,,,美原　盤,根岸　崇,12,,,,,,,,,,●
☆,,４０２,04,,00019813,2026/07/28,,登坂　英雄,79歳,男,,,,,,玉城　駿介,吉田　真弓,7,☆,,,,,,,,,
,,４０３,01,♪,00057879,2026/01/09,,渡邉　保律,89歳,男,,,,,,針谷　康夫,近藤　芳憲,207,,,,,,,,,,●
☆,,４０３,02,,00105279,2026/06/01,,村上　榮,85歳,男,,,●,,,髙橋　秀輔,清水　茜,64,☆,確,,,,,,,,
,,４０３,03,♪,00121610,2026/07/22,2026/08/05,彦久保　和夫,63歳,男,,,,,,古井　啓,近藤　芳憲,13,☆,,,,,,,,,
☆,○,４０３,04,♪,00158796,2026/07/17,,鈴木　敏明,62歳,男,,,,●,,玉城　駿介,大島　あさ子,18,☆,,,,,,,,,
,○,４０５,02,♪,00164654,2025/09/05,,女屋　光子,76歳,女,,,●,●,,針谷　康夫,清水　茜,333,,,,,,,,,,
,○,４０５,03,,00169242,2026/06/23,,久保田　年之,59歳,男,,,●,,,玉城　駿介,中島　美幸,42,☆,,,,,,,,,
,○,４０５,04,,00122819,2026/08/03,,佐藤　宗男,69歳,男,,,,,,針谷　康夫,,1,,,,,,,,○,,●
,○,４０６,01,,00085484,2026/07/28,,茂木　由紀子,64歳,女,,,,,,髙橋　秀輔,吉田　真弓,7,☆,,,,,,,○,,
,,４０６,02,,00024358,2026/07/29,,羽鳥　かつ代,81歳,女,,,,,,髙橋　秀輔,南澤　亜由美,6,☆,,,,,,,,,
,,４０６,03,,00072626,2026/07/31,,岩沼　百合子,79歳,女,,,,,,髙橋　秀輔,南澤　亜由美,4,☆,,,,,,,,,●
,,４０６,04,,00139714,2026/07/02,2026/08/07,尾内　君子,83歳,女,,,,,,針谷　康夫,大野　雅志,33,,,,,,,,,,
,○,４０７,01,,00110002,2026/07/24,2026/08/08,鈴木　和子,76歳,女,,,●,,,髙橋　秀輔,中島　美幸,11,☆,,,,,,,○,,
,,４０７,02,,00162698,2026/07/30,2026/08/13,栗原　ノブ子,84歳,女,,,,,,玉城　駿介,横尾　有子,5,☆,,,,,,,,,
,,４０８,01,,00120378,2026/07/21,,佐藤　勝利,84歳,男,,,,,,美原　盤,近藤　菜々美,14,,,,,,,,,,
,,４０８,02,♪,00041207,2017/11/17,,山下　健,75歳,男,,,,,,針谷　康夫,瀧澤　真維,3182,,確,,,,,,,,●
☆,○,４１０,02,,00169615,2026/07/21,,新井　哲男,72歳,男,,,●,○,,玉城　駿介,奥田　美月,14,☆,,,,,,,,,
,,４１１,01,,00168666,2026/07/23,,奥澤　久美子,78歳,女,,,●,,,針谷　康夫,林　加奈子,12,,,,,,,,,,
,,４１１,02,♪,00143959,2026/06/09,,澤田　道子,81歳,女,,,●,,,美原　盤,長谷川　奈帆子,56,,確,,,,,,,,
,,４１２,01,♪,00135481,2026/07/08,,荻原　いづみ,70歳,女,,,●,,,針谷　康夫,近藤　菜々美,27,,,,,,,,,,●
,,４１２,02,♪,00155560,2026/02/08,,白澤　とし江,66歳,女,,,,,,玉城　駿介,千隝　理恵,177,☆,,,,,,,,,
,○,４１３,01,,00152553,2026/07/18,2026/08/03,橋本　正子,73歳,女,,,,,,美原　盤,瀧澤　真維,17,,,,,,,,○,,●
,○,４１３,01,,00153975,2026/08/03,,沢口　淳子,59歳,女,,,,●,,髙橋　秀輔,,1,☆,,,,,,,○,,
☆,,４１３,02,♪,00154132,2025/10/16,,髙橋　美代子,70歳,女,,,,,,古井　啓,酒井　朋美,292,☆,確,,,,,,,,
,,４１５,01,♪,00163257,2026/07/31,,井上　泰宏,58歳,男,,,,,,針谷　康夫,瀧澤　真維,4,,,,,,,,,,
,,４１５,02,♪,00044312,2019/11/05,,野中　啓二,71歳,男,,,●,,,針谷　康夫,吉田　真弓,2464,,確,,,,,,,,●
,○,４１６,02,♪,00047452,2026/07/21,2026/08/04,加藤　和政,79歳,男,,,,●,,古井　啓,伊守　純子,14,,確,,,,,,,,
,,４１７,01,,00153347,2026/07/24,2026/08/07,上野　眞理子,76歳,女,,,,,,針谷　康夫,酒井　朋美,11,,,,,,,,,,●
,○,４１８,01,,00160098,2026/07/31,,中澤　勝江,66歳,女,,,,,,玉城　駿介,近藤　菜々美,4,☆,,,,,,,,,●
,,４２０,01,,00028211,2026/07/29,,宮下　スミエ,82歳,女,,,●,,,玉城　駿介,長谷川　奈帆子,6,☆,,,,,,,,,
☆,○,４２１,01,,00149359,2026/07/30,,関口　長司,77歳,男,,,●,●,,髙橋　秀輔,藤田　梨乃,5,☆,,,,,,,,,
,○,４２２,01,,00165420,2026/07/22,2026/08/03,北爪　可奈,62歳,女,,,,,,玉城　駿介,,13,☆,,,,,,,○,,●
,,４２３,01,♪,00086884,2022/08/31,,多賀谷　悦代,64歳,女,,,●,,,古井　啓,藤田　梨乃,1434,,確,,,,,,,,
☆,,４２５,01,,00048190,2026/06/24,,太田　艶子,92歳,女,,,,,,細内　海渡,伊守　純子,41,☆,,,,,,,,,
,,４２６,01,,00091987,2026/07/23,,新井　美孝,54歳,男,,,,,,美原　盤,近藤　芳憲,12,,,,,,,,,,
,○,４２７,01,,00115638,2026/07/27,,本多　新治,87歳,男,,,,●,,古井　啓,藤田　梨乃,8,☆,,,,,,,,,