利用者ID,利用者名,住所,車いす利用,車いす代替乗車可,ミラー折り畳み必須,緯度,経度,座標情報元
M2-001,模擬利用者01,群馬県伊勢崎市上諏訪町1625-1,いいえ,はい,いいえ,36.329025,139.221237,GSI番地代表点
M2-002,模擬利用者02,群馬県伊勢崎市東上之宮町20,はい,いいえ,いいえ,36.317165,139.150162,GSI番地代表点
M2-003,模擬利用者03,群馬県伊勢崎市東本町106－35,いいえ,いいえ,いいえ,36.317173,139.206955,GSI番地代表点
M2-004,模擬利用者04,群馬県伊勢崎市田中島町493,はい,いいえ,いいえ,36.322594,139.168259,GSI番地代表点
M2-005,模擬利用者05,群馬県伊勢崎市昭和町1892番地6,いいえ,はい,いいえ,36.326584,139.208862,GSI番地代表点
M2-006,模擬利用者06,群馬県伊勢崎市大正寺町80-2,いいえ,いいえ,いいえ,36.280918,139.199829,GSI番地代表点
M2-007,模擬利用者07,群馬県伊勢崎市下植木町562-3,はい,いいえ,いいえ,36.317616,139.213364,GSI番地代表点
M2-008,模擬利用者08,群馬県伊勢崎市緑町13-7,いいえ,はい,いいえ,36.317485,139.195423,ABR街区代表点
M2-009,模擬利用者09,群馬県伊勢崎市今泉町2-938-13,はい,いいえ,いいえ,36.314232,139.20195,GSI番地代表点
M2-010,模擬利用者10,群馬県伊勢崎市羽黒町32県営住宅202,いいえ,いいえ,いいえ,36.288235,139.211868,GSI番地代表点
M2-011,模擬利用者11,群馬県伊勢崎市太田町1129　市営住宅1927,いいえ,はい,いいえ,36.338165,139.188934,GSI番地代表点
M2-012,模擬利用者12,群馬県伊勢崎市宮子町3471-3,はい,いいえ,いいえ,36.340352,139.152037,ABR地番代表点
M2-013,模擬利用者13,群馬県伊勢崎市昭和町3757,いいえ,いいえ,いいえ,36.329834,139.205139,GSI番地代表点
M2-014,模擬利用者14,群馬県伊勢崎市宮前町226-4,いいえ,はい,いいえ,36.322654,139.207623,ABR地番代表点
M2-015,模擬利用者15,群馬県伊勢崎市末広町2,はい,いいえ,いいえ,36.337547,139.192123,GSI番地代表点
M2-016,模擬利用者16,群馬県伊勢崎市昭和町1858-19,いいえ,いいえ,いいえ,36.325489,139.20697,GSI番地代表点
M2-017,模擬利用者17,群馬県伊勢崎市日乃出町430の7,いいえ,はい,いいえ,36.315911,139.226049,ABR地番代表点
M2-018,模擬利用者18,群馬県伊勢崎市新栄町2224-4,はい,いいえ,いいえ,36.308331,139.18811,GSI番地代表点
M2-019,模擬利用者19,群馬県伊勢崎市今泉町二丁目940番地17,いいえ,いいえ,いいえ,36.314278,139.200317,GSI番地代表点
M2-020,模擬利用者20,群馬県伊勢崎市八寸町5310-2,いいえ,いいえ,いいえ,36.33123,139.232895,GSI番地代表点
M2-021,模擬利用者21,群馬県伊勢崎市山王町1-63,はい,いいえ,いいえ,36.305248,139.185577,GSI番地代表点
M2-022,模擬利用者22,群馬県伊勢崎市稲荷町720-1,いいえ,いいえ,いいえ,36.329955,139.144666,ABR地番代表点
M2-023,模擬利用者23,群馬県伊勢崎市連取町490-31,いいえ,いいえ,いいえ,36.317431,139.173468,ABR地番代表点
M2-024,模擬利用者24,群馬県伊勢崎市波志江町4120番地8,はい,いいえ,いいえ,36.346021,139.198400,ABR地番代表点
M2-025,模擬利用者25,群馬県伊勢崎市田中島町1459-18,いいえ,いいえ,いいえ,36.317518,139.165096,ABR地番代表点
M2-026,模擬利用者26,群馬県伊勢崎市赤堀今井町1丁目253番地19,いいえ,いいえ,いいえ,36.376406,139.214499,ABR地番代表点
M2-027,模擬利用者27,群馬県伊勢崎市境保泉1219-2,はい,いいえ,いいえ,36.297974,139.221298,GSI番地代表点
