地域包括ケア患者メンテ<srvTiikiCareMnt> 登録患者一覧,,,,,,発行日：令和8年2月17日,,,,,,,,,,,,,,
,,患者ID,氏名,医師名,部屋,今回入院日,起算日,中止日,残日数,最終日,備考とSCU日数,今回退院日,入院経路,転出先,経過日数,実日数,生年月日,年齢,再入院,短期滞在手術等
,1,,,,602,R8.2.9,R8.2.17,,59日,R8.4.17,,,一般病棟(自院),,1日,9日,, 92歳,,
,2,,,,603,R8.1.13,R8.1.21,R8.2.18,,,,R8.2.18,一般病棟(自院),自宅,28日,37日,, 84歳,,
,3,,,,608,R8.2.8,R8.2.12,,54日,R8.4.12,,,一般病棟(自院),,6日,10日,, 79歳,,
,4,,,,608,R8.1.2,R8.1.2,R8.2.10,,,予定外,R8.2.10,自宅,自宅,40日,40日,, 87歳,,
,5,,,,602,R8.1.28,R8.1.28,R8.2.17,,,,R8.2.17,在宅系施設,在宅系施設,21日,21日,, 82歳,,
,6,,,,605,R8.2.2,R8.2.2,,44日,R8.4.2,予定外,,在宅系施設,,16日,16日,, 91歳,,
,7,,,,605,R8.1.20,R8.1.31,,42日,R8.3.31,,,一般病棟(自院),,18日,29日,, 81歳,,
,8,,,,607,R8.1.30,R8.1.30,R8.2.20,,,,R8.2.20,自宅,自宅,19日,22日,, 77歳,,
,9,,,,608,R8.1.21,R8.2.4,R8.2.12,,,,R8.2.12,一般病棟(自院),在宅系施設,9日,23日,, 77歳,,
,10,,,,606,R8.2.9,R8.2.9,,51日,R8.4.9,,,自宅,,9日,9日,, 96歳,,
,11,,,,602,R8.1.23,R8.2.4,,46日,R8.4.4,,,一般病棟(自院),,14日,26日,, 92歳,,
,12,,,,610,R8.2.5,R8.2.5,,47日,R8.4.5,,,一般病棟(自院以外の急性期病院),,13日,13日,, 82歳,,
,13,,,,610,R8.1.24,R8.1.24,R8.2.3,,,,R8.2.3,在宅系施設,在宅系施設,11日,11日,, 81歳,,
,14,,,,608,R8.1.29,R8.2.13,,55日,R8.4.13,,,一般病棟(自院),,5日,20日,, 84歳,,
,15,,,,606,R7.12.22,R8.1.1,R8.2.9,,,,R8.2.9,一般病棟(自院),在宅系施設,40日,50日,, 94歳,,
,16,,,,602,R8.2.2,R8.2.2,R8.2.4,,,予定外,R8.2.4,自宅,急性期病棟(自院以外),3日,3日,, 95歳,,
,17,,,,606,R8.2.10,R8.2.10,,52日,R8.4.10,,,自宅,,8日,8日,, 93歳,,
,18,,,,601,R8.1.26,R8.2.17,,59日,R8.4.17,,,一般病棟(自院),,1日,23日,, 74歳,,
,19,,,,610,R8.2.9,R8.2.9,,51日,R8.4.9,,,一般病棟(自院以外の急性期病院),,9日,9日,, 81歳,,
,20,,,,612,R7.12.11,R7.12.11,R8.2.5,,,,,一般病棟(自院以外の急性期病院),回復期病棟(5階・6階),57日,69日,, 82歳,,
,21,,,,607,R7.12.28,R8.1.19,,30日,R8.3.19,,,一般病棟(自院),,30日,52日,, 87歳,,
,22,,,,608,R8.1.18,R8.1.27,R8.2.3,,,,R8.2.3,一般病棟(自院),在宅系施設,8日,17日,, 92歳,,
,23,,,,601,R7.12.27,R8.1.30,R8.2.17,,,5Ｆより,R8.2.17,その他(救急・在宅支援病床加算対象外),療養病院,19日,53日,, 88歳,,
,24,,,,601,R8.1.16,R8.1.16,,27日,R8.3.16,,,一般病棟(自院以外の急性期病院),,33日,33日,, 83歳,,
,25,,,,603,R8.1.9,R8.1.30,,24日,R8.3.13,,,その他(救急・在宅支援病床加算対象外),,36日,40日,, 88歳,○,
