,,,,,,,出力日時,2026/2/17 18:46,出力端末名,,発行者,,,,,
,日付,2026/2/17,,,,,,,,,,,,,,
,表示条件,"1か月報告,病棟別",,,,,,,,,,,,,,
,,,,,,,,,,,,,,,,
,,,,,,,,,,,,,,,,
病棟,定床,当月(2月),,,当日,,,,,,,当月累計,,,,
,,"利用
病床数","病床
利用率","平均
入院日数","病床
利用率","在院
患者数",入院,退院,転入,転出,空床,"在院
患者数",入院,退院,転入,転出
,,,,,,,,,,,,,,,,
SCU病棟,9,8.9,98.70%,6.9,100.00%,9,0,0,0,0,0,151,20,2,3,19
３階病棟,36,31.2,86.80%,8.8,91.70%,33,4,1,1,4,3,531,41,32,22,26
４階病棟,45,43.8,97.30%,28.1,104.40%,47,3,0,0,0,0,744,27,24,2,0
５階病棟,50,49.1,98.10%,59.6,98.00%,49,1,2,1,1,1,834,5,11,10,2
６階病棟,49,46.8,95.40%,37,95.90%,47,0,3,3,0,2,795,10,19,12,2
ｱﾙﾎﾞｰｽ２F,54,53.4,98.90%,34.3,100.00%,54,2,2,0,0,0,908,27,24,1,1
ｱﾙﾎﾞｰｽ３F,36,35,97.20%,79.3,91.70%,33,0,0,0,0,3,595,5,8,1,1
ｱﾙﾎﾞｰｽﾕﾆｯﾄ,10,9.8,98.20%,41.8,100.00%,10,0,0,0,0,0,167,4,4,0,0
合計,289,277.9,96.20%,25.9,97.60%,282,10,8,5,5,9,4725,139,124,51,51
