,,,,,,,出力日時,2026/2/17 17:25,出力端末名,,発行者,,,,,
,日付,2025/11/30,,,,,,,,,,,,,,
,表示条件,"1か月報告,病棟別",,,,,,,,,,,,,,
,,,,,,,,,,,,,,,,
,,,,,,,,,,,,,,,,
病棟,定床,当月(11月),,,当日,,,,,,,当月累計,,,,
,,"利用
病床数","病床
利用率","平均
入院日数","病床
利用率","在院
患者数",入院,退院,転入,転出,空床,"在院
患者数",入院,退院,転入,転出
,,,,,,,,,,,,,,,,
SCU病棟,9,8.5,94.10%,11.3,66.70%,6,0,0,0,1,3,254,17,2,4,22
３階病棟,36,30.3,84.20%,8,72.20%,26,0,1,1,0,10,909,86,87,23,30
４階病棟,45,43.9,97.50%,24.6,97.80%,44,0,0,0,0,1,1316,53,54,0,0
５階病棟,50,47.4,94.90%,54.7,96.00%,48,0,0,0,0,2,1423,10,21,17,4
６階病棟,49,45.9,93.60%,45.1,87.80%,43,0,0,0,0,6,1376,16,31,13,1
ｱﾙﾎﾞｰｽ２F,54,50.5,93.50%,39.3,90.70%,49,1,0,0,0,5,1514,35,40,2,0
ｱﾙﾎﾞｰｽ３F,36,34.5,95.90%,45,94.40%,34,0,0,0,0,2,1036,24,20,0,2
ｱﾙﾎﾞｰｽﾕﾆｯﾄ,10,8.3,82.70%,41.3,90.00%,9,0,0,0,0,1,248,6,6,0,0
合計,289,269.2,93.10%,25.8,89.60%,259,1,1,1,1,30,8076,247,261,59,59
