No,利用者名,住所,X座標,Y座標,状態,照合住所,メモ
1,新井　基雄,群馬県伊勢崎市上諏訪町1625-1,236,247,表示,群馬県伊勢崎市上諏訪町1625,町域基準＋擬似オフセット 1625-1
2,五十嵐　和郎,群馬県伊勢崎市東上之宮町20,150,354,表示,群馬県伊勢崎市東上之宮町20,町域基準＋擬似オフセット 20
3,伊藤　恒夫,群馬県伊勢崎市東本町106－35,218,281,表示,群馬県伊勢崎市東本町106,町域基準＋擬似オフセット 106-35
4,荻原　加菜子,群馬県伊勢崎市田中島町493,163,299,表示,群馬県伊勢崎市田中島町493,町域基準＋擬似オフセット 493
5,小椋　正美,群馬県伊勢崎市昭和町1892番地6,209,231,表示,群馬県伊勢崎市昭和町1892,町域基準＋擬似オフセット 1892-6
6,小此木　智浩,群馬県伊勢崎市大正寺町80-2,187,384,表示,群馬県伊勢崎市大正寺町80,町域基準＋擬似オフセット 80-2
7,金井　豊,群馬県伊勢崎市下植木町562-3,225,270,表示,群馬県伊勢崎市下植木町562,町域基準＋擬似オフセット 562-3
8,河村　操,群馬県伊勢崎市緑町13-7,183,261,表示,群馬県伊勢崎市緑町13,町域基準＋擬似オフセット 13-7
9,菊川　美枝子,群馬県伊勢崎市今泉町2-938-13,3,0,表示,群馬県伊勢崎市今泉町2,町域基準＋擬似オフセット 2-938-13
10,ｸﾞｴﾝ･ﾁｰ・　ﾆｭﾝ,群馬県伊勢崎市羽黒町32県営住宅202,222,314,表示,群馬県伊勢崎市羽黒町32,町域基準＋擬似オフセット 32県営住宅202
11,NGUYEN　THI KIM HONG,群馬県伊勢崎市太田町1129　市営住宅1927,185,242,表示,群馬県伊勢崎市太田町1129,町域基準＋擬似オフセット 1129市営住宅1927
12,久保田　秀夫,群馬県伊勢崎市宮子町3471-3,110,269,表示,群馬県伊勢崎市宮子町3471,町域基準＋擬似オフセット 3471-3
13,小山　仁一郎,群馬県伊勢崎市昭和町3757,220,248,表示,群馬県伊勢崎市昭和町3757,町域基準＋擬似オフセット 3757
14,齋藤　節子,群馬県伊勢崎市宮前町226-4,212,256,表示,群馬県伊勢崎市宮前町226,町域基準＋擬似オフセット 226-4
15,櫻井　敬祐,群馬県伊勢崎市末広町2,182,235,表示,群馬県伊勢崎市末広町2,町域基準＋擬似オフセット 2
16,佐藤　安廣,群馬県伊勢崎市昭和町1858-19,219,252,表示,群馬県伊勢崎市昭和町1858,町域基準＋擬似オフセット 1858-19
17,塩谷　彦衛,群馬県伊勢崎市日乃出町430の7,229,292,表示,群馬県伊勢崎市日乃出町430,町域基準＋擬似オフセット 430の7
18,關川　浩,群馬県伊勢崎市新栄町2224-4,189,310,表示,群馬県伊勢崎市新栄町2224,町域基準＋擬似オフセット 2224-4
19,関口　守平,群馬県伊勢崎市今泉町二丁目940番地17,3,0,表示,群馬県伊勢崎市今泉町2,町域基準＋擬似オフセット 2-940-17
20,德江　たか子,群馬県伊勢崎市八寸町5310-2,259,217,表示,群馬県伊勢崎市八寸町5310,町域基準＋擬似オフセット 5310-2
21,等々力　克美,群馬県伊勢崎市山王町1-63,184,358,表示,群馬県伊勢崎市山王町1,町域基準＋擬似オフセット 1-63
22,根岸　ヨネ子,群馬県伊勢崎市稲荷町720-1,149,320,表示,群馬県伊勢崎市稲荷町720,町域基準＋擬似オフセット 720-1
23,原　久榮,群馬県伊勢崎市連取町490-31,149,302,表示,群馬県伊勢崎市連取町490,町域基準＋擬似オフセット 490-31
24,原嶋　キン,群馬県伊勢崎市波志江町4120番地8,166,190,表示,群馬県伊勢崎市波志江町4120,町域基準＋擬似オフセット 4120-8
25,星野　卓也,群馬県伊勢崎市田中島町1459-18,145,290,表示,群馬県伊勢崎市田中島町1459,町域基準＋擬似オフセット 1459-18
26,眞嶋　清子,群馬県伊勢崎市赤堀今井町1丁目253番地19,1,0,表示,群馬県伊勢崎市赤堀今井町1,町域基準＋擬似オフセット 1-253-19
27,森　泰江,群馬県伊勢崎市境保泉1219-2,297,343,表示,群馬県伊勢崎市境保泉1219,町域基準＋擬似オフセット 1219-2
