,,,,,,,出力日時,,出力端末名,,発行者,,,,,
,日付,,,,,,,,,,,,,,,
,表示条件,"1か月報告,病棟別",,,,,,,,,,,,,,
,,,,,,,,,,,,,,,,
,,,,,,,,,,,,,,,,
病棟,定床,当月(1月),,,当日,,,,,,,当月累計,,,,
,,"利用
病床数","病床
利用率","平均
入院日数","病床
利用率","在院
患者数",入院,退院,転入,転出,空床,"在院
患者数",入院,退院,転入,転出
,,,,,,,,,,,,,,,,
SCU病棟,9,8.5,94.40%,6.8,88.90%,8,1,1,0,0,1,255,30,5,4,28
３階病棟,36,32.1,89.20%,9.1,77.80%,28,1,3,0,0,8,963,85,70,28,48
４階病棟,45,43.2,96.00%,25.3,93.30%,42,1,1,0,1,3,1296,46,52,8,3
５階病棟,50,49.5,99.00%,47.2,94.00%,47,0,1,0,1,3,1485,9,28,19,3
６階病棟,49,46.8,95.50%,32.1,89.80%,44,1,2,1,0,5,1404,22,38,21,2
ｱﾙﾎﾞｰｽ２F,54,52.1,96.50%,45.8,100.00%,54,0,0,0,0,0,1563,34,30,1,0
ｱﾙﾎﾞｰｽ３F,36,35.4,98.30%,91.2,100.00%,36,0,0,0,0,0,1062,10,10,0,0
ｱﾙﾎﾞｰｽﾕﾆｯﾄ,10,9.8,98.00%,55.3,100.00%,10,0,0,0,0,0,294,5,4,0,0
合計,289,277.4,96.00%,26.1,93.80%,269,4,8,1,2,20,8322,241,237,81,84
